# x delta: MSVCR90 9.00.30729.9635 pow(x / 4294967295.0, 0.8) = model + delta ulp on AMD Ryzen 9 5900X 12-Core Processor (x87 fyl2x/f2xm1)
# exhaustive over 2^32: the C model of gen_pow.py vs the real DLL
9218 1
21543 1
25852 -1
32807 1
32972 1
40528 -1
41021 -1
42007 1
42034 -1
42845 1
44523 1
58768 1
65464 1
70237 1
91783 -1
94862 1
99115 1
112169 -1
161344 -1
168136 -1
183566 -1
192385 -1
198230 1
209182 1
217633 1
228298 -1
258095 1
265403 1
266836 -1
270784 -1
275431 1
280737 1
295059 -1
318532 -1
346612 -1
378172 1
382346 1
399305 -1
400125 -1
413387 -1
418364 1
435205 -1
436836 1
451756 1
525647 -1
557211 -1
561896 1
563703 1
573659 -1
575820 1
579690 1
598576 -1
630142 -1
639712 -1
655435 1
656581 1
675871 1
722999 -1
736535 1
737750 -1
779496 -1
884722 -1
892761 1
897352 -1
912211 1
919163 1
951438 1
993490 -1
1012410 1
1018620 1
1039163 -1
1089815 -1
1098693 -1
1123467 -1
1126334 -1
1142467 -1
1145010 -1
1145438 -1
1150180 1
1154086 -1
1194131 1
1208935 1
1239469 1
1247714 1
1259750 1
1306291 -1
1342821 1
1345088 -1
1350468 -1
1352394 -1
1352965 -1
1355484 1
1358642 1
1364926 -1
1369155 1
1398325 1
1400732 -1
1405638 -1
1407496 -1
1415666 1
1423309 1
1427832 1
1429371 1
1430539 -1
1438141 -1
1445993 -1
1447093 -1
1461832 -1
1464818 -1
1465876 -1
1492237 1
1499431 1
1500662 -1
1518635 1
1523560 -1
1526114 -1
1548998 1
1566474 -1
1584518 -1
1591741 -1
1605938 -1
1607185 -1
1608631 1
1633337 -1
1635045 1
1640238 -1
1643778 1
1663631 -1
1677294 -1
1683276 1
1686346 -1
1690644 -1
1692994 -1
1704587 -1
1725794 1
1736664 -1
1737503 1
1745807 1
1750228 -1
1752730 -1
1754245 -1
1803065 -1
1804430 -1
1821127 -1
1855143 -1
1856257 -1
1881816 -1
1882875 -1
1912430 -1
1942668 -1
1992058 1
2071380 -1
2110484 1
2125448 -1
2166263 -1
2224787 1
2233132 -1
2247584 1
2252452 1
2256243 1
2260963 1
2278401 1
2278971 -1
2290874 1
2303280 1
2308172 -1
2315442 -1
2357404 -1
2371331 1
2388262 1
2390354 1
2417870 1
2419029 -1
2426724 1
2476565 1
2519500 1
2540028 1
2555237 -1
2573071 1
2576532 1
2594607 1
2595920 1
2633428 1
2637994 -1
2649915 1
2654492 1
2681924 1
2689899 -1
2708251 -1
2710968 1
2718323 1
2800006 1
2823655 -1
2827141 1
2910922 1
2921631 -1
2934622 -1
2937056 -1
2938451 1
2951000 -1
2951521 1
2977757 -1
3035584 1
3036908 1
3039383 1
3044262 -1
3064152 1
3091333 1
3100754 -1
3114152 -1
3131139 1
3171680 1
3193078 1
3197877 1
3219029 1
3263053 1
3283437 1
3314989 -1
3335992 -1
3346912 1
3355675 1
3395628 -1
3410012 1
3425307 -1
3437108 -1
3437971 1
3460060 -1
3466288 -1
3510215 -1
3523473 1
3530333 1
3536545 1
3566550 -1
3567175 -1
3567433 -1
3606393 -1
3608249 -1
3634079 1
3635715 -1
3648844 1
3652993 -1
3695956 1
3721826 1
3725576 -1
3731889 -1
3739183 -1
3788325 -1
3791567 -1
3813054 1
3813356 1
3858488 -1
3868102 1
3875591 1
3895408 -1
3903762 -1
3907333 1
3914276 -1
3941532 1
3961514 -1
3965705 1
3987763 1
4006168 1
4008177 -1
4056199 -1
4060111 -1
4077142 1
4077635 1
4078652 -1
4116188 1
4152289 1
4155232 1
4167142 1
4176322 -1
4177063 -1
4189517 1
4193392 -1
4197784 1
4212267 1
4238105 1
4262538 -1
4271797 1
4278488 -1
4291839 -1
4326016 -1
4344597 1
4421296 -1
4431293 1
4435182 1
4438025 1
4446778 1
4450841 1
4456522 1
4476327 1
4503247 -1
4512107 -1
4525387 1
4546705 1
4551403 1
4561957 1
4568907 -1
4571552 1
4596188 1
4598780 1
4636532 1
4670740 -1
4733606 -1
4743229 1
4762593 -1
4766916 1
4773123 -1
4820664 1
4837836 -1
4887136 -1
4898196 1
4930890 1
4950611 -1
4963187 -1
4965463 1
4972317 1
4998972 -1
5018086 -1
5049094 1
5054300 -1
5112211 -1
5116589 -1
5141641 -1
5165528 -1
5210077 1
5214933 -1
5216077 1
5219798 1
5230186 1
5233275 -1
5234805 -1
5287084 1
5289389 1
5293219 -1
5326753 1
5339502 1
5340672 -1
5342582 1
5344931 1
5356222 1
5373664 1
5379391 -1
5383413 1
5401201 -1
5415972 1
5419837 -1
5480507 1
5499472 1
5519199 -1
5570805 1
5650105 1
5656201 -1
5671667 -1
5681131 1
5686155 1
5697833 -1
5700472 -1
5701318 -1
5730210 -1
5742743 1
5758016 1
5758845 1
5759325 -1
5770107 1
5798239 -1
5816140 -1
5837337 1
5840014 1
5859558 -1
5883080 -1
5883543 -1
5928057 1
5931890 1
5935482 -1
5953132 1
6007926 -1
6071152 1
6106004 -1
6109750 -1
6110550 -1
6124566 1
6221484 -1
6221496 -1
6258855 1
6311925 -1
6318573 1
6345098 1
6351598 1
6359668 -1
6360259 1
6360923 1
6373397 1
6373759 1
6375550 -1
6408742 1
6424186 -1
6449267 -1
6462566 -1
6464095 -1
6471276 -1
6510822 1
6535498 1
6539157 1
6547883 1
6573343 -1
6603457 1
6634251 1
6651107 1
6673593 1
6699606 -1
6699733 -1
6715697 1
6718587 1
6752903 -1
6754796 -1
6759799 1
6780809 1
6782691 -1
6797961 1
6838338 -1
6847594 1
6877587 -1
6902655 -1
6940517 1
6964998 1
6969510 1
6969603 1
6973876 1
7015496 -1
7024686 -1
7026671 -1
7031543 1
7032663 -1
7049312 1
7054160 1
7074740 -1
7084492 -1
7086250 -1
7090565 -1
7107640 1
7120954 -1
7146166 1
7153718 -1
7245225 1
7248145 1
7250786 1
7254893 -1
7258272 1
7262599 1
7287171 1
7288591 -1
7291645 -1
7292351 1
7295770 -1
7300796 -1
7302104 1
7302804 1
7312187 1
7315302 -1
7315766 -1
7359037 1
7364903 -1
7387312 1
7396815 1
7417143 1
7421266 -1
7422069 1
7430817 -1
7431303 -1
7461748 1
7470550 -1
7471845 1
7473896 1
7487205 1
7487936 1
7514460 1
7517117 -1
7523033 1
7527872 1
7546210 -1
7565881 -1
7589138 1
7592516 -1
7594776 -1
7597324 -1
7611833 1
7614020 -1
7620562 1
7623267 -1
7642945 1
7645183 -1
7647288 1
7678839 -1
7699734 -1
7713999 1
7727107 1
7731991 -1
7736850 -1
7751486 1
7804226 1
7819430 1
7821252 1
7829527 1
7849281 -1
7853076 1
7854877 -1
7861065 1
7875624 -1
7877562 1
7916866 1
7939617 -1
7947554 1
7964488 -1
7967814 -1
7983001 -1
7984171 1
7986634 1
7987297 -1
8001046 1
8003201 1
8061035 1
8065439 -1
8065612 -1
8066883 1
8079623 -1
8153885 1
8156744 -1
8163793 -1
8169320 -1
8176005 1
8195300 -1
8202653 -1
8202676 -1
8202880 -1
8218203 -1
8221191 1
8239700 -1
8250055 1
8253822 1
8254032 1
8263851 -1
8280741 -1
8286742 -1
8292346 -1
8300697 1
8305041 1
8324350 1
8340839 -1
8346685 -1
8349277 1
8376839 -1
8384017 1
8392371 1
8413479 1
8425798 -1
8437877 -1
8442149 1
8456873 -1
8458080 1
8459362 1
8461005 -1
8470948 -1
8474379 1
8474770 1
8488663 1
8497992 1
8521746 1
8535734 -1
8542014 1
8553602 -1
8561955 1
8571709 -1
8596159 1
8601929 1
8608270 1
8618453 -1
8619398 1
8640653 1
8658895 -1
8680897 1
8703550 1
8721996 -1
8723324 -1
8723574 -1
8745938 -1
8748093 -1
8758603 -1
8796003 1
8796769 1
8798808 1
8802158 1
8807167 -1
8807811 1
8812764 -1
8826530 1
8869944 -1
8898801 -1
8898886 -1
8904391 1
8916501 1
8947964 1
8959278 1
8963631 -1
8976710 1
8985008 1
9002331 1
9008717 -1
9019873 1
9040807 1
9043045 -1
9054920 -1
9066568 -1
9085347 -1
9110964 1
9128699 -1
9152389 1
9179692 1
9192376 1
9195386 1
9210897 1
9222262 -1
9223359 1
9263729 -1
9273064 1
9294100 -1
9302547 1
9306595 -1
9310873 1
9340451 -1
9354946 1
9372365 -1
9401022 1
9423588 -1
9425067 1
9429866 -1
9430288 -1
9431028 1
9446832 -1
9452640 -1
9469427 1
9482842 1
9499428 -1
9501951 -1
9512141 -1
9515340 1
9518960 -1
9526966 -1
9531955 -1
9534086 1
9540659 1
9545327 -1
9554581 1
9578228 -1
9580442 1
9585025 -1
9594964 -1
9603374 -1
9610297 -1
9610337 -1
9610978 -1
9618383 1
9625818 1
9640360 1
9673676 -1
9682671 -1
9686528 1
9695085 -1
9697303 1
9701337 -1
9703048 1
9755140 -1
9755444 1
9757220 1
9767230 -1
9770844 1
9778749 -1
9780651 -1
9787841 -1
9793338 -1
9794280 -1
9823315 1
9826903 -1
9835986 1
9838513 1
9843394 1
9851581 -1
9853137 1
9879327 -1
9905425 1
9909754 1
9914756 -1
9939608 1
9942209 1
9983653 1
9995989 -1
10026699 -1
10050561 1
10092977 1
10093434 1
10123868 -1
10141254 1
10144881 -1
10170834 1
10196958 1
10198586 -1
10226928 -1
10259173 1
10296475 -1
10344466 -1
10354960 1
10368913 -1
10370840 1
10382878 1
10410557 1
10456259 1
10494126 -1
10496659 1
10522942 -1
10528189 -1
10548755 1
10558005 -1
10617229 1
10617603 1
10667985 1
10680997 -1
10726448 1
10768583 -1
10780549 -1
10790933 -1
10830407 -1
10849002 -1
10905722 -1
10910473 1
10911218 1
10922415 -1
10931304 1
10960145 1
10973998 -1
10987775 -1
11026420 -1
11044631 1
11074087 1
11104446 1
11122900 -1
11155131 1
11164937 1
11196982 -1
11220060 1
11276391 1
11286241 -1
11338912 1
11359441 -1
11360496 1
11375636 -1
11395484 -1
11445846 1
11462122 1
11473436 1
11481727 -1
11505117 -1
11507443 1
11515237 1
11515607 1
11519604 -1
11566021 1
11571069 1
11571733 1
11585551 1
11594494 1
11610068 1
11629993 -1
11641131 1
11675644 -1
11700047 -1
11703585 -1
11740744 -1
11743032 -1
11750811 -1
11769685 1
11780509 -1
11804366 1
11831454 1
11833179 1
11848648 1
11864865 1
11876121 -1
11879001 -1
11885263 -1
11901218 1
11932316 -1
11949142 -1
11959593 -1
11960879 1
11962354 1
11965061 -1
12004324 -1
12005771 -1
12010457 1
12019476 1
12050563 -1
12082751 1
12088209 -1
12119755 -1
12133050 1
12133628 1
12144353 -1
12163517 -1
12170839 -1
12183714 1
12247419 1
12270475 -1
12293507 1
12315240 1
12320628 1
12351913 -1
12370362 -1
12375425 -1
12442992 -1
12446984 -1
12559974 1
12560259 -1
12580967 -1
12589457 -1
12597093 -1
12598812 -1
12622760 -1
12623850 -1
12626554 1
12665288 -1
12668533 1
12701096 -1
12737661 1
12745412 -1
12753642 -1
12756319 1
12805106 -1
12825782 1
12842171 1
12848372 -1
12848444 -1
12880433 1
12904894 1
12907279 -1
12910099 -1
12921461 1
12936591 -1
12937683 1
12940265 1
12947263 1
12951546 -1
12960116 -1
12973249 1
12989990 1
12991303 1
13046444 1
13062806 -1
13070996 1
13078314 1
13093808 -1
13112151 -1
13127406 -1
13154411 -1
13161311 1
13248359 1
13259331 -1
13280878 1
13301188 1
13304218 1
13307870 -1
13338915 1
13348527 1
13350090 -1
13364160 -1
13399466 -1
13413387 1
13431394 1
13457063 1
13480258 -1
13489883 -1
13509592 -1
13519598 1
13527718 -1
13543099 -1
13563779 -1
13573023 -1
13614724 1
13630251 -1
13634651 -1
13636111 -1
13643325 1
13644152 -1
13647343 -1
13659758 1
13662082 -1
13698224 1
13766555 -1
13795503 -1
13796893 -1
13816791 1
13822048 -1
13840275 1
13841044 -1
13841456 -1
13871772 1
13876938 -1
13881034 1
13911434 1
13918096 -1
13942688 -1
13943645 -1
13953429 1
13966103 1
13975017 1
13979955 -1
13984500 1
13985666 1
14003869 1
14005457 1
14013133 1
14017672 -1
14018754 -1
14044578 1
14061515 1
14062155 -1
14065326 -1
14073349 1
14083495 1
14091134 1
14119186 1
14140077 1
14156269 1
14175117 1
14179178 1
14181130 -1
14188579 -1
14199409 -1
14199659 1
14222789 -1
14227199 1
14229133 -1
14229469 -1
14240591 -1
14273318 1
14294008 1
14297812 -1
14299517 -1
14301909 1
14307436 -1
14319895 1
14339651 1
14373588 -1
14378659 1
14387620 1
14426147 -1
14437449 1
14464164 1
14465165 -1
14465289 -1
14493880 -1
14501572 1
14577182 -1
14590653 -1
14591540 -1
14602999 -1
14610230 -1
14623676 -1
14639996 -1
14650422 -1
14653005 1
14657229 1
14663027 1
14692163 -1
14694813 1
14709735 -1
14724490 -1
14737831 1
14738193 -1
14745682 1
14792692 1
14793630 1
14799645 -1
14803580 1
14811986 -1
14813643 1
14840935 -1
14844138 1
14868981 1
14912375 -1
14947921 -1
14974410 1
14989995 -1
15004773 1
15020397 1
15039454 1
15080100 -1
15097121 1
15148977 1
15178276 1
15211412 1
15223666 1
15238225 -1
15245039 -1
15261938 -1
15268828 -1
15273049 1
15290366 -1
15296836 -1
15306795 -1
15315584 1
15357678 -1
15366689 1
15376553 1
15394185 -1
15415445 -1
15436158 -1
15436898 -1
15446915 -1
15453465 -1
15454504 -1
15456570 -1
15470251 1
15484357 1
15495708 1
15498328 -1
15505703 1
15506154 1
15523629 1
15592480 -1
15597803 1
15616331 1
15620529 -1
15631603 -1
15642504 1
15656920 -1
15673016 -1
15697129 -1
15699486 -1
15700469 1
15703067 1
15709754 -1
15746150 1
15833732 1
15848735 -1
15858091 1
15869647 -1
15879234 -1
15910121 1
15924189 -1
15932869 -1
15936852 1
15945528 -1
15961336 -1
15968399 1
15968994 1
15973268 1
15979159 1
16002092 1
16002666 1
16006715 -1
16012120 1
16019525 -1
16027838 -1
16086939 -1
16090478 1
16112707 1
16122361 1
16126272 1
16151562 -1
16153897 1
16158231 1
16172130 -1
16204810 -1
16218351 -1
16218944 1
16229110 -1
16244857 1
16254278 1
16276651 -1
16283433 -1
16284685 -1
16292943 -1
16293933 1
16295052 -1
16295737 -1
16301464 -1
16331639 1
16339160 1
16349406 -1
16356283 1
16358802 1
16374015 1
16393133 -1
16454279 1
16471014 -1
16488101 -1
16508917 1
16509818 1
16513448 1
16533287 -1
16540461 1
16583121 -1
16599887 1
16601652 1
16615886 1
16636625 -1
16645930 1
16650390 -1
16653266 1
16655180 1
16662826 -1
16675162 1
16704796 1
16735370 1
16736772 -1
16742369 -1
16750618 1
16770972 1
16771401 1
16786487 1
16809984 -1
16827770 -1
16834287 1
16885562 1
16906138 1
16907391 -1
16954764 1
16955062 1
16964067 -1
16971699 1
16994699 1
17007357 1
17012723 1
17033165 -1
17050388 -1
17061118 -1
17102271 -1
17174124 1
17215926 1
17338104 1
17372959 1
17396333 1
17402779 1
17417088 1
17435179 -1
17441014 -1
17444381 1
17485927 1
17507697 -1
17562069 1
17597309 1
17620771 -1
17699410 1
17746822 1
17759737 1
17822858 -1
17842019 -1
17864094 -1
17867825 1
17947178 1
17987946 -1
18017446 -1
18047238 -1
18053129 -1
18079192 -1
18139705 -1
18148161 1
18216198 1
18216230 1
18218750 1
18239493 -1
18306357 -1
18344612 1
18374418 -1
18377287 1
18386306 -1
18393993 -1
18420812 1
18437347 -1
18492301 -1
18538930 1
18542710 1
18555086 1
18566748 1
18586193 -1
18626914 1
18665298 1
18709732 1
18711100 1
18724006 1
18733641 -1
18744367 1
18746719 -1
18763232 -1
18796604 -1
18831303 1
18851845 -1
18860588 -1
18949197 -1
19023767 1
19029307 1
19050633 -1
19060349 -1
19062902 -1
19132593 1
19137818 -1
19209223 -1
19210371 1
19273776 -1
19323082 -1
19380154 1
19448743 -1
19512551 1
19515003 1
19534729 -1
19546908 -1
19555979 -1
19597297 1
19610061 -1
19619324 1
19634923 -1
19650474 1
19652976 1
19672162 1
19683723 1
19703101 -1
19703297 1
19738041 1
19754641 -1
19769127 -1
19777641 1
19803709 1
19818675 1
19831538 1
19836677 -1
19873850 -1
19892718 1
19985303 -1
19999787 1
20020481 1
20040879 1
20083949 1
20094070 1
20114908 1
20147654 -1
20165578 -1
20199669 -1
20265349 1
20311042 -1
20360416 -1
20374247 -1
20374815 1
20396672 1
20467295 -1
20471556 1
20479058 1
20530167 -1
20539715 -1
20555756 1
20585259 1
20589391 -1
20665367 -1
20709782 1
20714298 -1
20728407 -1
20731740 1
20739017 1
20755640 -1
20756930 -1
20757832 1
20787162 1
20841628 -1
20845612 1
20849075 1
20849792 1
20879436 1
20884838 1
20918285 -1
20922189 -1
20964147 1
21000390 -1
21032495 -1
21057191 1
21102502 -1
21148892 1
21229693 1
21230970 1
21252764 1
21285407 1
21320867 1
21327296 1
21328945 1
21334452 1
21408285 1
21422241 1
21429563 1
21435433 -1
21451480 1
21470002 -1
21543051 -1
21572042 -1
21572085 1
21584403 1
21588952 1
21616947 -1
21672706 1
21672919 -1
21673901 -1
21675062 -1
21681756 -1
21705130 -1
21707912 1
21750962 1
21757773 1
21758565 1
21788236 1
21794609 1
21815254 1
21871673 1
21873984 -1
21941815 -1
21987695 1
21988372 1
22030256 -1
22079472 1
22085821 1
22089903 -1
22101673 1
22143851 -1
22152647 1
22158288 -1
22167399 1
22205429 1
22238092 1
22263736 -1
22264465 1
22270037 -1
22316205 -1
22334747 -1
22385095 1
22421299 -1
22436633 -1
22439058 1
22469211 1
22472634 1
22491208 1
22505754 -1
22551521 -1
22554391 1
22570386 -1
22572703 -1
22630229 1
22650910 -1
22675051 1
22690768 1
22735685 1
22737381 1
22743471 -1
22767466 1
22784479 1
22799419 1
22877424 1
22878594 1
22906777 1
22908431 1
22909170 1
22914220 1
22967258 -1
22974465 -1
23008829 1
23012798 -1
23102219 1
23104906 1
23113278 1
23124017 -1
23150020 1
23155737 1
23175064 1
23180586 1
23192463 -1
23201370 -1
23216162 -1
23269491 1
23289069 1
23313463 1
23393459 1
23404846 -1
23415725 1
23459286 1
23487291 1
23495165 1
23529189 1
23643943 -1
23692244 -1
23711435 1
23715400 -1
23777512 1
23798230 -1
23805290 -1
23861081 -1
23871184 -1
23973956 -1
24026427 1
24078624 1
24109818 -1
24198628 1
24220801 -1
24246192 1
24327117 -1
24364792 -1
24449780 -1
24462165 1
24463380 -1
24520836 1
24535447 1
24583439 -1
24643343 1
24760770 1
24816492 -1
24852242 -1
24921382 1
24936468 -1
24983850 -1
25011747 -1
25040832 1
25045311 -1
25096173 -1
25158627 1
25259190 -1
25292609 -1
25312429 1
25470943 -1
25485221 -1
25498310 1
25525486 -1
25603002 -1
25709701 1
25975583 -1
25980521 1
26043294 1
26137012 -1
26143364 1
26162941 -1
26210535 1
26218062 1
26253048 -1
26309445 1
26343278 1
26366631 -1
26475846 -1
26496029 1
26505310 1
26510343 -1
26525021 1
26532558 1
26581642 -1
26628868 -1
26672149 -1
26709833 -1
26723774 -1
26726658 -1
26819558 1
26857789 1
26913217 1
26922907 1
26924545 1
26957540 1
27016888 -1
27066567 1
27074105 -1
27248361 -1
27339988 -1
27346463 1
27350452 -1
27359697 -1
27434571 1
27471804 1
27508202 -1
27528919 1
27543454 -1
27549121 1
27567663 1
27637831 -1
27720746 -1
27781194 1
27802543 -1
27811823 -1
27834468 -1
27841541 1
27863928 -1
27882911 -1
27901029 -1
27922785 1
27928741 -1
27928927 -1
27943479 1
27962285 -1
28023095 -1
28048060 1
28062723 -1
28100226 -1
28104073 -1
28140484 1
28167165 -1
28178150 1
28201244 1
28281792 -1
28299990 -1
28395976 -1
28397631 -1
28401347 1
28433994 -1
28485213 1
28506581 1
28509914 1
28550187 -1
28572144 1
28647107 -1
28659285 1
28663515 -1
28742211 1
28900571 -1
28941539 1
28948499 -1
28980673 -1
29002818 -1
29023247 1
29033164 1
29040010 1
29071279 -1
29087354 -1
29101457 1
29104545 -1
29177372 1
29296672 1
29297546 -1
29461446 -1
29492463 -1
29512618 -1
29544640 -1
29616160 1
29628841 -1
29695627 1
29795623 -1
29818919 1
29877433 1
29880952 -1
29891252 -1
29906900 -1
29968150 1
29976502 -1
30003503 1
30013071 1
30016618 -1
30098828 -1
30140371 -1
30172229 1
30188791 -1
30201963 -1
30295708 1
30313310 -1
30374590 -1
30444869 1
30479367 1
30480172 1
30522059 1
30560096 -1
30565258 1
30694918 -1
30802805 1
30811103 -1
30829046 1
30830273 -1
30869217 1
30873796 -1
30884578 1
30930846 -1
30935992 -1
31140736 1
31143715 -1
31205825 1
31210287 1
31246104 1
31260759 -1
31320686 -1
31342355 1
31351239 1
31388469 -1
31419508 -1
31510248 1
31689566 1
31713063 1
31730196 -1
31766781 1
31770927 -1
31772157 -1
31854385 1
31871855 -1
31892384 -1
31896801 -1
31936684 1
31948872 -1
32056763 1
32092647 1
32114595 -1
32145114 1
32156598 -1
32179881 1
32197108 -1
32217106 -1
32252544 1
32294491 -1
32301517 -1
32366666 -1
32412244 -1
32414796 -1
32418580 1
32426602 -1
32436260 -1
32514150 -1
32530661 -1
32539881 1
32569744 -1
32576832 1
32584986 1
32600552 -1
32606937 1
32653255 -1
32659573 1
32683603 1
32738521 -1
32760891 1
32781540 1
32849924 1
32910958 -1
32916654 1
32935484 -1
32947202 1
33052998 -1
33173180 1
33182862 1
33217444 1
33233543 -1
33275911 -1
33280949 -1
33296113 1
33338436 -1
33344856 1
33366031 1
33385100 1
33396904 1
33427287 -1
33451136 -1
33479205 -1
33521709 1
33548995 1
33578825 1
33633678 -1
33657243 1
33668574 1
33761307 1
33928134 -1
33933611 1
33943398 1
33948001 -1
33964679 -1
33976985 -1
33986739 -1
34114804 1
34121289 1
34204542 -1
34278286 -1
34282189 1
34284052 -1
34315837 -1
34348248 1
34375617 1
34461377 -1
34481854 1
34534255 1
34544414 -1
34591991 -1
34636249 -1
34639920 1
34692733 -1
34705840 1
34709547 1
34711100 1
34748016 1
34751051 1
34772795 1
34792666 1
34794024 1
34802791 -1
34826926 -1
34850216 -1
34882028 -1
34933673 1
34953817 -1
34955797 -1
34957081 -1
34958762 1
34993777 1
35048122 -1
35051910 1
35062519 1
35072042 -1
35076339 1
35108414 -1
35194618 1
35225663 -1
35285102 -1
35310265 1
35334737 -1
35335214 -1
35337057 -1
35361499 -1
35380833 -1
35381688 -1
35507511 1
35519474 1
35549077 -1
35552000 -1
35552609 1
35554711 1
35653956 1
35703516 1
35755658 1
35765323 -1
35785713 1
35807985 1
36013241 -1
36038148 -1
36106258 -1
36169077 -1
36218577 -1
36230672 -1
36252819 1
36255945 -1
36279410 -1
36320721 1
36355021 -1
36371015 1
36378853 1
36406230 1
36407523 1
36478986 -1
36529539 1
36638952 -1
36678021 -1
36690985 1
36702943 -1
36711559 -1
36714842 -1
36775348 -1
36798385 -1
36839471 -1
36873493 1
36890867 1
36989224 -1
37043317 1
37049711 -1
37086969 1
37092803 1
37127118 -1
37175924 -1
37200382 -1
37253828 1
37267231 1
37278175 1
37284441 -1
37315911 -1
37361869 -1
37366865 -1
37470713 1
37490011 -1
37526464 -1
37535663 1
37540345 -1
37563439 1
37647419 1
37688965 -1
37697067 -1
37715687 1
37797753 -1
37834106 -1
37870767 1
37915118 1
38028715 -1
38036750 1
38120698 -1
38125804 -1
38222389 -1
38234751 -1
38262211 -1
38262251 -1
38278002 1
38286385 -1
38349533 -1
38377990 -1
38378914 -1
38407475 1
38439758 -1
38498978 1
38512604 1
38555776 -1
38592788 1
38602966 1
38615037 1
38633410 1
38643355 1
38656491 1
38668173 1
38668576 1
38719412 1
38792804 1
38837287 1
38840947 1
38843165 -1
38855988 1
38864525 1
38872908 1
38934360 -1
38934921 -1
38983066 1
38983471 1
38984835 1
38996777 1
39039909 1
39051085 1
39052939 1
39073273 -1
39076666 -1
39087253 -1
39089273 1
39113651 -1
39118947 1
39159240 1
39184072 1
39184357 -1
39196077 1
39206880 -1
39209560 -1
39308720 1
39324079 -1
39366384 1
39383476 1
39389840 -1
39412030 -1
39420825 1
39708297 -1
39726353 -1
39773177 1
39793263 -1
39806073 -1
39812682 1
39820168 1
39821385 -1
39837799 1
39875444 -1
39877312 1
39881156 1
39930150 -1
39971774 1
40016327 -1
40031331 1
40055420 1
40062909 1
40065777 1
40133195 -1
40156644 -1
40179953 1
40212788 -1
40214828 -1
40236076 1
40264247 1
40267289 -1
40304356 -1
40320731 -1
40336313 -1
40387751 -1
40413823 -1
40427623 -1
40438278 -1
40494517 1
40533312 1
40578361 -1
40618624 1
40641191 1
40650988 -1
40687869 -1
40714651 -1
40716262 1
40728124 -1
40747320 -1
40752007 1
40758063 -1
40763303 1
40781915 1
40797385 -1
40803293 -1
40846329 1
40879358 1
40898423 -1
40903361 1
40916195 1
40936776 -1
40941731 -1
40965900 1
41046265 1
41066199 -1
41153335 1
41254516 1
41288486 -1
41412706 -1
41419325 1
41423108 1
41456352 -1
41458082 -1
41491364 1
41525379 -1
41562644 1
41564452 -1
41628362 1
41680690 1
41716662 1
41772831 1
41783871 1
41787753 -1
41791674 -1
41803570 -1
41804386 -1
41841048 1
41841488 1
41841697 1
41867057 -1
41910534 1
41922733 -1
41923485 -1
41941745 1
41947670 1
41958456 -1
42009362 -1
42030281 -1
42072203 -1
42077172 -1
42106629 -1
42107878 -1
42134285 -1
42136549 -1
42162365 -1
42185973 1
42196869 1
42206311 -1
42267298 1
42358251 1
42380919 1
42391964 -1
42439883 1
42448140 -1
42506577 -1
42511862 1
42511874 1
42515668 1
42573917 -1
42586579 1
42659806 -1
42665041 -1
42713510 1
42772648 1
42791035 1
42797643 -1
42816524 1
42834380 -1
42837267 1
42848667 1
42910272 -1
42912318 -1
42917806 1
42948494 1
42964225 1
42988319 1
43212555 1
43218970 -1
43235232 -1
43250645 1
43292215 -1
43292939 -1
43317626 -1
43357947 1
43367852 1
43385327 1
43389704 1
43423016 -1
43497606 -1
43525562 -1
43526196 1
43557173 -1
43597850 -1
43606527 1
43608874 1
43614150 -1
43620525 1
43623531 1
43636596 1
43646855 1
43652387 1
43654272 -1
43656186 1
43662038 -1
43691841 1
43707631 1
43716332 -1
43729176 -1
43746009 -1
43778330 -1
43797697 1
43818774 -1
43857920 1
43860839 1
43917582 1
43918631 1
43950931 1
43961256 1
43984736 1
44016328 -1
44047174 -1
44088991 -1
44099830 1
44114845 -1
44123603 1
44192479 -1
44195704 -1
44246865 1
44296370 -1
44330480 -1
44331250 -1
44448515 -1
44481906 -1
44516678 1
44530698 1
44531633 1
44534309 1
44551882 1
44556187 -1
44567339 1
44574551 1
44583496 -1
44586351 -1
44623135 1
44637721 1
44656983 -1
44668331 -1
44755066 1
44763118 1
44841435 -1
44857805 -1
44904554 -1
44914711 -1
44937053 1
45044278 1
45079691 -1
45168595 -1
45182313 1
45206305 -1
45212656 1
45241690 -1
45241822 1
45251498 -1
45272025 -1
45306475 1
45353911 1
45391896 -1
45400062 1
45411583 1
45432772 -1
45446895 -1
45451057 -1
45456060 -1
45491055 1
45491352 1
45506193 1
45511286 -1
45522067 1
45524098 -1
45562381 -1
45613245 1
45622689 -1
45624613 -1
45658035 1
45703715 1
45721526 1
45729909 1
45743022 1
45763109 -1
45783481 1
45787554 1
45797609 1
45819562 -1
45832149 1
45901920 -1
45922367 1
45967821 1
45969478 1
45999987 1
46003756 -1
46029265 -1
46039534 1
46059275 -1
46093806 1
46138941 1
46155235 1
46156255 1
46185449 -1
46186779 1
46188465 1
46214860 -1
46342204 1
46352543 -1
46357798 1
46363939 -1
46371091 -1
46373927 1
46404540 -1
46423381 1
46447594 -1
46469101 1
46502872 1
46519155 -1
46522932 1
46549918 -1
46559274 -1
46581801 1
46593323 -1
46604455 -1
46659547 1
46722239 1
46769880 1
46774983 1
46776173 1
46785733 -1
46802712 1
46823790 -1
46825547 1
46846811 1
46899196 1
46909463 -1
46957999 1
46971207 -1
47010278 1
47068284 -1
47121355 1
47172563 -1
47213089 1
47225303 -1
47239048 -1
47281064 1
47297700 1
47333419 -1
47390758 1
47398475 1
47472766 1
47531048 -1
47531965 -1
47532458 -1
47535847 1
47540955 1
47564359 -1
47590848 -1
47629017 1
47631941 1
47644191 -1
47646167 -1
47659862 -1
47695456 1
47700577 -1
47712464 1
47742507 -1
47758449 -1
47843516 1
47855554 -1
47877769 1
47882686 -1
47968969 -1
47974834 1
47980914 -1
47984638 -1
47987021 1
48015335 -1
48019679 1
48050862 -1
48082938 -1
48083577 -1
48130675 -1
48133151 1
48247003 1
48250201 1
48261154 -1
48295329 -1
48309413 -1
48318265 1
48361799 1
48411801 1
48424328 -1
48427750 1
48440920 -1
48471182 -1
48473862 1
48565548 -1
48573173 -1
48591590 1
48628185 1
48633428 -1
48650795 -1
48661486 1
48707420 1
48722714 1
48724969 1
48730075 -1
48755988 1
48791170 -1
48819537 -1
48820339 -1
48869666 -1
48891127 1
48902253 -1
48908438 -1
48919574 -1
48951963 -1
48953841 -1
48998482 -1
49035037 -1
49044933 1
49071965 1
49084105 -1
49091896 1
49102593 -1
49145140 -1
49153136 -1
49171947 1
49191991 -1
49199486 -1
49219830 1
49242285 1
49317018 -1
49344964 1
49365250 -1
49419386 -1
49442431 -1
49443513 1
49472383 1
49551533 -1
49595439 -1
49670725 -1
49673792 1
49684926 1
49687258 -1
49703776 -1
49727249 -1
49768038 -1
49786174 -1
49829918 -1
49851427 -1
49858424 1
49951499 -1
49965507 1
49985656 -1
50028203 1
50040148 -1
50046132 1
50089518 -1
50119907 1
50129741 1
50132831 -1
50228172 -1
50317747 1
50320153 1
50331973 1
50390583 -1
50398695 -1
50410831 -1
50414784 -1
50428384 -1
50441691 -1
50459936 -1
50529257 -1
50533253 -1
50562350 1
50616705 1
50635168 1
50669824 -1
50689148 -1
50758797 -1
50780016 1
50787013 -1
50833280 -1
50915979 1
50918790 1
50953430 1
51004083 1
51032795 -1
51062739 -1
51090909 1
51136223 -1
51142502 1
51152800 -1
51244933 1
51245224 -1
51293701 -1
51294216 -1
51310189 -1
51325918 -1
51328933 -1
51355077 1
51394700 -1
51402593 1
51419402 1
51424006 1
51469844 1
51483994 -1
51500754 -1
51519307 -1
51521573 1
51534926 -1
51541309 1
51588517 -1
51590435 -1
51595954 1
51614957 1
51619444 1
51646104 -1
51678348 1
51712672 -1
51765576 1
51856761 1
51879688 1
51900438 -1
51911271 1
51916003 -1
51916471 -1
51941884 1
51951166 -1
51962711 1
51988583 -1
51994502 1
52001187 -1
52012715 1
52040010 1
52040387 1
52047974 1
52058754 -1
52073150 -1
52089685 1
52149885 -1
52154735 1
52198757 1
52200601 -1
52207879 1
52215245 -1
52231340 -1
52243693 1
52256444 -1
52278252 1
52283849 1
52286728 1
52296000 1
52342286 -1
52344396 -1
52350340 1
52436124 1
52500098 1
52501839 -1
52651482 1
52651690 1
52725302 1
52735425 -1
52757833 1
52782197 -1
52855779 1
52863482 1
52883845 1
52905169 1
52918536 1
53006993 1
53032164 1
53037345 -1
53083272 1
53087389 -1
53087587 -1
53169915 1
53186822 1
53204426 1
53241116 1
53259191 1
53262835 1
53298419 1
53340921 -1
53378730 -1
53387453 -1
53396933 -1
53398116 -1
53408448 1
53409878 1
53431360 -1
53465300 -1
53484396 -1
53513166 1
53520542 1
53526077 -1
53544988 -1
53548503 1
53558258 -1
53565762 1
53568423 1
53572927 -1
53617237 -1
53618135 -1
53631878 -1
53640707 1
53662967 -1
53677299 1
53690957 -1
53693111 1
53710815 -1
53711962 1
53764043 -1
53824652 1
53858737 1
53927113 -1
53928713 -1
53947486 -1
53970920 1
53995111 -1
54065972 1
54067783 1
54087082 1
54091762 -1
54126115 -1
54127983 -1
54129495 -1
54130691 1
54167033 -1
54188396 1
54196381 1
54205260 1
54241151 1
54250054 -1
54288284 -1
54290642 -1
54355969 1
54375041 1
54392025 1
54608931 -1
54655128 1
54665603 1
54689727 1
54713418 -1
54714557 1
54750750 -1
54761187 1
54814150 -1
54828072 1
54839349 -1
54868845 1
54891660 1
54906552 1
54930675 -1
54943602 1
54947414 1
54952907 -1
54954169 -1
54975433 -1
55000413 1
55011856 1
55093516 1
55101173 -1
55103548 1
55105823 -1
55132251 1
55150940 1
55158047 -1
55185217 1
55208584 1
55237599 -1
55243335 1
55264569 -1
55295271 -1
55329475 -1
55343367 -1
55356700 1
55364623 -1
55376922 1
55401899 -1
55460703 1
55475966 1
55483225 -1
55601602 1
55608316 -1
55637460 1
55639399 1
55712568 1
55748044 -1
55756374 -1
55770452 1
55786172 1
55790322 -1
55796378 1
55800017 -1
55840833 -1
55844920 1
55853736 -1
55901916 1
55924598 -1
55990961 -1
55991528 -1
55994224 1
56025230 1
56053323 1
56116757 -1
56164696 -1
56165656 1
56189742 1
56202440 -1
56226848 1
56250826 1
56260480 1
56263543 1
56278266 -1
56330071 -1
56331205 -1
56334188 -1
56386667 -1
56391636 -1
56416071 1
56425856 -1
56464462 -1
56628787 1
56721044 1
56756477 -1
56757584 1
56791132 -1
56792507 -1
56838344 1
56854594 1
56985491 -1
57029239 1
57078523 -1
57083177 -1
57086009 1
57095754 -1
57110650 1
57160542 -1
57196768 -1
57204339 1
57351670 -1
57353217 -1
57392734 -1
57474241 1
57551377 1
57552793 1
57608557 -1
57661999 -1
57855927 -1
57869201 1
57878062 -1
57900203 -1
58039329 1
58055444 -1
58115747 -1
58350102 -1
58369798 -1
58414472 1
58416668 1
58519196 1
58548563 -1
58578192 1
58588594 -1
58617765 1
58814894 1
58880801 1
58940058 -1
59006454 -1
59027423 -1
59028600 -1
59170215 1
59223321 -1
59262811 -1
59300746 1
59331442 1
59409200 -1
59483643 -1
59634586 1
59689492 -1
59731593 -1
59757627 1
59783711 1
59811600 -1
59813398 -1
59825660 -1
59894082 -1
59912409 -1
59954914 -1
60037432 1
60039132 1
60064882 -1
60103305 1
60109042 -1
60113810 -1
60114590 -1
60149397 -1
60232975 -1
60316028 -1
60449592 1
60473225 -1
60493238 1
60540987 1
60563191 -1
60656325 -1
60665022 -1
60707565 -1
60711217 -1
60739051 -1
60773019 -1
60776419 1
60796093 1
60893821 1
60973618 -1
61001574 1
61043170 1
61046420 1
61060170 -1
61060394 -1
61068354 1
61246199 -1
61268196 -1
61290411 1
61313054 1
61436080 1
61461485 1
61564507 1
61567114 -1
61626876 -1
61682140 -1
61821106 -1
61866311 1
61917867 1
61944453 -1
62007332 1
62033144 -1
62045321 1
62047426 1
62062585 1
62081953 1
62100500 -1
62124543 -1
62169175 1
62170623 1
62231446 1
62267296 1
62334883 -1
62446320 1
62458032 1
62468141 1
62474300 -1
62477927 1
62510213 1
62576128 1
62589196 -1
62667122 -1
62672231 -1
62801292 -1
62822925 1
62832888 -1
62908024 1
62936432 1
62972198 1
62981268 -1
63061868 1
63076590 -1
63150489 1
63154565 -1
63161503 1
63163957 1
63177086 -1
63222164 -1
63225243 -1
63250456 1
63273491 1
63296442 1
63312847 -1
63405067 1
63554129 1
63572141 1
63572691 1
63573345 1
63613711 -1
63636904 1
63700962 1
63704360 1
63727610 1
63737502 -1
63850985 -1
63875050 1
63875765 1
63887636 1
63898016 1
63907203 -1
63931230 -1
63943978 1
63950942 1
63982446 1
63998799 -1
64145307 -1
64173946 -1
64189663 -1
64196265 -1
64219917 -1
64278220 -1
64290324 1
64332774 1
64361804 -1
64414799 -1
64524896 -1
64529310 1
64558608 -1
64584678 -1
64603850 -1
64605072 -1
64628866 -1
64663831 1
64707518 1
64721305 -1
64728500 -1
64833495 1
64849787 -1
64860021 1
64860791 1
64886516 1
64923618 1
64943092 1
64987417 1
65005934 -1
65016622 1
65105320 1
65125741 -1
65130114 1
65138743 -1
65157131 1
65187045 1
65230450 1
65243759 -1
65296954 1
65361178 1
65365944 1
65381026 -1
65411373 1
65427920 1
65433012 1
65445589 -1
65552588 -1
65570427 -1
65604611 1
65605421 1
65621408 -1
65657572 -1
65718943 1
65765688 1
65789063 -1
65789309 -1
65789808 1
65833123 -1
65841775 1
65915548 -1
65936354 -1
65941453 1
65944718 1
65952971 1
65958374 -1
66011521 1
66083034 1
66105446 -1
66123996 -1
66143709 1
66255378 1
66261087 -1
66261630 -1
66276113 1
66291703 -1
66293640 -1
66299382 1
66309433 -1
66313081 -1
66334653 1
66337937 -1
66345742 1
66350788 -1
66482509 1
66520211 -1
66527161 1
66612079 1
66656587 1
66706492 1
66722084 -1
66733508 -1
66743626 -1
66772960 1
66774010 1
66832103 -1
66836593 -1
66845232 1
66858632 -1
66907009 1
66921252 -1
67020950 1
67025419 1
67040222 -1
67048736 -1
67056160 -1
67056889 1
67070257 1
67080615 -1
67132251 1
67200403 1
67274342 1
67330046 -1
67401672 -1
67412947 1
67423831 -1
67435080 1
67515024 -1
67570937 1
67575974 -1
67631156 -1
67680524 1
67696141 -1
67752782 -1
67759526 1
67767584 -1
67771420 1
67772404 1
67775022 -1
67791034 -1
67908078 -1
67916016 1
67921843 -1
67947231 -1
67959408 1
67964931 1
67965534 1
67982645 1
67982725 1
68116844 1
68117685 1
68145198 1
68233124 1
68314129 -1
68331304 -1
68484284 -1
68615985 1
68628589 -1
68654673 1
68691627 -1
68767897 1
68784658 -1
68791735 1
68818854 1
68837444 -1
68886788 1
68887126 1
68916509 1
68952845 1
68970335 -1
68986807 -1
69002917 1
69008503 1
69040958 -1
69041105 -1
69046132 1
69109834 -1
69122691 1
69136692 -1
69163922 1
69202460 -1
69210517 1
69217960 1
69265222 1
69313023 -1
69446614 1
69452240 1
69454797 1
69456386 -1
69464388 -1
69560078 -1
69595317 1
69627966 -1
69690554 -1
69778643 1
69796091 1
69856705 1
69860272 1
69927293 1
69942147 1
70053070 -1
70066761 -1
70090642 -1
70103820 1
70123521 1
70123665 -1
70134530 1
70144084 -1
70192616 -1
70249342 1
70280993 -1
70307964 -1
70376654 1
70429466 -1
70442095 1
70461073 1
70497889 -1
70583573 1
70625975 -1
70670428 -1
70695395 -1
70707914 1
70717544 -1
70787843 -1
70803715 -1
70824843 1
71015022 1
71031977 -1
71038948 1
71047839 -1
71048095 -1
71053109 1
71145886 -1
71172074 -1
71204445 1
71222461 1
71265965 -1
71343799 -1
71407032 1
71471300 1
71498668 1
71503298 1
71520017 1
71528945 1
71530646 -1
71552734 -1
71557217 -1
71568002 1
71585077 -1
71615970 1
71619182 1
71631897 1
71703051 -1
71764788 1
71788712 1
71811360 1
71823301 -1
71844961 1
71867729 1
71905007 -1
71907479 1
71972979 -1
71975306 -1
71984397 1
72024229 -1
72047184 1
72051591 1
72069784 -1
72150319 1
72180402 1
72206642 1
72219430 -1
72265169 -1
72292549 -1
72302880 1
72303600 1
72314739 -1
72323897 1
72330803 1
72379820 1
72385898 1
72436723 -1
72462799 -1
72511890 -1
72527569 -1
72592644 1
72639094 -1
72639499 1
72670776 -1
72710042 -1
72752413 -1
72820473 1
72895163 1
72900561 1
72916885 -1
73009281 -1
73019797 1
73019942 -1
73026133 -1
73039830 1
73143461 1
73158185 1
73184310 1
73226587 -1
73349629 -1
73376085 -1
73417049 -1
73484993 1
73506186 1
73556389 1
73556518 1
73560157 1
73571990 -1
73575972 -1
73596770 -1
73640265 -1
73668019 -1
73708517 1
73799511 -1
73804174 -1
73807154 1
73808015 1
73877160 -1
73925335 -1
73935966 -1
73981032 1
73994169 -1
73994697 1
74031140 -1
74031181 1
74155720 1
74170743 -1
74177351 -1
74233536 1
74263325 1
74325923 -1
74342189 1
74357459 1
74381228 -1
74407789 1
74430856 -1
74478123 -1
74535246 1
74543095 -1
74555278 -1
74556350 1
74571049 1
74588684 1
74602650 -1
74721656 1
74723738 -1
74726195 1
74737573 1
74758117 -1
74786203 1
74796451 1
74864019 1
74866842 1
74909491 -1
74934564 -1
74950068 -1
74993655 1
75014973 1
75030473 -1
75033097 -1
75082109 -1
75099013 1
75186416 -1
75209796 -1
75212394 -1
75300758 1
75327025 1
75369673 1
75405700 1
75414503 -1
75442352 -1
75486976 1
75545208 -1
75678625 1
75704058 1
75778471 -1
75780008 1
75830236 1
75860118 1
75876248 -1
75893121 -1
75929063 -1
75956664 -1
75968064 1
75977449 -1
75981330 -1
75982404 -1
76047851 1
76052549 -1
76093902 1
76151621 1
76173792 -1
76192571 1
76239251 -1
76241396 -1
76332077 -1
76402314 -1
76441583 -1
76469502 -1
76524422 -1
76531844 1
76544712 -1
76556004 1
76572770 -1
76625442 1
76672974 -1
76678978 -1
76684402 1
76701083 -1
76729146 -1
76746369 -1
76761418 1
76860362 -1
76863785 -1
76876654 -1
76916081 1
76928123 1
76942684 1
76945929 -1
76966295 -1
76967814 -1
77127503 1
77185576 1
77187744 -1
77204242 1
77214665 1
77239017 1
77251581 -1
77300090 -1
77301430 -1
77312982 1
77336346 1
77359945 1
77424491 1
77488296 1
77524031 1
77570827 1
77602279 -1
77623088 1
77650024 1
77729050 1
77740287 -1
77770206 -1
77784390 1
77792801 -1
77793655 1
77869842 -1
77872915 -1
77876483 -1
77894250 1
77909691 -1
77917389 1
77919761 1
77928825 -1
77936512 -1
77980107 -1
77994249 1
78009823 1
78022403 1
78077036 1
78102709 1
78116410 -1
78174506 -1
78227302 -1
78245735 1
78281717 1
78368714 -1
78468966 1
78498338 1
78533626 1
78575273 1
78608856 -1
78677087 -1
78687777 1
78695340 -1
78744263 -1
78791556 1
78810632 -1
78826987 -1
78873521 1
78891919 -1
78906357 1
78954721 -1
78973674 1
78999664 -1
79001414 1
79023458 -1
79047684 -1
79058823 1
79080067 1
79106940 -1
79108147 1
79197623 1
79224502 -1
79262980 -1
79294577 1
79319819 -1
79367625 1
79416594 -1
79456878 1
79486546 1
79531175 1
79625364 1
79626880 1
79645264 1
79694248 -1
79713005 -1
79743734 -1
79814294 1
79829385 -1
79865683 1
79877133 -1
80018035 -1
80043860 -1
80060804 1
80070635 -1
80097355 1
80140066 -1
80152552 -1
80238243 -1
80283631 -1
80291854 -1
80311302 -1
80319753 -1
80349868 1
80359906 1
80371280 -1
80375195 -1
80391897 -1
80428640 -1
80429656 -1
80451885 1
80528494 1
80643451 -1
80674182 -1
80678720 1
80715428 1
80757434 1
80840041 1
80888920 -1
80918944 -1
80989034 1
81002515 -1
81034034 1
81050104 -1
81066624 1
81118246 1
81140160 -1
81203516 -1
81237248 1
81282382 1
81301976 -1
81346908 1
81364556 1
81429017 -1
81432524 1
81459919 -1
81563830 1
81594280 1
81594770 -1
81652197 -1
81659001 -1
81686481 -1
81694033 1
81717182 -1
81727465 1
81734559 -1
81777342 1
81792290 -1
81792718 -1
81800766 -1
81806059 1
81844149 -1
81853141 -1
81862041 1
81877211 1
81942843 1
81970743 1
81986910 -1
82061932 1
82107040 -1
82146120 1
82224578 -1
82236471 1
82249317 1
82259351 -1
82259572 1
82277210 1
82297853 -1
82341229 1
82384657 -1
82389369 1
82422957 -1
82448141 1
82509032 1
82539549 -1
82545981 1
82569080 -1
82615870 1
82641453 1
82672245 1
82689816 -1
82700046 -1
82707039 1
82821115 1
82821362 1
82827240 -1
82860073 -1
82880962 -1
82902556 -1
82963824 1
82975604 1
82976709 1
83081084 -1
83128904 -1
83173537 1
83188764 1
83253098 -1
83311709 1
83313397 1
83336911 -1
83337852 1
83344979 1
83393512 -1
83395799 -1
83472049 -1
83502445 -1
83514743 1
83516768 1
83538219 1
83545662 1
83574934 1
83583348 -1
83588576 -1
83674097 1
83680021 1
83693702 1
83706472 -1
83737500 1
83820067 -1
83877331 1
83887883 -1
83932519 -1
83938271 1
84123990 1
84150029 -1
84154344 -1
84199493 1
84212688 1
84213258 -1
84217697 -1
84220133 1
84224473 1
84229039 1
84274573 -1
84283783 1
84325191 -1
84364724 1
84385066 -1
84393738 1
84421152 1
84453893 1
84483377 1
84567145 1
84569011 -1
84574195 1
84638422 -1
84666782 -1
84680584 1
84683810 1
84698268 -1
84719340 1
84736235 1
84758058 -1
84763743 1
84826134 1
84844924 -1
84855477 1
84876987 1
84881630 1
84926252 -1
85032451 1
85068076 -1
85114611 1
85195236 1
85228048 1
85260317 1
85272311 -1
85349186 -1
85366567 -1
85427020 1
85429801 1
85457023 1
85467821 -1
85474381 -1
85516044 1
85534475 -1
85537705 -1
85560195 1
85568384 -1
85582070 1
85622780 -1
85637973 -1
85665205 1
85697334 1
85709398 -1
85749282 -1
85768162 1
85778217 -1
85812543 1
85851106 1
85922944 1
85929659 1
85942771 -1
85974682 -1
85982792 1
86016813 1
86055830 1
86092018 1
86109052 -1
86128145 -1
86146662 -1
86152549 1
86180585 1
86208569 -1
86288350 -1
86317916 -1
86358506 1
86378423 -1
86412286 -1
86470464 -1
86495179 -1
86496976 -1
86498271 -1
86513264 -1
86540832 -1
86561619 -1
86581772 -1
86584430 -1
86585878 -1
86589097 1
86598668 1
86667687 -1
86748295 1
86783518 1
86794572 1
86797067 1
86801130 1
86831020 1
86841531 -1
86921984 1
86938719 -1
86977743 -1
87022394 1
87041157 -1
87155732 1
87178163 1
87183552 1
87184690 1
87228300 -1
87242383 -1
87247062 1
87273192 1
87278046 1
87308294 1
87312372 1
87324076 -1
87336045 1
87340090 -1
87432664 -1
87435957 -1
87467249 -1
87491639 -1
87492018 -1
87529465 -1
87552233 -1
87625144 1
87639310 1
87670224 1
87680666 1
87711360 1
87715840 1
87725979 1
87741417 1
87765817 1
87825129 -1
87861207 1
87868808 -1
87879212 -1
87943341 -1
87951325 1
87970248 -1
88006523 -1
88032656 -1
88036922 1
88038584 1
88063341 -1
88066823 1
88096483 1
88104205 1
88138328 -1
88148551 -1
88184570 -1
88218391 1
88225844 1
88242570 -1
88248517 1
88330385 -1
88335050 -1
88335281 1
88372611 1
88384958 -1
88395426 1
88423860 -1
88442706 1
88451484 -1
88488957 1
88549082 1
88592740 -1
88596201 -1
88610276 1
88636214 1
88652438 -1
88675911 1
88679295 -1
88709604 -1
88778359 -1
88926588 1
88928065 -1
88963812 -1
88987951 -1
89048036 1
89092205 -1
89104696 1
89105345 -1
89109047 -1
89134678 1
89144134 -1
89164475 1
89166992 -1
89200187 -1
89208870 1
89213884 -1
89275442 1
89336662 -1
89359320 1
89408811 -1
89412274 -1
89465654 1
89507039 -1
89510132 1
89522017 1
89603140 1
89626533 -1
89671502 -1
89710722 1
89715610 -1
89753249 1
89773438 1
89781670 -1
89826734 1
89828956 -1
89842847 1
89849646 1
89871895 -1
89918347 -1
89956767 1
90002101 1
90113386 -1
90143574 -1
90148451 1
90153049 1
90168477 -1
90168727 -1
90189080 1
90207581 -1
90227892 -1
90366177 1
90412610 -1
90481766 -1
90483644 1
90487416 1
90488396 1
90513225 -1
90524629 1
90540348 -1
90544401 -1
90552258 1
90572619 -1
90613657 1
90706162 1
90716702 1
90738409 1
90820648 -1
90821561 1
90955263 1
90957112 1
90993484 1
91010829 1
91012777 1
91033979 -1
91045809 1
91058729 -1
91070472 1
91073645 -1
91117838 1
91123389 -1
91162865 1
91170192 -1
91171050 1
91187863 -1
91190228 1
91254420 1
91288868 1
91303957 1
91322100 1
91341047 -1
91341237 -1
91346896 1
91376065 1
91387226 1
91395120 -1
91431306 1
91439401 1
91445299 1
91498572 -1
91515634 -1
91524479 -1
91543043 1
91560261 -1
91604791 1
91619253 -1
91625687 1
91651567 -1
91652266 -1
91655299 1
91660824 1
91689480 1
91691409 1
91700537 1
91712767 -1
91731333 1
91745266 -1
91752191 1
91807271 -1
91848377 1
91858076 -1
91860650 -1
91883898 1
91884838 1
91897224 -1
91925974 -1
91991684 -1
92023179 -1
92027477 1
92046513 -1
92047917 -1
92055540 -1
92060698 1
92113233 1
92115247 -1
92125191 1
92179634 -1
92220599 1
92244626 -1
92255932 -1
92265467 1
92292251 -1
92292424 -1
92322176 1
92330410 1
92348306 1
92402177 -1
92410455 1
92431352 -1
92460419 -1
92468406 1
92477336 1
92507963 -1
92508826 1
92521223 -1
92530275 1
92534519 1
92586499 -1
92593967 1
92598186 -1
92649462 1
92654217 1
92663743 1
92681503 -1
92714424 -1
92763246 -1
92766326 1
92799777 -1
92802388 -1
92805074 -1
92826458 1
92834100 -1
92904457 1
92916385 1
92964828 -1
92973470 1
93070270 -1
93083329 -1
93091062 -1
93143064 -1
93147310 1
93150193 -1
93179413 -1
93231788 -1
93251863 1
93308494 -1
93341922 -1
93464266 -1
93555354 -1
93564315 -1
93587015 1
93595337 -1
93634711 1
93716272 1
93752470 -1
93776163 -1
93871867 1
93883566 -1
93886823 1
93904339 -1
93961609 1
93970705 1
93971680 -1
93975490 -1
93978374 -1
93986268 1
94032535 -1
94032994 -1
94052566 1
94069478 1
94103143 -1
94144903 1
94172379 1
94178506 1
94236641 -1
94291136 1
94291165 -1
94315349 1
94319866 -1
94377808 1
94430309 1
94433034 1
94488918 -1
94522444 1
94526105 1
94526233 1
94553793 1
94554157 1
94659066 1
94678711 -1
94680710 -1
94696930 1
94698613 1
94722326 -1
94753163 1
94767240 1
94797440 -1
94814682 1
94834814 -1
94874083 -1
94877095 1
94922749 -1
94929186 -1
94932942 -1
94988326 1
94990587 1
95032534 -1
95040807 1
95045549 1
95058494 -1
95083067 -1
95085702 1
95095102 1
95108855 1
95142504 -1
95170674 1
95190122 -1
95201986 1
95226768 -1
95234476 1
95247031 -1
95300916 1
95401644 1
95417777 -1
95426844 1
95459533 1
95509573 -1
95536608 -1
95613301 -1
95615564 -1
95683969 1
95698503 -1
95700526 1
95734827 -1
95770152 -1
95779295 1
95827960 1
95839731 -1
95891010 1
95988000 -1
96003551 -1
96044227 1
96053631 -1
96060631 -1
96066958 -1
96070339 1
96097737 -1
96110073 1
96158664 1
96171367 1
96181342 1
96222800 1
96240359 1
96269192 1
96311550 1
96363393 1
96371035 -1
96457738 -1
96499699 1
96592320 1
96613063 -1
96670002 1
96737823 -1
96747080 -1
96831714 1
96858110 -1
96868994 -1
96892029 1
96905061 -1
96916723 -1
96921570 1
96943478 -1
96987146 1
96998288 1
96999005 -1
97002969 -1
97009283 -1
97048988 1
97085495 1
97099877 -1
97106441 1
97110336 -1
97131422 1
97138432 1
97191210 1
97227327 -1
97233924 -1
97281777 1
97290248 1
97312988 -1
97334064 -1
97492768 -1
97575679 1
97605627 -1
97615951 1
97621718 1
97651230 1
97739316 -1
97751637 1
97778739 1
97789414 -1
97825075 -1
97834380 1
97866146 -1
97902699 -1
97975373 1
97998626 1
98007903 1
98016538 1
98038634 -1
98090585 1
98093693 1
98112516 1
98171737 -1
98183335 -1
98195396 -1
98197900 -1
98215839 1
98270076 -1
98293868 -1
98299532 -1
98311457 1
98329317 -1
98374470 1
98383619 1
98388158 1
98390593 -1
98427721 1
98464796 -1
98474588 1
98632419 -1
98642126 1
98698467 -1
98712394 1
98731440 -1
98736582 -1
98786759 1
98799955 -1
98810308 1
98842715 1
98873174 -1
98876727 1
98889040 1
98913695 1
98961416 -1
98962706 1
98989294 -1
99046371 1
99073533 -1
99077565 -1
99097482 1
99109912 1
99123194 1
99169628 -1
99211042 1
99218088 1
99253204 1
99267715 -1
99315348 1
99363399 1
99395896 -1
99400067 -1
99415383 1
99417728 1
99473577 -1
99489086 1
99522058 1
99591030 1
99628585 -1
99695895 -1
99706639 -1
99775296 -1
99780151 -1
99781388 -1
99836818 -1
99843479 -1
99851267 1
99855713 1
99860011 -1
99903224 -1
99908136 -1
99978105 -1
99979058 -1
99986540 1
99996897 1
100034390 -1
100035725 1
100040800 -1
100050846 -1
100075192 1
100100267 1
100110540 -1
100111494 -1
100113943 -1
100114361 -1
100150038 -1
100152051 -1
100153502 1
100213364 -1
100287801 -1
100291567 1
100310645 1
100358853 1
100378882 -1
100388868 -1
100438344 -1
100458518 -1
100511268 1
100525869 1
100555708 -1
100587706 -1
100605627 1
100613493 -1
100620159 -1
100655774 -1
100659148 1
100687870 -1
100689638 -1
100695731 -1
100730861 -1
100744545 1
100769932 1
100775691 1
100814800 -1
100891559 -1
100953313 -1
100982990 -1
100985786 1
100994483 -1
100997449 -1
101004123 -1
101009683 1
101034622 -1
101038301 -1
101043722 1
101081637 1
101131353 -1
101146101 1
101166112 -1
101233914 -1
101235974 -1
101299995 1
101318862 1
101359634 1
101380206 -1
101392646 -1
101401492 1
101423581 1
101427904 1
101446995 -1
101481009 -1
101553180 1
101554780 1
101578422 1
101652345 -1
101699963 1
101718639 -1
101723154 -1
101765403 1
101830240 1
101841598 1
101850644 1
101859950 -1
101911679 1
101926879 -1
101933518 1
101978017 1
101979666 1
102074514 1
102098165 -1
102134049 -1
102145191 1
102162615 -1
102206814 -1
102241779 -1
102253705 -1
102308712 -1
102388940 1
102407259 -1
102469988 -1
102476969 1
102516206 -1
102547116 1
102589015 -1
102644991 -1
102669996 1
102677688 -1
102689487 -1
102712094 1
102730912 1
102798852 1
102819509 -1
102829773 -1
102855798 -1
102930265 -1
102943558 1
102954740 1
102992785 1
102994257 -1
102998076 -1
103005942 -1
103006058 -1
103074571 -1
103076109 -1
103076678 1
103076935 1
103108387 -1
103234732 -1
103262796 1
103289078 -1
103295079 -1
103318813 -1
103358577 1
103373101 1
103378809 -1
103383405 -1
103421255 -1
103529493 -1
103535042 1
103537313 1
103539176 1
103552202 1
103623657 -1
103646887 1
103681536 1
103683763 -1
103700955 -1
103754594 1
103764535 -1
103772263 -1
103795817 1
103796019 -1
103828367 1
103909872 -1
103969422 1
103974351 1
103974958 -1
104018378 -1
104023365 1
104071723 -1
104080321 -1
104092402 -1
104108912 1
104123916 1
104228465 -1
104415673 1
104492241 1
104516699 -1
104550599 -1
104585171 -1
104603654 1
104628090 1
104656785 -1
104666803 1
104704892 1
104709886 1
104864354 -1
104868617 -1
104897208 -1
104902012 -1
104939890 -1
104945138 1
104969408 1
104986508 1
104993256 1
105009205 -1
105059678 -1
105087912 1
105096012 1
105103026 -1
105103983 1
105114259 -1
105132953 -1
105159150 1
105175395 -1
105178903 -1
105189558 -1
105195247 1
105242117 1
105259474 -1
105262198 -1
105264805 1
105268607 1
105278756 1
105333793 1
105350644 -1
105364156 -1
105393893 -1
105435262 -1
105462280 -1
105482447 1
105482466 1
105511085 -1
105546491 -1
105579805 -1
105589040 1
105615753 -1
105626520 1
105626639 1
105627022 1
105638680 -1
105661994 -1
105667294 1
105688452 -1
105699204 1
105702032 1
105703175 -1
105720389 -1
105721342 -1
105751391 -1
105755866 -1
105801068 1
105816628 -1
105832895 -1
105893961 -1
105895786 -1
105896258 -1
105955556 1
106047769 -1
106092552 1
106122641 1
106140069 1
106154861 -1
106158018 1
106185860 -1
106187487 -1
106218825 -1
106248748 -1
106257623 -1
106259208 -1
106387777 1
106390486 -1
106405536 -1
106421984 1
106448189 1
106493806 1
106503382 1
106554038 1
106583263 -1
106588537 -1
106658416 -1
106695847 -1
106696115 -1
106725048 -1
106727105 -1
106730405 -1
106747649 1
106781382 1
106791530 -1
106803567 -1
106816200 1
106848944 1
106912274 -1
106913280 -1
106927787 -1
106979030 -1
106984353 -1
107044937 -1
107051723 -1
107055094 -1
107075087 1
107094026 -1
107096068 1
107127974 -1
107163368 -1
107181637 1
107248397 -1
107306948 -1
107336337 -1
107410942 -1
107453654 -1
107453735 1
107459553 1
107568779 1
107568845 1
107614512 1
107643738 1
107668939 1
107708523 -1
107733218 -1
107743159 -1
107770017 1
107771225 1
107904917 1
107931384 -1
107943202 -1
107971441 1
108081930 1
108135427 -1
108159067 1
108198968 1
108220317 -1
108242056 -1
108309715 -1
108310057 1
108322248 -1
108368446 -1
108425347 1
108452001 1
108472561 -1
108495627 1
108514706 -1
108546684 -1
108552561 -1
108552853 -1
108598491 1
108615093 -1
108642154 1
108659470 -1
108680388 1
108769871 -1
108788405 -1
108854989 1
108860562 1
108872835 -1
108881570 -1
108940344 1
108954728 -1
108961746 1
108975411 1
108980589 -1
108986752 -1
108989110 1
109005394 1
109106317 -1
109111407 1
109140233 -1
109176375 -1
109198026 1
109202962 -1
109211455 -1
109218166 1
109243265 -1
109252351 -1
109255755 1
109266640 1
109271929 1
109274994 -1
109301399 -1
109310327 1
109326194 -1
109335507 1
109363178 -1
109389965 -1
109405329 1
109508905 -1
109535358 1
109559251 1
109592881 1
109680197 1
109690661 -1
109708554 -1
109723522 -1
109757511 -1
109767574 -1
109775491 1
109798858 1
109858285 1
109865838 1
109879333 -1
109957900 -1
110051510 1
110059862 -1
110070505 -1
110070890 -1
110097656 -1
110112109 1
110127490 1
110167301 -1
110178073 -1
110181628 -1
110190948 1
110196484 1
110242204 -1
110279710 -1
110289450 -1
110318166 -1
110384138 1
110390959 -1
110405957 -1
110411016 -1
110437398 -1
110443555 -1
110446974 1
110456562 -1
110522239 1
110551324 -1
110556029 -1
110573719 1
110587779 1
110628440 -1
110652044 -1
110662083 -1
110679645 1
110723961 1
110738318 -1
110741332 1
110769276 -1
110769892 -1
110819543 1
110843332 -1
110851628 -1
110868154 -1
110882984 -1
110891048 -1
110894292 1
110918888 -1
110940673 1
110980604 1
111002166 -1
111007541 1
111047839 -1
111055427 1
111064624 1
111085052 1
111153869 -1
111157543 1
111162880 1
111199746 1
111209513 1
111213638 1
111272327 1
111281988 1
111317030 1
111321488 1
111338958 -1
111340719 -1
111348062 1
111406646 1
111421321 1
111450977 -1
111451838 -1
111462911 1
111555713 1
111561629 -1
111565231 -1
111588326 -1
111616482 1
111617748 1
111636390 -1
111684557 -1
111688631 1
111690849 1
111691140 1
111702885 1
111727939 1
111805031 1
111807434 1
111809000 1
111858622 -1
111863401 -1
111869716 1
111930352 1
111947497 -1
111949036 -1
111970943 -1
111993957 1
112067980 1
112109744 -1
112128287 1
112140546 -1
112148781 1
112153198 1
112182646 1
112188592 1
112196428 1
112209263 -1
112211739 -1
112255403 1
112255806 1
112291360 -1
112291942 1
112294599 1
112333373 1
112341222 -1
112385382 -1
112396557 -1
112397987 -1
112421236 1
112515525 -1
112531731 1
112535988 1
112553312 -1
112559250 1
112561936 1
112562295 1
112642267 1
112678605 1
112712600 1
112729820 1
112738671 -1
112756158 1
112776280 -1
112798329 -1
112899687 -1
112940162 1
112941281 1
113031361 1
113090178 -1
113127168 -1
113148800 -1
113163341 -1
113170556 1
113175093 1
113199960 -1
113201408 -1
113219129 1
113254542 1
113301058 -1
113313905 -1
113316345 -1
113322263 -1
113330638 1
113352348 -1
113420205 -1
113476059 1
113480211 1
113492451 1
113494790 1
113544990 -1
113565123 1
113581523 -1
113587390 -1
113605388 1
113650843 -1
113756617 -1
113828896 1
113844900 1
113871361 1
113892805 -1
113909192 1
113967896 -1
113973842 -1
113979942 1
113992880 -1
114017750 1
114039656 1
114058985 1
114082473 -1
114094357 1
114101514 1
114118907 1
114145598 -1
114184849 1
114205678 1
114244295 -1
114274115 -1
114277068 -1
114282494 -1
114320331 -1
114354217 -1
114355363 -1
114356407 -1
114388954 -1
114398585 -1
114420369 1
114471658 -1
114483962 1
114502037 1
114530212 1
114547469 -1
114553180 1
114558756 1
114592741 -1
114594240 -1
114633514 1
114640557 1
114649697 1
114667732 -1
114820037 -1
114876904 -1
114918382 1
114944704 -1
114950587 -1
114972565 -1
114974348 -1
115018213 -1
115031581 1
115059554 -1
115066857 1
115105098 1
115117481 1
115154061 1
115174297 -1
115186314 1
115187794 1
115240450 -1
115277990 1
115292745 -1
115309313 1
115334668 1
115335497 1
115345224 1
115388284 1
115395001 -1
115450916 -1
115470778 1
115505425 1
115508801 -1
115510090 1
115530943 1
115564126 -1
115598770 -1
115604566 -1
115608114 -1
115660602 1
115684303 -1
115686749 1
115687846 1
115707012 -1
115723670 -1
115734645 1
115777680 1
115780120 -1
115797288 -1
115823224 1
115830037 1
115835736 -1
115841040 -1
115851684 1
115859445 1
115870767 -1
115891206 1
115905709 -1
115927970 1
115934018 1
115980982 -1
116002188 1
116118888 1
116122622 1
116133635 1
116147107 -1
116164468 1
116181885 -1
116190145 -1
116202344 1
116237495 1
116263190 -1
116286159 -1
116289795 -1
116307013 -1
116307019 -1
116326494 1
116349485 -1
116358213 1
116372009 1
116387785 -1
116447835 1
116455465 1
116465691 -1
116476574 1
116489791 -1
116540926 -1
116544395 -1
116551679 1
116569216 -1
116617884 -1
116659274 -1
116665975 -1
116690568 1
116709635 1
116710445 1
116721695 1
116732703 -1
116736587 -1
116741803 -1
116770790 -1
116822280 -1
116863333 -1
116882418 1
116900198 -1
116902906 -1
116916831 1
116953404 1
116989522 1
116993527 1
117050791 -1
117059349 -1
117067070 1
117118877 1
117136223 -1
117223459 -1
117238482 -1
117243537 -1
117300483 -1
117310032 1
117339311 -1
117341225 -1
117356857 1
117400281 1
117412627 -1
117485856 -1
117586090 1
117603149 -1
117624966 1
117668740 1
117684118 1
117685864 1
117692040 -1
117692621 -1
117737841 -1
117742126 -1
117781826 -1
117802827 -1
117835504 1
117854956 -1
117906099 1
117921257 1
117923585 -1
117933992 -1
117939369 -1
117954193 1
118030853 1
118040928 -1
118067693 1
118099595 -1
118100452 1
118108629 1
118177363 -1
118200246 -1
118204721 -1
118224810 1
118303020 1
118305466 1
118309909 1
118345730 1
118360726 -1
118383584 1
118396507 1
118428833 1
118430229 1
118438126 -1
118452946 -1
118493933 -1
118503615 1
118510110 1
118583032 1
118588524 1
118593113 1
118658520 -1
118694119 -1
118710153 1
118723255 -1
118733268 1
118772319 -1
118774174 -1
118828263 1
118899992 -1
118916364 1
118932570 -1
118949681 1
118959579 1
119022376 -1
119025234 1
119044599 -1
119056761 -1
119184043 1
119186493 1
119190154 1
119254328 -1
119256043 1
119291099 -1
119314385 1
119319231 1
119322575 1
119336471 -1
119364743 1
119385367 -1
119415657 1
119421978 -1
119429894 1
119466825 1
119483153 -1
119499966 -1
119538985 -1
119591109 1
119618602 -1
119670583 1
119671260 1
119706784 -1
119728058 1
119762202 1
119774154 1
119798858 1
119805571 1
119837608 1
119845250 -1
119861853 -1
119892946 -1
119906142 -1
119991865 -1
119996861 1
120008526 1
120020768 -1
120034121 1
120061033 -1
120090087 -1
120098118 -1
120137919 -1
120146939 1
120166057 1
120192230 -1
120199348 1
120222440 -1
120230930 -1
120241031 1
120244788 1
120252074 -1
120279432 1
120287674 1
120318686 1
120320213 1
120329689 1
120340272 -1
120356746 -1
120402975 1
120407063 1
120411340 1
120423390 -1
120424318 -1
120478452 -1
120514799 -1
120515779 -1
120530091 1
120563930 1
120569801 1
120603271 -1
120607235 1
120612728 1
120632022 -1
120636460 -1
120640547 -1
120645183 -1
120658905 1
120698766 -1
120734582 1
120798284 -1
120819962 1
120829978 -1
120836458 -1
120843414 -1
120848029 -1
120856847 1
120893559 1
120912877 -1
120937201 1
120973013 1
121018203 1
121052665 -1
121060539 1
121064119 1
121106691 1
121120772 -1
121168075 -1
121209382 -1
121215526 -1
121241970 -1
121244694 -1
121259767 1
121270522 1
121307629 1
121315281 -1
121357698 1
121409034 -1
121411340 1
121458544 -1
121470486 1
121484846 -1
121494398 -1
121510332 1
121578993 -1
121646373 1
121668992 -1
121707707 -1
121710768 -1
121721340 1
121727667 1
121729911 -1
121748262 -1
121761262 1
121836315 1
121838042 1
121893729 1
121898040 1
121935825 1
121943161 -1
122027070 1
122093911 1
122120788 -1
122134811 1
122167550 1
122178458 1
122218374 1
122237271 1
122282854 -1
122298795 1
122354538 -1
122384825 1
122448070 -1
122456405 1
122476604 -1
122507570 -1
122521790 -1
122524541 -1
122536746 -1
122581774 1
122646231 -1
122662845 1
122677751 1
122683656 -1
122704688 1
122728741 -1
122741625 -1
122803395 1
122810383 -1
122836019 1
122846388 1
122857673 -1
122907106 -1
122937128 1
122961392 1
122967462 1
122994653 -1
123034283 -1
123040097 1
123058887 -1
123069954 -1
123072340 -1
123079905 1
123088915 1
123111808 1
123180738 1
123191852 -1
123194654 -1
123232747 1
123245465 1
123245631 1
123250197 1
123251270 1
123294547 1
123301969 1
123312715 -1
123333243 1
123360203 -1
123415812 1
123459058 1
123504620 1
123538667 1
123539272 1
123541979 1
123564276 -1
123570941 -1
123571504 -1
123578293 -1
123602075 -1
123620983 1
123660884 -1
123667235 1
123688129 -1
123711822 -1
123712894 1
123717135 1
123717790 1
123747876 1
123748867 1
123755253 1
123787607 -1
123793755 1
123803611 1
123831576 1
123909548 -1
123921964 1
123940167 -1
123942116 1
123962265 1
123991576 -1
124004718 1
124006181 1
124009141 1
124028732 -1
124041366 1
124082879 1
124084500 1
124094852 1
124096494 1
124137910 -1
124175528 1
124180938 -1
124192709 1
124192815 -1
124198569 -1
124210461 1
124215910 1
124228790 1
124274520 -1
124312896 1
124346340 -1
124354570 -1
124355133 1
124364981 -1
124384071 -1
124450249 -1
124460382 -1
124460923 1
124474901 1
124481430 1
124505055 1
124517347 -1
124551978 1
124589764 1
124601279 1
124606972 1
124617772 -1
124641129 1
124668235 -1
124697349 -1
124699206 1
124706311 -1
124712206 -1
124726661 1
124783001 -1
124787565 -1
124790019 -1
124825282 -1
124826790 -1
124842555 1
124861117 -1
124877317 -1
124883582 1
124886191 1
124893029 1
124927849 1
124971268 1
124972584 1
124996894 -1
125016113 1
125022493 1
125038418 -1
125047350 -1
125050437 -1
125073778 -1
125097312 1
125111616 1
125175300 -1
125183456 1
125201347 -1
125221393 1
125251344 -1
125260239 -1
125262544 -1
125265632 1
125277008 1
125296078 -1
125297958 -1
125301293 -1
125308665 1
125311930 1
125344462 -1
125347322 -1
125375270 -1
125410391 -1
125426267 1
125443595 1
125476564 1
125490377 1
125562381 1
125650924 1
125690650 1
125733544 1
125739132 1
125745923 1
125754840 -1
125759047 -1
125795336 1
125822070 1
125828212 1
125838552 1
125865032 1
125874095 -1
125899948 -1
125909194 1
125929480 -1
125934094 -1
125938517 -1
125950610 -1
125950699 1
125973632 -1
126021287 -1
126064733 -1
126103537 -1
126122714 1
126153329 -1
126249330 1
126254347 1
126271265 -1
126303184 1
126317011 -1
126317532 -1
126320744 -1
126339847 1
126385245 1
126411689 -1
126421537 1
126425599 1
126469957 1
126491346 -1
126499825 1
126500390 1
126531385 -1
126536570 -1
126537181 -1
126551359 1
126566536 1
126587205 1
126596958 1
126622667 -1
126623102 -1
126639825 1
126660546 -1
126669321 -1
126680771 1
126686107 1
126720260 1
126732243 -1
126791218 -1
126791290 -1
126819096 -1
126825152 1
126835565 -1
126846142 1
126891225 1
126921732 -1
126939041 -1
126969302 -1
126983488 1
126989852 -1
127020486 1
127061808 1
127074927 -1
127096416 -1
127124166 -1
127142652 -1
127153195 1
127164221 1
127178860 -1
127224190 -1
127264327 -1
127327466 1
127341724 1
127373726 -1
127384671 1
127435320 -1
127440064 1
127445895 1
127561683 -1
127567553 -1
127578123 1
127596674 -1
127602227 1
127620987 1
127650865 -1
127660234 -1
127707848 1
127708982 1
127752046 1
127752812 -1
127788600 -1
127790138 1
127850738 1
127863527 -1
127874180 -1
127877990 1
127898956 -1
127925916 1
127935027 1
127939967 1
127997615 -1
128011498 1
128046779 -1
128064212 1
128080433 -1
128083055 1
128174010 -1
128190548 1
128212382 -1
128289721 -1
128317499 1
128331178 -1
128335728 1
128353925 1
128383618 -1
128397304 1
128452594 1
128479990 -1
128489417 1
128503253 -1
128525062 -1
128535823 1
128543703 -1
128575833 1
128578994 1
128618566 1
128626802 1
128676107 1
128676722 1
128676969 -1
128701513 1
128702715 1
128778760 -1
128782404 -1
128792488 1
128873437 -1
128873679 -1
128883254 -1
128908049 -1
128913950 -1
128923069 1
128925938 1
128946363 -1
128998764 -1
129011013 1
129021013 1
129079842 1
129113102 -1
129229155 1
129238840 1
129269221 1
129343227 -1
129353364 -1
129356646 1
129386385 -1
129387024 -1
129387050 -1
129415384 1
129421906 1
129442122 -1
129450609 1
129459727 1
129480753 -1
129493175 1
129520243 -1
129534791 1
129572073 -1
129611244 -1
129624032 1
129625799 1
129632058 -1
129717324 1
129725436 1
129729435 -1
129739270 -1
129797896 1
129860858 -1
129880729 -1
129914963 -1
129923101 -1
129946391 1
129981589 1
130011019 -1
130048561 -1
130053447 -1
130137253 -1
130169718 -1
130188224 -1
130238994 1
130271739 -1
130280878 1
130287884 1
130307406 -1
130333023 1
130345834 -1
130362974 -1
130365159 -1
130426802 1
130458294 1
130464423 1
130466577 1
130481227 -1
130492852 -1
130493652 -1
130526763 -1
130528570 -1
130530250 -1
130532331 -1
130539203 -1
130550964 1
130621129 -1
130694463 1
130707126 1
130776345 -1
130800122 -1
130853901 1
130854079 1
130901880 1
130902607 1
130902798 -1
130948316 1
130958705 1
130961156 1
131018295 -1
131107610 -1
131119377 -1
131161823 -1
131170346 1
131222964 1
131230444 -1
131253203 1
131274640 1
131281720 1
131292973 -1
131332111 -1
131341760 1
131345288 1
131392115 1
131405538 -1
131459259 -1
131461305 -1
131468280 -1
131472608 -1
131476065 1
131484646 1
131525152 1
131557839 -1
131558096 -1
131564192 1
131587855 -1
131669686 1
131678477 1
131730633 -1
131754075 1
131768160 1
131775222 -1
131825751 -1
131857435 -1
131882353 1
131918130 -1
131953545 -1
131969220 1
131999163 -1
132016362 1
132047039 -1
132048476 -1
132071697 1
132089648 1
132105380 1
132115509 1
132125309 1
132169955 -1
132215535 1
132242418 1
132273765 -1
132311925 -1
132323187 -1
132353710 1
132354518 -1
132402608 -1
132412289 -1
132508479 1
132514904 1
132529739 -1
132539446 -1
132546068 -1
132582290 -1
132610606 -1
132623479 1
132637799 1
132652525 1
132716300 -1
132737368 1
132778559 1
132795695 -1
132815394 -1
132832596 1
132902626 -1
132921927 1
132949934 -1
132956438 1
132966515 -1
133027594 -1
133047136 1
133049593 1
133087402 1
133089349 1
133090520 1
133100671 1
133113921 -1
133138746 1
133161594 -1
133204768 1
133226672 1
133273241 1
133316767 1
133359609 1
133373682 -1
133386220 1
133402603 1
133407332 1
133424535 -1
133456087 1
133467710 1
133488380 -1
133493712 1
133495748 1
133536321 -1
133566193 1
133613119 -1
133625954 -1
133642673 1
133669225 -1
133691603 1
133742419 1
133770608 1
133785914 -1
133796694 -1
133799905 -1
133802774 -1
133805445 -1
133809806 1
133830218 -1
133850284 -1
133879220 -1
133897853 -1
133948610 1
133950281 1
133956320 1
133961636 1
133977314 1
133988985 -1
133997138 1
134019626 -1
134029018 -1
134111591 1
134146793 -1
134200905 -1
134322497 1
134341975 -1
134449538 1
134481422 -1
134513374 1
134534085 -1
134724686 1
134730996 1
134745239 -1
134802867 -1
134839883 -1
134858328 1
134874717 1
134902488 1
134915202 1
134937014 -1
134964810 1
135128808 -1
135157316 -1
135176193 1
135283735 -1
135290612 -1
135293443 -1
135302459 -1
135326389 1
135373849 1
135389099 -1
135439233 -1
135459157 1
135470298 -1
135474368 -1
135496073 1
135529530 -1
135538405 -1
135538760 -1
135601500 -1
135696816 1
135717036 -1
135761478 -1
135823523 1
135858672 -1
135882213 -1
135883698 1
135958181 1
135963488 1
136115667 1
136140355 1
136158091 -1
136225495 -1
136256154 1
136306243 -1
136324542 1
136364695 -1
136365225 -1
136520303 1
136527551 1
136591704 -1
136606873 1
136758199 1
136834967 1
136882572 1
136925747 1
136928028 1
136959415 -1
136968937 -1
137030078 1
137054935 -1
137069615 1
137134365 -1
137256281 1
137260708 1
137264418 1
137293923 -1
137304284 1
137306925 1
137331368 -1
137334098 1
137411286 -1
137470130 -1
137478766 -1
137520407 -1
137554749 1
137585865 1
137605716 1
137612517 -1
137623091 1
137629800 1
137634588 1
137643193 -1
137666702 -1
137701715 -1
137705841 1
137719039 1
137744790 -1
137854064 -1
137926838 1
137981320 -1
137982231 -1
138103149 1
138130787 -1
138195435 -1
138210457 1
138225223 -1
138251056 1
138253062 -1
138255285 -1
138280845 1
138293824 1
138330399 1
138331438 1
138356012 1
138363071 -1
138408117 -1
138412598 -1
138543358 1
138649805 -1
138661097 1
138733288 1
138737138 -1
138763802 -1
138794928 1
138824822 -1
139047971 -1
139078843 1
139123808 1
139155793 -1
139197524 -1
139210597 -1
139243060 1
139247428 -1
139295211 -1
139332224 -1
139364871 -1
139396932 -1
139450799 1
139459397 1
139592129 1
139650913 1
139681125 -1
139723711 1
139768197 -1
139795451 1
139909580 -1
139980079 1
140056166 -1
140056457 -1
140087185 1
140154194 -1
140246604 -1
140289544 -1
140413112 1
140426983 -1
140446299 1
140500553 1
140501355 1
140571523 -1
140583129 -1
140650773 1
140660238 -1
140683785 1
140719365 -1
140827174 1
140909279 1
140918556 -1
140944214 -1
140966886 -1
140993494 -1
141058508 -1
141068518 1
141107232 -1
141144182 -1
141146109 -1
141161004 1
141162489 1
141162873 1
141181381 -1
141275237 -1
141315422 1
141344125 -1
141352109 1
141406188 1
141409364 1
141448146 1
141451741 1
141468464 1
141500339 1
141509532 1
141532998 -1
141542332 -1
141546695 1
141634877 -1
141666562 -1
141672950 -1
141777980 -1
141816391 -1
141837104 1
141936418 1
141954977 -1
141960802 -1
141986833 1
142060819 -1
142122304 1
142179089 1
142179760 1
142217531 1
142217708 1
142230888 1
142413705 1
142421152 1
142458490 1
142593767 -1
142611749 1
142694609 -1
142751739 1
142764984 1
142854787 1
142897307 1
142937852 -1
142943731 1
142951524 1
142981029 -1
143041692 1
143051379 1
143401411 -1
143489112 1
143493185 -1
143505520 -1
143578459 1
143606937 -1
143703161 -1
143726582 1
143737694 -1
143781247 -1
143784168 1
143925701 1
143945902 -1
144007836 1
144024732 1
144080510 1
144187122 -1
144219216 1
144245537 -1
144477865 -1
144509818 1
144600147 1
144621494 1
144663082 -1
144669618 -1
144712975 1
144739692 -1
144753780 1
144831035 -1
144840130 1
144876682 -1
144934513 -1
144949615 1
144990392 1
145024068 -1
145060968 1
145136006 1
145159065 1
145164600 -1
145182811 1
145237530 1
145252896 -1
145333556 1
145354096 -1
145383348 1
145448138 1
145462033 -1
145533480 1
145588027 1
145600648 1
145606648 -1
145622212 -1
145716486 -1
145816757 -1
145877390 1
145898524 1
145923102 1
145947446 -1
146011164 -1
146019530 1
146050313 -1
146079915 -1
146118538 1
146122101 1
146126598 1
146218057 1
146225886 1
146230039 -1
146333737 1
146365008 -1
146413096 -1
146430523 1
146499807 -1
146523481 1
146551491 -1
146554626 -1
146604385 -1
146614358 1
146618041 1
146671523 1
146673637 1
146763031 1
146853942 -1
146882842 1
146908520 -1
146909066 -1
146930601 1
146952259 -1
146972971 -1
146980458 1
147042933 -1
147093858 -1
147152983 -1
147204298 -1
147243750 -1
147293910 -1
147341569 1
147356641 -1
147403033 -1
147468596 1
147482525 1
147486798 1
147489143 -1
147496172 -1
147501477 -1
147557637 -1
147641543 -1
147653905 -1
147655638 -1
147708750 -1
147730411 1
147758350 -1
147779645 1
147795320 1
147807973 -1
147859021 -1
147880394 1
147880411 1
148151136 -1
148177546 1
148177726 1
148185924 -1
148217012 1
148256156 -1
148268288 1
148285215 1
148413838 1
148443622 -1
148467578 1
148491557 -1
148567885 1
148570487 1
148611643 -1
148686370 1
148735353 1
148772332 1
148869975 1
148888120 1
148897225 -1
149017029 1
149069154 1
149077056 1
149125718 1
149170679 1
149215398 -1
149215916 -1
149324379 1
149344342 1
149356225 -1
149369320 1
149381397 1
149561434 -1
149569982 -1
149656696 -1
149661176 -1
149670124 -1
149688186 1
149690453 1
149694118 1
149753940 -1
149807376 -1
149813762 -1
149865534 -1
149867116 -1
149928209 1
149994652 1
150027361 1
150032909 1
150058837 -1
150065613 -1
150081379 1
150193713 1
150227206 -1
150338186 1
150393329 1
150435218 1
150487469 1
150544249 1
150629978 -1
150663052 -1
150682553 -1
150694066 1
150699845 1
150752375 1
150784020 -1
150855057 1
150855077 1
150876425 -1
150896135 1
150899743 1
150907187 1
150951873 1
150997484 1
151007751 1
151055042 1
151089893 -1
151269490 1
151278154 1
151323041 1
151337795 -1
151345989 -1
151361921 1
151392542 -1
151449700 -1
151488651 -1
151504394 -1
151600115 -1
151600488 -1
151663232 1
151690851 1
151770788 1
151822090 -1
151841509 -1
151852008 -1
151852499 -1
151856154 -1
151981717 1
152008769 -1
152027637 1
152056232 1
152070521 -1
152131793 1
152164885 -1
152278381 1
152310855 -1
152337813 1
152419634 -1
152595553 1
152635943 -1
152653805 1
152661637 1
152743038 1
152801929 1
152824506 -1
152895479 -1
152901242 1
153189363 -1
153193602 -1
153210873 1
153234485 1
153234486 -1
153259200 -1
153295365 -1
153363164 -1
153414650 -1
153416916 1
153443289 1
153497242 -1
153514793 -1
153515031 -1
153543911 1
153548075 -1
153583824 1
153611913 -1
153713038 -1
153714262 -1
153725081 -1
153734481 -1
153752073 1
153831928 1
153857602 -1
153908495 -1
153965196 -1
153975551 -1
154077790 -1
154083170 -1
154100932 1
154109626 1
154157388 -1
154162719 1
154199347 1
154211185 -1
154247346 -1
154394842 -1
154453058 -1
154482159 -1
154512474 1
154560625 -1
154574288 1
154665139 -1
154680009 1
154686704 -1
154702575 -1
154721356 1
154781069 1
154813102 -1
154908405 1
154918367 -1
154980749 -1
155074608 -1
155091676 -1
155096236 1
155101289 1
155119556 -1
155128812 -1
155130329 -1
155135108 -1
155145622 1
155172805 -1
155188674 -1
155244669 1
155246363 1
155261864 1
155321294 1
155326298 -1
155396405 -1
155438797 -1
155457275 1
155460998 1
155564768 1
155615235 1
155645032 -1
155670553 1
155681567 1
155758864 -1
155768609 -1
155774423 1
155777934 1
155820230 -1
155825748 1
156003259 1
156065138 -1
156074395 -1
156186856 -1
156203116 1
156204129 1
156220995 1
156228378 -1
156241778 -1
156246818 1
156257260 1
156259347 1
156271209 -1
156281016 1
156292544 -1
156311779 1
156328002 1
156362142 1
156432017 -1
156439888 1
156452142 -1
156457193 1
156491639 -1
156514516 1
156561253 -1
156612277 -1
156619636 1
156678795 1
156802823 1
156806162 1
156870389 -1
156886330 1
156886893 1
156931107 -1
157049283 1
157102199 1
157310694 1
157362240 1
157445524 -1
157453793 -1
157491353 1
157499967 -1
157536797 1
157537162 1
157558572 -1
157571103 -1
157584303 1
157620345 -1
157623971 -1
157664518 -1
157674335 -1
157763831 1
157790153 1
157834671 -1
157869556 -1
157957704 1
158040671 1
158143541 -1
158156444 -1
158176064 1
158196937 1
158279267 1
158335819 1
158373250 -1
158383911 1
158444743 1
158500872 1
158524051 -1
158558186 -1
158592876 1
158603477 1
158648716 1
158663105 1
158737418 1
158783325 1
158818026 -1
158841355 -1
158842109 1
158854700 1
158869471 1
158890991 -1
158936997 1
159022438 1
159042922 -1
159043978 -1
159051091 1
159135861 1
159152833 -1
159180511 -1
159189704 1
159264006 1
159297672 1
159305759 1
159329740 -1
159334220 -1
159373023 1
159391306 -1
159399428 1
159459492 1
159495805 -1
159560680 1
159638187 1
159655253 -1
159679988 1
159752027 1
159776927 1
159958908 1
160022629 1
160034723 -1
160036201 -1
160047381 1
160067425 -1
160114544 1
160170861 1
160174045 1
160206078 -1
160231882 -1
160265896 1
160290753 1
160335328 1
160347545 1
160354871 -1
160367458 -1
160446537 -1
160496631 1
160541939 -1
160544557 1
160552201 1
160615724 1
160620282 1
160649354 1
160656798 1
160715548 1
160738120 -1
160806541 1
160846057 -1
160931095 1
161038688 1
161053416 -1
161059829 -1
161187358 1
161224391 -1
161263895 1
161343458 -1
161348566 -1
161351412 1
161377763 -1
161447247 -1
161448578 -1
161501283 -1
161512411 -1
161518150 1
161576262 1
161615694 -1
161643486 -1
161649865 -1
161688188 1
161734277 1
161847381 1
161884888 -1
161893560 -1
161947708 -1
161959028 1
161959112 1
161987689 -1
162037750 -1
162065191 1
162135359 1
162153025 -1
162174873 1
162189343 1
162243164 1
162247719 1
162249701 1
162322571 -1
162357026 -1
162367332 1
162367930 -1
162376957 -1
162437421 -1
162462540 1
162482511 -1
162501993 1
162517865 1
162600664 -1
162623606 1
162635693 -1
162698108 1
162703424 -1
162720360 -1
162729961 1
162733501 1
162733630 1
162734118 1
162742417 1
162765097 -1
162783269 1
162794760 1
162810869 -1
162825218 -1
162844371 1
162866841 1
162870151 -1
162895066 1
162913530 -1
162931973 1
162980760 1
163021850 1
163042032 -1
163057953 1
163060145 1
163065534 1
163092782 -1
163114617 1
163144246 -1
163173133 1
163174294 1
163216747 -1
163263144 -1
163272320 -1
163327820 -1
163363802 1
163442115 1
163481773 1
163486214 -1
163549618 -1
163555063 1
163591565 -1
163618075 1
163660864 1
163661455 1
163678371 -1
163723955 1
163742796 -1
163745080 -1
163819583 -1
163919926 -1
163931965 -1
163940951 1
164088517 1
164118174 1
164151381 -1
164153081 -1
164174043 1
164205801 -1
164240198 1
164251776 -1
164310444 -1
164326646 -1
164389688 1
164403250 1
164407478 1
164483535 1
164487275 -1
164513602 -1
164596319 -1
164630000 1
164636790 1
164654657 -1
164723407 1
164791707 1
164819341 -1
164838111 1
164861028 -1
164921968 -1
165058954 1
165157653 -1
165201316 -1
165270224 -1
165286722 1
165305371 -1
165329003 -1
165364996 -1
165437195 -1
165589689 -1
165593425 1
165667118 -1
165668139 1
165675196 1
165712966 -1
165729712 1
165737197 1
165834934 -1
165855936 1
165878760 -1
165880013 -1
165888600 -1
165929419 -1
165998188 -1
166004802 1
166080419 1
166139566 1
166145644 -1
166176842 1
166184230 1
166190487 1
166191732 1
166206766 -1
166228900 1
166264232 -1
166279992 1
166289052 1
166409141 1
166533980 1
166570230 -1
166577261 1
166601676 -1
166643836 1
166677074 -1
166735335 -1
166791571 -1
166791891 -1
166959054 -1
166993583 -1
167039164 -1
167052935 -1
167057113 -1
167093788 1
167109577 -1
167123186 -1
167124106 -1
167137217 -1
167160885 1
167171876 -1
167196256 1
167221163 -1
167295747 -1
167299088 -1
167330268 -1
167334323 1
167388038 1
167389049 1
167433604 1
167447526 -1
167517201 -1
167575525 -1
167576208 -1
167595500 1
167726245 -1
167752153 -1
167769518 1
167773823 -1
167899045 -1
167913966 -1
167976305 -1
168041306 1
168143328 -1
168150140 -1
168170772 -1
168189111 -1
168211437 1
168234631 1
168291531 1
168329691 -1
168394190 1
168470705 -1
168504431 1
168506034 1
168528274 -1
168635901 1
168701756 1
168719210 -1
168720841 -1
168730766 1
168742724 -1
168746577 -1
168796693 1
168812204 -1
168841483 1
168850593 1
169009269 1
169097385 1
169120986 -1
169121424 -1
169177812 -1
169178734 -1
169232454 -1
169234324 -1
169235061 -1
169269928 -1
169278701 -1
169300290 1
169334109 -1
169369586 1
169388270 -1
169397754 -1
169463468 -1
169491175 1
169494368 -1
169550145 -1
169581885 1
169590758 1
169725827 1
169826448 -1
169869494 1
169996372 1
169999850 1
170017429 1
170058000 1
170066160 -1
170105448 1
170165420 1
170183066 1
170190922 1
170198232 1
170212943 -1
170263491 -1
170265587 -1
170279557 1
170317902 -1
170321393 -1
170326881 -1
170386157 -1
170445160 1
170462126 1
170478460 -1
170488630 -1
170514618 1
170611077 1
170629760 1
170649080 1
170667885 -1
170673756 -1
170726074 -1
170774516 -1
170783377 -1
170833323 -1
170878229 1
170895877 -1
170948977 -1
171000914 -1
171061158 -1
171147320 -1
171299075 -1
171349164 -1
171360347 -1
171366940 -1
171473286 -1
171542670 -1
171589049 -1
171607400 -1
171615600 1
171658829 -1
171699702 -1
171704399 -1
171771517 -1
171786664 1
171814124 -1
171835528 1
171870193 -1
171872009 -1
171882745 -1
171915888 -1
171924907 1
171972097 1
172002983 -1
172049978 1
172053007 -1
172075978 1
172107752 -1
172144787 1
172174357 -1
172282968 1
172300916 1
172364204 1
172372343 1
172377886 -1
172380863 -1
172405762 -1
172480885 1
172546818 1
172580992 -1
172615872 -1
172638850 -1
172657097 1
172658485 1
172660441 1
172756861 -1
172797888 1
172838758 1
172876807 -1
172910575 1
172926879 -1
172927004 -1
172951125 1
172952809 1
172953338 1
172967177 1
172998521 -1
172999514 -1
173080680 1
173082337 1
173141528 -1
173183988 1
173323371 -1
173383323 1
173427688 1
173463066 -1
173544408 1
173547887 -1
173636908 -1
173651556 1
173692984 -1
173817119 -1
173817720 -1
173863843 -1
173883803 1
173931730 -1
173934764 -1
173958313 1
173965651 -1
173972998 -1
173974961 -1
174046059 -1
174057058 -1
174059741 1
174228202 -1
174263648 -1
174356987 1
174367627 1
174377143 -1
174388775 1
174423014 -1
174426499 1
174430650 1
174470611 -1
174481683 1
174521211 1
174538257 1
174549616 1
174593314 1
174609383 1
174709828 1
174753571 -1
174773374 1
174781836 1
174832398 1
174834985 -1
174847968 1
174882874 -1
174905268 1
174923839 1
174944864 1
175025269 -1
175070222 1
175116644 -1
175241593 1
175248475 1
175260265 -1
175275201 -1
175295454 -1
175326709 -1
175335560 -1
175539403 1
175540295 1
175599074 1
175603236 1
175741837 1
175785332 1
175837876 1
175843054 1
175922826 1
175963323 1
175968864 1
175983420 1
176076616 1
176119796 -1
176126287 -1
176134465 1
176143204 1
176152314 1
176177550 -1
176213793 -1
176251729 -1
176274433 -1
176295593 -1
176364356 -1
176364719 -1
176423807 -1
176424377 -1
176428540 1
176504437 1
176540092 -1
176543057 -1
176554041 1
176576057 -1
176578265 1
176724477 -1
176731132 1
176785529 -1
176817322 -1
176945404 -1
176950056 -1
177107796 1
177141455 -1
177193091 -1
177229415 1
177264077 -1
177270641 1
177295860 -1
177297317 1
177320971 -1
177335342 1
177350697 -1
177363857 -1
177385189 -1
177416153 1
177418694 1
177423844 -1
177431146 -1
177449439 1
177461913 1
177498075 -1
177515019 1
177553532 -1
177560252 -1
177638009 1
177689292 -1
177701611 1
177706360 1
177713477 -1
177730626 -1
177739245 -1
177742051 -1
177748007 -1
177772331 -1
177775109 1
177775717 -1
177778176 1
177830815 1
177853971 1
178041562 -1
178080325 1
178116763 1
178241543 1
178243301 1
178321738 1
178338328 -1
178373410 1
178381610 1
178415469 1
178478437 1
178547905 1
178553681 1
178559940 -1
178607789 1
178620890 1
178638637 -1
178642811 1
178677736 -1
178693252 -1
178723671 1
178752341 1
178787390 -1
178787614 1
178842285 1
178879097 1
178903690 1
178904743 1
178938706 -1
178962404 1
178991694 -1
179020849 1
179037128 1
179139780 1
179186683 -1
179193990 -1
179197467 -1
179217828 1
179233974 -1
179239517 -1
179261812 1
179267829 1
179268144 1
179270081 1
179406447 -1
179425695 -1
179431161 -1
179434778 -1
179510051 1
179544414 -1
179552759 -1
179557022 -1
179569259 1
179575720 1
179621977 -1
179650433 1
179650487 1
179674459 -1
179682085 -1
179747232 1
179750673 1
179766932 1
179793806 -1
179835689 1
179849370 -1
179906848 -1
179911266 -1
179947377 1
179990624 1
180053803 1
180103928 -1
180108718 -1
180122143 1
180123494 -1
180163467 -1
180169483 -1
180199599 1
180249882 1
180335563 -1
180479467 1
180588624 -1
180610323 1
180618621 1
180622834 1
180648073 -1
180656885 1
180674605 1
180688997 1
180727562 1
180799173 1
180800929 1
180821584 -1
180826269 -1
180880550 -1
180915219 1
180955111 -1
180967296 1
180977179 1
180986872 1
181025283 -1
181037891 1
181038547 1
181175934 1
181267853 -1
181276966 1
181292795 1
181310767 -1
181321897 -1
181377593 -1
181390379 -1
181395525 -1
181406562 1
181441580 1
181513842 -1
181529370 1
181556434 -1
181576885 -1
181633623 -1
181698191 -1
181713139 1
181714032 1
181745452 1
181747815 1
181782336 1
181795374 1
181831228 1
181837433 1
181850123 -1
181850822 -1
181899189 1
181924441 -1
181932201 -1
181939857 -1
181950686 1
182000534 -1
182041790 -1
182052606 -1
182099984 1
182103499 1
182107744 1
182238627 -1
182239382 -1
182241100 -1
182249785 -1
182295492 -1
182305614 -1
182307679 -1
182323453 1
182394712 1
182398456 1
182422411 1
182438970 -1
182445885 1
182450353 1
182458929 1
182530524 1
182565417 1
182571959 1
182576392 1
182587472 1
182602429 -1
182608049 1
182651094 1
182692222 1
182729629 -1
182756460 1
182774371 1
182809879 -1
182818711 1
182827986 1
182831726 1
182853794 -1
182875013 -1
182879687 1
182881303 1
182913439 1
182931298 -1
182936870 -1
182937677 -1
182941671 1
183119022 -1
183145913 1
183247839 1
183291608 -1
183294559 -1
183298078 -1
183367610 -1
183381165 1
183441505 1
183446919 -1
183460008 -1
183501432 1
183556036 -1
183556922 -1
183573089 1
183622837 1
183630343 1
183657208 -1
183657585 1
183690843 1
183741992 -1
183744647 1
183745431 1
183794832 -1
183861560 -1
183866759 -1
183879051 -1
183885753 1
183900069 1
183907839 -1
183935545 1
183938556 1
183988019 -1
184034873 -1
184131083 -1
184138211 1
184138528 1
184146864 -1
184288715 -1
184312475 1
184360769 -1
184420815 1
184422756 -1
184448204 1
184474089 -1
184513342 1
184543759 -1
184621191 -1
184667951 -1
184688436 1
184729518 -1
184774047 1
184781584 1
184790925 -1
184792139 -1
184843625 -1
184850216 -1
184865871 -1
184893237 -1
184899740 1
184959239 1
185108332 -1
185140664 -1
185154784 1
185180102 -1
185185770 1
185187020 1
185232564 -1
185286925 -1
185302552 -1
185321700 1
185385858 1
185420695 -1
185426787 -1
185561954 1
185648710 1
185648822 1
185698648 1
185755665 1
185811794 1
185833334 1
185838898 1
185844127 -1
185876837 1
185877214 1
185930266 -1
185937397 1
185938675 1
186032439 1
186102021 -1
186143833 -1
186153728 1
186181882 -1
186184267 -1
186221300 1
186249848 1
186302452 -1
186307693 -1
186410252 -1
186420957 1
186468283 1
186532548 -1
186538428 1
186544757 -1
186613829 -1
186638220 1
186745074 -1
186768359 1
186787218 -1
186826460 1
186865124 1
186879130 -1
186993044 -1
186993422 -1
187031749 -1
187058314 -1
187188374 -1
187217276 1
187236881 1
187279960 1
187311272 -1
187387170 1
187416022 1
187444945 -1
187569460 -1
187580668 1
187592409 1
187639071 -1
187641144 1
187642086 1
187708436 1
187751572 -1
187765659 -1
187885271 -1
187931501 -1
187936975 -1
188047114 -1
188057839 -1
188109454 -1
188113976 -1
188135878 -1
188146946 -1
188157521 1
188190843 1
188216971 1
188234085 1
188282643 1
188286390 1
188329890 -1
188331758 -1
188344227 1
188398129 -1
188456424 -1
188464435 -1
188471892 1
188534116 1
188574465 -1
188584411 1
188594521 -1
188599045 1
188624860 1
188636351 -1
188637165 -1
188637187 -1
188644895 -1
188732062 1
188766988 -1
188771525 1
188904217 -1
188907870 -1
188972920 -1
188977895 -1
188996872 1
189007257 1
189048481 1
189049301 -1
189067198 1
189109440 1
189149969 1
189155875 -1
189191981 1
189205922 -1
189259616 1
189282242 -1
189310094 1
189321313 -1
189400018 1
189416690 1
189482577 -1
189482727 -1
189488087 -1
189490912 -1
189555683 -1
189601298 1
189632407 1
189686522 1
189687066 1
189717694 -1
189718465 1
189726906 -1
189727853 1
189743722 -1
189777271 -1
189862384 -1
189926401 -1
189958656 -1
189971909 1
189989503 -1
189994864 -1
189998750 -1
190003607 -1
190032008 -1
190105655 1
190110337 -1
190214504 1
190244485 -1
190246527 -1
190261150 -1
190286306 -1
190300124 1
190324740 -1
190389033 -1
190406546 1
190414817 1
190464943 1
190531377 1
190569369 -1
190607298 -1
190607803 1
190620463 -1
190623732 -1
190626874 -1
190627330 -1
190628986 -1
190664305 1
190667470 1
190675324 1
190685288 1
190703592 -1
190712501 -1
190748456 -1
190750787 1
190766755 -1
190790828 1
190792006 -1
190795585 1
190800283 1
190832008 -1
190858446 1
190882715 -1
190903130 -1
190961407 -1
190970283 -1
191036045 -1
191049969 1
191205078 -1
191222669 -1
191223082 -1
191244150 1
191265806 -1
191298893 1
191379957 1
191398514 1
191501886 1
191524237 -1
191528163 1
191539331 -1
191549172 1
191607561 -1
191644158 1
191680856 -1
191685372 1
191694621 1
191729026 1
191735474 -1
191786760 -1
191799143 -1
191862646 -1
191911710 -1
191930852 -1
191936764 -1
191940583 -1
191945366 1
191953514 1
191979831 1
191982897 1
191998878 -1
192003292 -1
192003375 -1
192100618 1
192128210 -1
192183049 -1
192201056 -1
192218555 -1
192220665 1
192251597 -1
192260328 -1
192280087 1
192328677 -1
192351073 1
192384431 -1
192387122 -1
192390710 -1
192397179 -1
192400230 1
192428020 1
192450576 -1
192455984 -1
192508975 1
192509709 -1
192554152 1
192589262 -1
192592043 -1
192642721 -1
192720056 -1
192729387 1
192740927 1
192749078 1
192789078 -1
192840563 -1
192902668 -1
192923241 1
192925872 1
192944147 1
193002118 -1
193022564 -1
193038101 -1
193053242 1
193057012 1
193065839 1
193082946 1
193099014 -1
193102127 -1
193109551 -1
193111290 -1
193139411 1
193209293 1
193231647 -1
193240441 -1
193261477 1
193327029 1
193358433 -1
193362284 -1
193374701 -1
193376744 -1
193402478 1
193414377 -1
193474725 1
193527362 1
193560750 -1
193583472 1
193699774 -1
193748586 -1
193824459 -1
193900811 -1
193908991 1
193936079 -1
194046898 1
194158750 -1
194182242 1
194235308 1
194430523 1
194491148 -1
194494738 -1
194546055 -1
194628460 1
194655906 -1
194669690 -1
194735202 -1
194754435 -1
194791482 -1
194795888 -1
194847160 -1
194880856 -1
194952496 -1
194961284 1
194986455 -1
195018446 -1
195021824 -1
195064266 1
195095876 1
195103820 -1
195154741 1
195216385 -1
195223593 1
195275481 -1
195290889 1
195290948 1
195372946 1
195397160 -1
195447451 1
195475920 -1
195534056 -1
195565425 1
195571591 -1
195608031 -1
195672861 -1
195678677 -1
195722260 -1
195801009 -1
195844360 1
195868634 -1
195893341 1
195929722 -1
195960445 1
195986588 -1
196010692 -1
196039701 -1
196069075 -1
196074820 -1
196078449 -1
196085516 1
196104409 1
196202183 -1
196206854 -1
196212094 -1
196216252 1
196270010 1
196275500 -1
196330857 -1
196382850 1
196388135 -1
196444558 -1
196478352 -1
196480721 -1
196517706 1
196580232 -1
196595335 -1
196648392 1
196649085 1
196651268 -1
196664653 -1
196678207 -1
196686049 1
196686848 1
196687115 1
196695335 1
196785531 1
196812322 -1
196821016 1
196822324 1
196837852 -1
196943944 -1
196958594 1
197033177 1
197049682 -1
197056193 -1
197071643 -1
197086076 1
197095238 1
197098876 1
197099282 1
197102026 1
197138603 -1
197150784 1
197157053 1
197248621 1
197269573 -1
197298811 1
197440737 -1
197533887 -1
197602426 -1
197678674 -1
197692810 1
197694869 1
197715519 1
197716615 -1
197765309 1
197787832 1
197823340 1
197856780 -1
197862800 -1
197864439 -1
197876298 -1
197884379 1
197892717 1
197930107 -1
197966348 1
198016974 1
198064489 -1
198085547 1
198132466 1
198143000 -1
198200154 -1
198214531 -1
198235454 1
198289375 1
198292648 1
198299003 1
198309097 1
198316255 -1
198369753 1
198416843 -1
198435098 1
198465943 -1
198474334 -1
198494196 1
198549243 -1
198554505 1
198586541 1
198605210 -1
198662523 -1
198675126 -1
198744140 -1
198751040 -1
198800480 -1
198810576 -1
198845599 -1
198848522 -1
198866585 1
198889943 -1
198937104 -1
199025410 1
199044372 1
199077049 -1
199094837 1
199095390 1
199119875 1
199160920 1
199181583 -1
199211838 -1
199230171 -1
199266909 -1
199272701 -1
199276755 1
199284523 -1
199354754 1
199396291 1
199487306 -1
199508029 1
199514541 1
199545125 -1
199592935 -1
199601835 -1
199623067 -1
199781796 1
199787929 -1
199852899 -1
199867863 -1
199882632 -1
199909432 1
200018933 -1
200058021 1
200071363 -1
200090827 -1
200095360 -1
200114843 1
200117159 1
200158937 -1
200172011 1
200181021 1
200185775 -1
200269302 1
200274587 1
200336442 1
200366517 -1
200373332 -1
200381298 1
200391276 1
200394939 1
200406804 1
200416841 -1
200463188 -1
200468123 1
200497149 1
200498224 -1
200543813 -1
200549159 -1
200565209 -1
200643629 1
200703447 -1
200753710 -1
200769764 1
200779704 -1
200784758 1
200788850 1
200803134 1
200836340 -1
200853435 1
200899581 -1
200903800 -1
200973163 -1
201000872 1
201005104 1
201067315 1
201104522 1
201141155 -1
201175054 -1
201191020 1
201203813 -1
201203951 1
201285967 1
201292649 1
201309671 1
201315670 -1
201322037 -1
201363007 -1
201363340 -1
201370420 -1
201370957 -1
201511805 -1
201740408 1
201759400 -1
201856692 1
201937351 -1
201951816 -1
202005445 -1
202037977 -1
202043477 1
202057666 1
202066468 -1
202072880 -1
202073194 -1
202076588 -1
202081636 1
202134141 1
202142916 -1
202169511 -1
202231804 1
202320569 1
202336917 1
202339112 -1
202385527 -1
202440017 1
202466071 1
202500785 1
202533485 1
202573321 -1
202578596 1
202652255 1
202675447 -1
202780029 1
202788360 1
202823413 -1
202855719 1
202913055 -1
202920210 1
202936587 -1
202950013 -1
202985077 1
203026267 -1
203038700 1
203048953 1
203050172 -1
203176478 1
203180532 1
203223366 1
203253416 1
203259883 1
203266863 1
203310183 -1
203319693 1
203375813 -1
203396629 1
203399120 -1
203410073 -1
203452599 1
203536000 1
203563408 -1
203568602 -1
203640876 1
203713640 -1
203717581 -1
203739974 1
203838718 -1
203846505 -1
203865321 1
203877140 1
203877953 1
203917761 -1
203931107 -1
203946722 1
203964428 1
203974011 -1
203998289 -1
204058695 -1
204076243 -1
204235682 -1
204237234 -1
204239049 1
204268211 -1
204298247 1
204381847 1
204403862 1
204408335 -1
204427803 1
204434760 -1
204458042 -1
204485320 1
204560696 1
204564661 1
204585099 -1
204597166 -1
204716518 1
204750599 -1
204761178 -1
204804896 1
204840018 1
204994098 -1
205165440 -1
205190312 1
205228416 -1
205251950 1
205252896 1
205253859 1
205377674 -1
205408936 1
205448204 -1
205456321 -1
205474693 1
205514081 1
205529376 1
205534775 1
205565676 -1
205576958 1
205587839 -1
205602958 1
205612143 1
205613033 1
205614680 1
205655900 -1
205684099 -1
205687789 1
205695040 1
205717859 -1
205727891 -1
205754315 -1
205778592 1
205781449 -1
205788003 -1
205803059 -1
205803831 1
205817685 1
205849678 -1
205861206 -1
205875592 1
205923017 1
205926398 -1
206000766 -1
206094696 1
206149755 -1
206166063 1
206169629 1
206210966 -1
206216835 -1
206238340 -1
206246810 1
206271597 -1
206325202 1
206343412 1
206420086 -1
206475384 -1
206497473 -1
206500787 -1
206502787 1
206515484 1
206529685 1
206580252 1
206613468 1
206645030 1
206659356 1
206745870 1
206775321 -1
206865263 1
206893397 1
206967035 -1
206971728 1
206983880 -1
206998033 1
207019356 1
207042477 -1
207048110 -1
207070024 1
207081918 1
207111809 -1
207127559 -1
207159164 -1
207182372 -1
207203440 1
207231975 1
207258205 -1
207276904 1
207278112 1
207280196 -1
207283020 1
207287816 1
207301835 1
207305724 1
207380936 -1
207400435 -1
207429920 -1
207461250 -1
207482783 -1
207489380 1
207497970 1
207502039 -1
207550872 -1
207572036 1
207575622 1
207649099 -1
207668348 -1
207722989 1
207813195 -1
207863833 1
207894353 -1
207897958 -1
207899093 -1
207967081 -1
207976081 1
207981942 1
208061580 1
208062717 1
208075564 1
208076692 1
208100196 -1
208103810 -1
208209346 1
208256701 -1
208286193 1
208302243 -1
208322171 -1
208354044 1
208374482 -1
208395364 -1
208403831 1
208406021 1
208436137 1
208460590 -1
208493282 1
208536737 -1
208549626 1
208607429 -1
208618777 1
208640381 1
208646640 -1
208713559 -1
208750116 -1
208853799 1
208895827 1
208902751 1
208908062 1
208953350 -1
208977729 1
209014488 -1
209045499 1
209054419 1
209078190 1
209095502 -1
209140027 -1
209144685 -1
209153388 -1
209156911 1
209172939 -1
209194209 1
209221291 -1
209249585 1
209314409 -1
209336374 -1
209348232 1
209369364 -1
209405195 1
209469818 1
209502087 -1
209509141 1
209514436 -1
209523146 -1
209536080 1
209576437 -1
209581695 -1
209601645 1
209682513 1
209699603 1
209717798 -1
209735105 -1
209741573 -1
209742286 -1
209766959 1
209792752 -1
209804149 -1
209818025 1
209833453 1
209846491 1
209864819 -1
209874460 -1
209927957 1
209949648 -1
209951119 -1
210079405 -1
210100729 1
210103824 1
210110516 1
210131231 1
210146935 1
210149613 -1
210157404 -1
210174661 1
210239589 1
210241581 1
210247345 1
210249980 1
210365565 -1
210393733 1
210431119 -1
210450835 -1
210516980 -1
210558398 1
210582148 -1
210621179 1
210632163 -1
210646990 -1
210655542 -1
210668595 1
210689337 -1
210805975 -1
210852781 -1
210868939 -1
210887194 1
210897679 1
210987210 1
210993756 1
211002316 -1
211036375 1
211059247 1
211097452 1
211142159 1
211153224 1
211171469 1
211188148 -1
211265400 1
211285340 -1
211303389 -1
211307696 -1
211317416 1
211394033 1
211398517 1
211405317 1
211416544 1
211488322 1
211543043 1
211640482 1
211647195 -1
211658078 -1
211680637 1
211702844 1
211708003 1
211724923 -1
211730240 -1
211783049 -1
211791751 1
211809982 -1
211823693 1
211866023 -1
211886132 1
211940833 -1
211942279 -1
211952160 -1
211961630 1
212009689 -1
212029431 1
212031950 1
212057916 -1
212166521 -1
212178894 1
212235584 1
212244256 1
212257274 1
212258213 1
212305502 1
212324979 1
212341488 -1
212349229 1
212352403 1
212360857 -1
212377622 -1
212381342 -1
212385704 1
212388098 1
212390816 1
212448488 -1
212499812 -1
212557635 -1
212604485 -1
212746877 1
212756354 1
212794422 1
212798321 -1
212825637 1
212826020 1
212837840 1
212916212 1
212933934 1
213017098 1
213064303 -1
213068914 -1
213094937 -1
213105588 1
213109683 1
213131549 -1
213166315 1
213170717 -1
213180696 1
213225274 1
213244936 -1
213269585 1
213302626 -1
213362253 1
213375749 -1
213442225 -1
213465566 -1
213465606 -1
213560196 -1
213573817 1
213598922 -1
213676121 -1
213706985 -1
213747614 -1
213759930 1
213779148 1
213791976 1
213834254 1
213894235 1
213916545 -1
213979557 1
213983508 1
214024059 1
214034547 -1
214047106 1
214079147 -1
214082775 1
214168019 -1
214176272 -1
214211895 1
214250193 -1
214263499 -1
214270133 1
214271142 1
214277870 1
214320719 -1
214326476 1
214376057 1
214381592 -1
214405091 -1
214428790 1
214444384 -1
214466615 -1
214476380 -1
214501586 1
214542920 1
214571307 1
214572547 1
214622276 -1
214629234 1
214638510 1
214640858 -1
214675964 -1
214702956 -1
214743545 -1
214750575 1
214768946 -1
214838847 -1
214854156 1
214857320 1
214863337 1
214924402 1
214951740 1
214987445 1
214994034 1
215007141 1
215008037 -1
215045238 -1
215082315 1
215137023 1
215188584 -1
215213273 1
215288216 1
215289868 1
215390281 -1
215419764 -1
215489644 -1
215491374 -1
215513476 1
215550727 -1
215564238 -1
215584423 1
215604258 -1
215606858 -1
215627781 -1
215656724 -1
215714765 -1
215725202 1
215769077 -1
215776766 -1
215797355 1
215819752 -1
215820563 1
215858059 -1
215864443 1
215885310 1
215923261 -1
215963568 -1
216002984 -1
216036133 -1
216213792 -1
216218006 -1
216243177 1
216285986 -1
216312875 1
216351074 -1
216361703 -1
216439768 -1
216491137 -1
216501273 -1
216506436 1
216509349 -1
216518705 -1
216529434 1
216571588 -1
216575877 -1
216586059 -1
216591558 -1
216646131 1
216651189 -1
216682337 1
216721231 -1
216723628 -1
216819439 1
216870785 -1
216871338 1
216881119 -1
216899888 1
216908239 1
217032966 -1
217054700 1
217062281 1
217081869 -1
217176620 -1
217184482 1
217186642 1
217209992 1
217246781 -1
217250232 -1
217291897 1
217329831 -1
217395362 -1
217403605 -1
217411007 1
217549769 -1
217567092 1
217615314 -1
217619168 -1
217627133 1
217637267 1
217717530 1
217726639 1
217752370 -1
217772974 1
217811186 1
217844747 -1
217861605 -1
217913154 -1
217922268 1
218003893 1
218036759 -1
218062028 -1
218068707 1
218140426 -1
218178673 1
218231430 1
218238735 1
218281439 -1
218287728 -1
218310431 1
218370351 1
218416964 1
218423293 -1
218436304 1
218492699 -1
218563627 -1
218580900 -1
218757379 1
218759672 -1
218776313 1
218836005 -1
218857594 1
218874478 -1
218895408 1
218901795 1
218909480 -1
218942614 -1
218946343 -1
218974394 -1
218992777 -1
219010952 -1
219065759 1
219135281 -1
219163052 -1
219165456 -1
219166324 1
219238637 -1
219286135 -1
219302897 -1
219323671 -1
219324529 -1
219325518 1
219381896 1
219404891 1
219424043 1
219439288 1
219439485 -1
219485621 1
219493752 1
219509325 1
219521312 -1
219545271 -1
219546111 -1
219589585 -1
219618446 -1
219648532 -1
219655675 -1
219695419 -1
219714919 1
219757661 -1
219790847 1
219796112 1
219798428 1
219844860 -1
219979275 -1
219985021 -1
219986580 -1
220071144 1
220119654 -1
220147627 1
220171121 1
220198431 -1
220244697 -1
220311246 -1
220336635 -1
220396076 1
220443675 1
220454332 1
220500954 -1
220598128 1
220657553 -1
220666395 1
220749091 1
220765807 -1
220793874 1
220807441 -1
220807562 -1
220826715 1
220829303 1
220903822 1
220935967 -1
220937916 -1
220939133 -1
220950474 -1
220957025 -1
220964149 -1
221008207 1
221017685 -1
221110111 -1
221111637 -1
221131832 1
221170927 1
221201146 1
221213365 1
221230386 1
221259407 -1
221259543 1
221261191 -1
221275036 1
221394018 -1
221439886 1
221480670 -1
221544649 -1
221599027 1
221623052 -1
221625943 -1
221643374 1
221679592 1
221691415 -1
221697050 -1
221720588 1
221760720 -1
221776370 -1
221780356 -1
221797886 1
221853338 -1
221910026 -1
221916151 -1
221930256 -1
221969492 1
221979328 -1
221987822 1
222013852 1
222155305 -1
222211384 -1
222250860 -1
222272777 -1
222350094 1
222457775 -1
222532695 -1
222556218 -1
222620690 1
222643135 -1
222687288 -1
222688897 -1
222713627 1
222732929 1
222832056 -1
222836177 -1
222883525 -1
222886723 1
222902880 -1
222940028 1
222960989 -1
222969438 -1
222970156 1
222976652 1
222981698 -1
222989762 -1
222997879 1
223011706 1
223067934 -1
223129030 -1
223141062 -1
223155165 1
223232985 1
223244562 1
223249769 1
223267467 -1
223300886 1
223311391 -1
223326470 1
223327313 1
223371070 1
223391584 1
223434369 -1
223483271 -1
223514110 -1
223555540 1
223570632 -1
223590080 -1
223598809 1
223613414 1
223621959 1
223650810 1
223661702 -1
223717507 -1
223798886 -1
223838990 1
223847067 1
223857663 -1
223867842 1
223910698 1
223943356 -1
223962885 -1
223979759 1
223998142 1
224007152 1
224045634 1
224057167 1
224061864 1
224106349 -1
224138630 1
224140333 1
224163525 -1
224188167 -1
224193205 -1
224212500 1
224315844 -1
224346621 -1
224412124 -1
224436459 1
224477058 -1
224478130 1
224504576 -1
224516887 1
224528381 -1
224573623 -1
224579771 -1
224623522 1
224662969 1
224668389 1
224682599 -1
224687290 -1
224800617 -1
224811334 -1
224823729 1
224875690 -1
224882848 -1
224929490 -1
224956567 -1
225089357 -1
225100947 -1
225113983 -1
225240860 1
225248726 -1
225267098 -1
225273681 1
225280993 1
225281969 1
225333363 1
225335574 -1
225340705 -1
225356180 -1
225357681 1
225401790 -1
225403941 -1
225432499 1
225451201 1
225455452 1
225469169 -1
225471907 -1
225487801 -1
225514332 1
225516854 1
225564283 -1
225580693 1
225593920 1
225613744 -1
225640194 -1
225652730 1
225660060 1
225679023 1
225701652 -1
225761766 1
225771098 1
225811188 1
225817375 1
225857557 -1
225886782 1
225890711 1
225904049 1
225930082 -1
225961834 1
226020726 -1
226030982 -1
226090581 -1
226103860 -1
226106647 -1
226187533 1
226192281 1
226207349 1
226245669 -1
226262268 1
226276843 1
226320265 -1
226329201 -1
226332515 -1
226345850 1
226362637 1
226392763 1
226413289 -1
226476091 -1
226532212 1
226603140 1
226607726 1
226619052 -1
226619585 -1
226628271 -1
226660122 1
226673206 1
226702526 -1
226739432 1
226740540 1
226744376 -1
226778534 -1
226786825 -1
226835030 -1
226846933 1
226855060 -1
226861226 -1
226936588 1
226982353 1
227013240 1
227013800 -1
227078282 1
227089430 -1
227177151 -1
227188161 1
227192900 -1
227223753 1
227260526 1
227265388 1
227268019 1
227272882 1
227301846 1
227307872 -1
227321845 -1
227336285 -1
227338136 1
227340287 1
227365877 1
227409888 -1
227425282 1
227436783 1
227488632 -1
227497320 -1
227539495 -1
227590039 1
227629096 -1
227651075 1
227664561 1
227670557 1
227672278 1
227675493 -1
227768429 1
227771468 -1
227801376 1
227802761 1
227810750 1
227867155 -1
227895454 1
227904768 1
227906193 1
227997548 -1
228024333 -1
228038407 1
228044035 1
228045778 1
228063607 -1
228085094 1
228109342 1
228163514 -1
228177764 1
228254647 -1
228308412 -1
228319672 -1
228322005 -1
228325399 -1
228344620 1
228362320 1
228401482 -1
228427343 1
228477793 -1
228477989 -1
228602458 1
228640588 -1
228681987 1
228687746 1
228726640 -1
228727570 1
228731144 1
228757850 1
228821814 1
228822961 1
228834463 1
228868593 -1
228912718 -1
228936805 -1
228968257 1
228985893 -1
229026428 -1
229030104 -1
229045169 1
229097366 -1
229131516 1
229194371 1
229262328 -1
229263687 -1
229283842 1
229285344 1
229285968 1
229321036 -1
229388506 1
229400980 -1
229423305 -1
229490980 1
229516503 1
229522883 1
229545329 1
229545834 1
229560341 -1
229648131 -1
229656987 1
229676556 1
229683513 1
229722595 -1
229741849 1
229753933 1
229764014 1
229790197 -1
229803026 -1
229806215 1
229807478 -1
229812073 1
229815017 1
229825910 1
229859902 -1
229889088 -1
229915849 1
229955771 -1
229961215 -1
229978410 -1
230019071 -1
230079305 1
230094424 1
230126509 1
230179716 -1
230190634 -1
230196084 -1
230239201 1
230269091 1
230271195 -1
230272699 -1
230279663 1
230288628 1
230343472 -1
230346118 -1
230352617 -1
230357137 1
230369080 1
230381808 1
230389289 1
230446200 1
230456637 1
230494965 -1
230509562 -1
230515271 1
230519185 1
230580284 -1
230582012 -1
230658665 -1
230717027 1
230733521 -1
230743271 -1
230746581 -1
230748721 1
230759854 1
230773048 1
230774583 1
230780769 1
230811369 -1
230811974 -1
230816265 -1
230817981 -1
230856936 1
230900589 -1
230901707 -1
230905920 1
230916749 1
230935579 1
230959827 -1
230979691 -1
230990193 1
231026731 -1
231036665 -1
231036831 -1
231142432 1
231180385 1
231191402 -1
231269390 -1
231277144 -1
231368071 -1
231385498 1
231402601 1
231404037 -1
231406630 1
231414218 1
231452026 1
231465879 1
231516424 -1
231604187 -1
231663003 -1
231665553 1
231690720 1
231704604 1
231791951 1
231804867 1
231835723 -1
231840136 1
231843970 1
231866236 1
231919254 -1
231952904 1
231982681 -1
231989328 -1
232011092 1
232011921 1
232036629 1
232039318 -1
232051672 -1
232060372 -1
232090332 1
232123426 -1
232137899 -1
232139120 -1
232149683 -1
232153870 -1
232172030 1
232195881 -1
232200745 -1
232221992 -1
232227753 -1
232260491 1
232262522 1
232296929 -1
232299392 -1
232305648 -1
232308127 -1
232313586 -1
232378199 -1
232399295 1
232452640 -1
232467661 -1
232470182 -1
232473164 1
232476606 1
232504201 -1
232528865 1
232539335 1
232552121 1
232567709 1
232593658 -1
232636208 1
232653756 -1
232682899 -1
232696631 1
232703573 -1
232713747 1
232732131 -1
232741760 1
232745856 -1
232888047 1
232909353 1
232925128 1
232959480 1
232983200 1
232993439 1
233039892 1
233083515 -1
233088328 -1
233108047 1
233135952 1
233142804 1
233214001 -1
233226847 -1
233248043 -1
233295183 1
233300462 1
233319996 -1
233321019 -1
233337794 -1
233340959 1
233365824 -1
233368882 1
233387003 -1
233418713 1
233430063 1
233450398 1
233460337 -1
233495907 -1
233607557 -1
233616078 -1
233622079 -1
233650693 -1
233651468 -1
233658251 1
233660586 1
233685620 1
233708169 -1
233719062 1
233727637 -1
233733403 -1
233741733 1
233765630 -1
233768574 -1
233798285 -1
233833827 1
233850836 -1
233865419 -1
233889029 -1
233895566 1
233945009 -1
233963319 -1
234025702 -1
234033995 -1
234059135 1
234065832 1
234103363 -1
234139029 1
234153042 1
234201169 -1
234236062 -1
234248036 1
234273265 -1
234302770 1
234391601 1
234399888 1
234463817 1
234468684 1
234484124 1
234556273 -1
234559216 -1
234589152 -1
234594542 -1
234596382 -1
234680777 -1
234685404 1
234691309 1
234695303 1
234697582 1
234697963 1
234714179 1
234753759 -1
234761242 -1
234795593 1
234797968 1
234835443 -1
234846293 1
234893421 1
234923629 -1
234989645 -1
234991139 -1
235009972 1
235010631 1
235070706 -1
235099752 1
235100663 1
235126294 -1
235175026 1
235209821 -1
235221886 -1
235235191 -1
235240090 -1
235242175 1
235247805 1
235259177 1
235303876 1
235364281 1
235365863 -1
235398200 -1
235419128 -1
235461032 -1
235554926 1
235556547 -1
235662293 1
235668937 1
235677220 -1
235705542 -1
235743867 1
235745542 1
235794648 -1
235794699 -1
235861661 -1
235876529 -1
235903651 1
235912524 1
235930806 -1
235949463 -1
235967082 1
235978119 1
236000476 -1
236016722 -1
236026719 -1
236070250 1
236126318 1
236160252 1
236198712 -1
236222492 1
236228031 1
236242852 -1
236294468 1
236295413 1
236321090 -1
236339901 1
236359180 -1
236369416 1
236425925 -1
236428591 -1
236453904 1
236457726 1
236500169 1
236519443 1
236563570 -1
236650241 -1
236678154 -1
236701645 1
236709560 1
236727455 1
236742919 -1
236757240 -1
236776750 1
236781390 1
236800563 1
236805982 1
236815765 -1
236833699 -1
236894931 1
236963535 1
236988086 -1
236990679 -1
236997466 -1
237005044 1
237014079 1
237089383 1
237172126 1
237195495 1
237222187 -1
237242993 1
237247346 1
237261300 1
237296010 -1
237301896 -1
237322107 1
237342702 1
237371839 -1
237388717 -1
237437796 -1
237473505 -1
237492281 1
237509264 1
237514802 -1
237520156 1
237535638 -1
237556663 -1
237627143 -1
237638022 -1
237655231 1
237689455 1
237715368 -1
237778346 1
237778771 -1
237817539 1
237875119 -1
237928337 1
237940498 -1
237955895 -1
237963507 -1
237979580 -1
238025487 -1
238122487 -1
238157822 -1
238197977 -1
238215682 1
238228708 1
238234075 -1
238253304 -1
238352683 -1
238354353 -1
238385478 1
238387933 -1
238417962 -1
238418650 1
238430810 -1
238434305 1
238445811 -1
238451682 1
238462537 -1
238462704 1
238489795 1
238496607 1
238540816 1
238545325 1
238570606 -1
238591099 -1
238672731 -1
238680379 -1
238725750 1
238725926 1
238731915 1
238741810 1
238802843 1
238816683 -1
238828803 1
238835171 -1
238861222 1
238865459 1
238999829 -1
239015788 1
239088518 -1
239203723 1
239235614 -1
239249792 -1
239287631 1
239327804 -1
239340209 1
239350044 1
239360902 1
239395222 1
239414657 1
239418774 1
239418932 1
239451854 1
239499640 -1
239503967 1
239551667 -1
239582489 1
239611513 1
239655352 -1
239663892 1
239685617 1
239706037 -1
239712219 1
239735105 -1
239750948 1
239761187 1
239806143 -1
239840758 1
239858157 -1
239871376 -1
239894897 -1
239908416 1
239966506 -1
240045939 1
240059201 -1
240083024 1
240087720 1
240132258 -1
240140948 -1
240149559 1
240152814 1
240155634 -1
240156428 1
240202722 -1
240220308 -1
240274625 1
240285606 -1
240312642 1
240399957 1
240435866 -1
240500113 -1
240506218 1
240525422 -1
240530638 -1
240551332 -1
240585325 1
240592554 -1
240599230 -1
240616675 -1
240629101 -1
240634809 1
240660898 1
240664376 1
240690812 -1
240696190 -1
240712706 1
240716858 -1
240732917 1
240761680 -1
240769897 -1
240802012 1
240812464 1
240833668 1
240863255 -1
240888782 1
240893517 1
240926898 -1
240929553 1
240954162 -1
241006032 -1
241025499 -1
241052295 1
241069602 1
241101071 1
241131124 1
241165154 1
241178614 -1
241188517 -1
241202820 -1
241220349 -1
241223841 1
241231596 1
241335664 1
241336605 -1
241340395 1
241357965 -1
241359075 -1
241370932 -1
241388541 1
241411322 -1
241440125 -1
241447504 -1
241463974 1
241493073 1
241519641 -1
241534454 -1
241543244 1
241549211 1
241555974 1
241574684 -1
241585354 -1
241586014 -1
241590394 -1
241641365 1
241650602 1
241656069 1
241661345 -1
241681565 -1
241765273 -1
241777966 -1
241788059 1
241792313 1
241820901 1
241869652 -1
241881020 1
241940669 -1
241950641 1
241987542 -1
242023159 -1
242023758 -1
242054670 1
242084144 -1
242095480 -1
242127420 1
242136327 -1
242164468 -1
242173279 -1
242223985 -1
242256330 -1
242263785 -1
242311189 1
242390668 -1
242447333 1
242486068 -1
242500191 1
242536796 1
242567276 1
242606508 1
242680082 -1
242680502 -1
242688279 1
242716252 1
242717807 1
242743585 -1
242819446 -1
242836437 -1
242844887 -1
242876901 1
242878878 1
242912839 -1
242931035 1
242931389 1
242936959 1
242940342 1
242947062 1
243001203 -1
243006230 -1
243016187 1
243021041 1
243038618 -1
243081395 -1
243084178 -1
243088738 -1
243090240 -1
243105933 1
243131960 -1
243163741 -1
243166430 -1
243174666 -1
243208187 1
243344697 1
243350485 1
243365146 1
243412922 -1
243475159 -1
243499171 -1
243545891 1
243557790 -1
243578250 -1
243583023 -1
243584869 -1
243588922 1
243676855 1
243681607 1
243711368 1
243747080 1
243808793 -1
243814619 -1
243820571 -1
243893072 -1
243926753 1
243967236 1
243984095 1
243987417 -1
243989285 -1
244023147 1
244053251 -1
244068979 -1
244120636 -1
244172531 1
244174117 1
244194627 1
244243552 -1
244248643 1
244250613 1
244268850 1
244314097 -1
244321165 -1
244325292 -1
244411229 -1
244444091 1
244483502 -1
244491477 -1
244498543 1
244500341 1
244542084 1
244598168 1
244599246 1
244613750 1
244638120 -1
244698052 -1
244703128 1
244788735 -1
244842230 1
244855695 1
244871000 -1
244885689 -1
244938599 1
244943547 -1
244979838 -1
244998064 1
245007592 -1
245012788 1
245012990 1
245059052 -1
245124394 -1
245150485 -1
245158169 -1
245177750 1
245180217 1
245220901 -1
245250861 1
245256200 1
245314281 -1
245319585 -1
245326882 1
245393368 -1
245404866 -1
245439409 1
245505352 1
245524089 1
245561755 -1
245577501 1
245593923 1
245602886 -1
245649882 -1
245652196 -1
245655788 -1
245667447 1
245676998 1
245712514 -1
245799041 -1
245811530 1
245818439 -1
245826185 1
245835885 1
245836824 1
245841265 1
245844979 1
245856089 -1
245888678 -1
245889139 -1
245891925 -1
245896710 -1
245899050 -1
245900614 -1
245914498 1
245986186 -1
246009751 1
246016498 -1
246020167 -1
246061329 -1
246120706 -1
246141332 1
246146007 -1
246160020 1
246165820 1
246171184 1
246185731 -1
246196613 -1
246235687 -1
246241455 1
246284989 1
246313956 1
246335660 1
246342927 1
246438834 -1
246457478 1
246510295 1
246520171 1
246598253 -1
246606692 1
246654082 -1
246674098 1
246682782 1
246694795 1
246726312 -1
246732089 -1
246735748 -1
246778663 1
246798287 -1
246804242 -1
246812913 -1
246819996 -1
246841038 1
246843203 1
246846684 -1
246877081 1
246921644 1
246969749 -1
246980796 -1
247001791 1
247025339 1
247025559 1
247041087 1
247090679 1
247161490 1
247168842 -1
247181932 1
247182718 1
247192518 1
247207662 1
247218421 1
247254599 1
247275803 -1
247314858 -1
247322016 -1
247325269 -1
247338916 1
247348582 1
247380190 1
247395768 -1
247399166 -1
247423229 1
247468643 -1
247521991 1
247656644 -1
247715427 -1
247754361 1
247756136 1
247774924 -1
247784852 -1
247805128 -1
247820481 -1
247833230 1
247834158 1
247842949 1
247845189 1
247911060 -1
247913583 1
247972051 -1
248063335 1
248082939 1
248088033 1
248100926 1
248101312 1
248108489 1
248143593 -1
248184617 1
248206048 -1
248221515 -1
248256309 1
248331928 -1
248335067 1
248335371 1
248405966 -1
248455102 1
248464332 -1
248504892 1
248524176 1
248528953 1
248530576 -1
248556901 -1
248561785 -1
248624698 -1
248654895 -1
248684303 1
248709023 1
248711788 1
248749588 -1
248757021 1
248760627 1
248763544 1
248812061 -1
248832546 -1
248891444 -1
248894968 1
248906283 -1
248994817 -1
248995087 -1
248997609 -1
248999189 -1
249006219 1
249007164 1
249025973 1
249087744 -1
249090788 1
249133633 -1
249139546 -1
249237167 -1
249338959 -1
249368707 -1
249370550 1
249371662 1
249387562 1
249441012 1
249481757 -1
249492485 -1
249511089 1
249513206 1
249516361 1
249517564 1
249557560 -1
249561884 1
249562985 -1
249608152 1
249631917 -1
249646373 1
249690174 1
249770686 1
249777217 1
249863950 1
249904235 -1
249929883 -1
249937618 1
249970025 1
249983645 1
250005387 -1
250016578 -1
250025522 1
250045720 1
250056934 1
250060358 -1
250072298 -1
250086769 1
250099137 -1
250104486 1
250122532 1
250131831 -1
250133457 1
250166069 -1
250199852 1
250210862 1
250223230 1
250333664 -1
250355446 -1
250355512 -1
250367960 1
250428380 1
250428588 -1
250453031 1
250465283 1
250470561 -1
250504077 -1
250564355 -1
250585945 -1
250613886 1
250668115 -1
250721025 1
250783467 1
250787661 1
250832054 -1
250840018 -1
250844855 -1
250880608 1
250902268 1
250948114 -1
250962460 -1
250966722 1
251037114 1
251038488 1
251101307 -1
251114821 -1
251138383 1
251164391 -1
251165631 -1
251177280 -1
251182367 -1
251184772 1
251205971 -1
251351217 1
251486553 1
251505651 -1
251549011 1
251592204 -1
251667446 1
251676934 -1
251708178 -1
251774791 1
251774933 1
251799916 -1
251828260 1
251831894 -1
251907672 1
251925033 1
251926871 1
251943741 1
251953695 -1
251979880 1
252000844 1
252003436 1
252054564 -1
252061027 1
252071637 1
252075877 1
252129335 -1
252158794 1
252188406 -1
252220832 -1
252223137 -1
252233586 1
252254426 -1
252271636 1
252292667 1
252310926 -1
252312383 -1
252330687 -1
252365867 -1
252406756 1
252413125 1
252415213 1
252436534 -1
252462485 -1
252464871 -1
252543184 -1
252557502 -1
252569172 -1
252614209 1
252670720 1
252671165 1
252674473 1
252687042 1
252720773 -1
252829223 1
252843147 1
252848522 1
252850478 1
252869324 1
252898759 -1
252925632 1
252979023 -1
252996673 -1
252999412 1
253062647 -1
253064351 -1
253082396 -1
253105679 1
253114871 1
253290249 1
253327142 -1
253332345 -1
253336934 -1
253337009 -1
253351728 1
253406464 -1
253423828 -1
253446985 1
253450014 1
253474581 1
253485678 -1
253524183 1
253545784 -1
253554169 -1
253615281 -1
253658218 1
253688222 1
253703468 -1
253704958 1
253713281 -1
253747062 -1
253774822 1
253782011 1
253828345 -1
253847731 -1
253859169 1
253862409 1
253913572 -1
253916743 1
253937720 -1
254003041 -1
254027158 -1
254081030 1
254083793 -1
254099967 -1
254129566 1
254186943 -1
254194140 -1
254206005 1
254280993 -1
254344017 -1
254362037 -1
254392694 1
254450315 -1
254510322 -1
254534742 1
254556698 -1
254594685 -1
254599525 1
254617409 -1
254618531 -1
254700907 -1
254707998 -1
254709389 -1
254723879 1
254727973 1
254732922 1
254750584 1
254781501 -1
254893888 1
254900263 1
254911069 1
254921895 1
255030659 -1
255053862 -1
255110754 1
255126321 -1
255140699 -1
255146279 -1
255180655 1
255200300 -1
255210276 -1
255330639 1
255330960 1
255378705 1
255399505 -1
255409742 1
255444793 1
255450387 1
255483673 -1
255483728 -1
255541905 1
255585902 1
255590772 1
255611481 -1
255616058 1
255635056 -1
255640660 -1
255653460 -1
255661631 -1
255691015 1
255737104 -1
255743251 -1
255752044 -1
255785594 -1
255817537 -1
255827939 -1
255846510 1
255863599 1
255891044 -1
255921798 -1
255955295 1
255964496 -1
255988407 1
255999513 -1
256006731 -1
256022271 1
256023810 1
256045970 1
256081070 -1
256109567 1
256122651 1
256169124 -1
256207021 1
256212755 1
256246034 -1
256265469 -1
256275049 1
256281051 1
256282117 1
256314538 1
256327025 -1
256346617 -1
256350501 -1
256359612 1
256366281 1
256366989 1
256367321 1
256372339 -1
256375888 1
256387492 1
256401724 1
256404785 1
256436919 -1
256441279 -1
256448152 1
256466000 1
256493161 1
256540423 1
256544131 1
256580651 -1
256581980 -1
256615410 -1
256635182 1
256642437 1
256712413 1
256730489 -1
256885988 1
256893893 1
256960799 -1
256979411 1
256993309 1
257010346 -1
257015571 -1
257019997 -1
257049725 -1
257071177 1
257092241 1
257102940 -1
257109323 -1
257133710 -1
257137019 -1
257140631 -1
257144260 1
257149726 1
257159261 -1
257186435 -1
257217314 -1
257225019 -1
257227629 -1
257230074 -1
257279768 -1
257300029 -1
257301838 -1
257315757 -1
257316095 1
257323129 1
257370476 -1
257397827 -1
257403449 1
257421039 1
257462838 -1
257472077 -1
257473036 -1
257526396 1
257596774 1
257601656 1
257616681 -1
257627554 1
257627907 -1
257635997 -1
257652421 -1
257657349 -1
257666455 1
257697059 -1
257781372 1
257810765 1
257831193 1
257836413 -1
257858159 1
257932522 1
257933695 1
257979075 1
257999893 -1
258008078 -1
258024349 1
258049388 1
258109084 1
258157628 -1
258171423 -1
258197525 1
258200311 -1
258217323 1
258235274 -1
258237544 -1
258249069 -1
258249180 -1
258257554 -1
258275006 -1
258321857 1
258343692 -1
258359354 -1
258375223 1
258387072 1
258391486 1
258404988 1
258452059 1
258465234 -1
258469698 1
258516048 1
258524999 -1
258545375 1
258559933 1
258567330 1
258588275 -1
258608084 -1
258611385 -1
258638704 1
258655945 1
258704500 -1
258706171 -1
258771095 -1
258795774 -1
258882646 -1
258945059 1
258960922 -1
258965080 -1
258977478 1
259020414 1
259068307 1
259081794 1
259196128 1
259228428 -1
259246390 1
259248973 1
259269805 -1
259285671 -1
259309145 -1
259309693 1
259319137 -1
259324075 -1
259330516 1
259354614 1
259366242 1
259392082 -1
259394784 -1
259469760 1
259487792 -1
259490052 -1
259504924 1
259514916 1
259516854 1
259555695 -1
259558993 -1
259604400 1
259618112 1
259634530 1
259660219 -1
259668862 -1
259675600 -1
259676058 1
259678080 1
259709322 1
259728749 -1
259731292 -1
259742649 -1
259746578 1
259759207 -1
259769468 1
259780263 1
259826910 -1
259879910 1
259945269 1
259965816 1
260001256 -1
260009105 -1
260010026 -1
260022893 -1
260067447 1
260073227 -1
260113590 -1
260232133 -1
260246244 -1
260280295 -1
260325381 -1
260370820 -1
260386749 1
260400812 1
260420409 -1
260445480 -1
260459621 -1
260491322 1
260542673 -1
260646390 -1
260732667 -1
260780306 -1
260804175 -1
260815398 1
260823163 1
260861218 1
260867489 1
260905823 -1
260922784 1
260969507 -1
260982910 1
260985721 -1
260990410 -1
261082069 -1
261099250 1
261113653 1
261135838 1
261141741 -1
261141814 -1
261167816 -1
261187433 -1
261227643 -1
261274381 1
261282474 1
261317239 1
261328641 -1
261353178 -1
261354387 1
261354553 1
261359890 1
261362188 1
261378711 1
261384059 1
261387653 1
261404965 -1
261415389 1
261427546 1
261454162 1
261480467 1
261493731 1
261495745 -1
261514371 -1
261562234 -1
261572626 1
261597374 -1
261606229 -1
261610771 -1
261611495 -1
261619901 1
261622208 1
261626651 1
261629499 1
261633718 1
261669606 -1
261697494 -1
261708818 1
261709684 1
261710087 1
261717169 1
261727964 1
261728943 1
261753880 -1
261785287 -1
261788840 -1
261810889 1
261822324 1
261828304 1
261864002 -1
261889368 1
261898357 1
261924933 -1
261952898 -1
261979094 1
261995547 1
262065933 1
262068314 1
262092591 -1
262135738 -1
262146624 -1
262153439 1
262157014 1
262159143 1
262166385 -1
262209431 1
262213298 -1
262234742 -1
262242273 1
262300974 -1
262435978 1
262436760 1
262499858 -1
262511806 1
262522125 1
262646237 -1
262662098 1
262684115 1
262693975 1
262694246 1
262711362 1
262729972 1
262751394 -1
262788742 1
262793514 1
262820491 1
262837199 -1
262842974 -1
262860964 -1
262872381 1
262881805 1
262884361 1
262935646 -1
262963763 1
262966953 1
263022160 -1
263025041 -1
263030632 -1
263046297 1
263064820 1
263088273 -1
263099072 -1
263108609 -1
263145222 1
263163530 1
263207841 -1
263217245 -1
263223719 1
263282202 -1
263312565 1
263322149 1
263349583 1
263365977 -1
263376109 -1
263381755 -1
263386135 -1
263400436 1
263401467 1
263405650 1
263410105 1
263444596 1
263471859 -1
263494243 1
263514065 -1
263555737 -1
263572367 -1
263587017 1
263653575 -1
263659558 -1
263673472 -1
263676966 1
263711806 -1
263717453 1
263728693 -1
263759088 1
263792046 1
263798380 1
263801158 -1
263819422 -1
263868985 1
263880216 1
263916143 -1
263929376 -1
263955251 1
263976645 -1
263985084 -1
264008007 -1
264026783 1
264027946 1
264042221 1
264042789 1
264047409 1
264072853 1
264101704 -1
264120857 1
264149285 1
264160664 1
264197405 -1
264274436 -1
264285794 -1
264291304 1
264291950 1
264305513 1
264333705 1
264344690 -1
264372016 -1
264376302 -1
264422963 -1
264439493 -1
264468754 1
264507404 1
264517154 -1
264577270 1
264610723 1
264631160 -1
264645332 -1
264654451 1
264659956 1
264677920 1
264679094 1
264703347 1
264735584 -1
264761712 1
264762343 1
264801552 1
264820881 -1
264838726 1
264986907 1
264997800 -1
265008048 1
265059482 -1
265074353 -1
265099711 1
265131372 -1
265171346 -1
265176733 -1
265182758 -1
265256803 -1
265282044 1
265299612 1
265313405 1
265315397 1
265349509 -1
265354228 -1
265382156 1
265389712 1
265391649 1
265413124 1
265468209 1
265498776 1
265524782 -1
265524828 -1
265573597 1
265582847 1
265609117 -1
265631012 -1
265640002 1
265642263 1
265669822 1
265714126 -1
265754045 -1
265785320 -1
265793886 -1
265799930 -1
265837625 1
265851966 -1
265872933 1
265890129 -1
265901216 -1
265911709 1
265936940 1
265941486 -1
265954187 1
265967433 -1
265984738 -1
266046730 1
266082390 -1
266120764 1
266136698 1
266163982 -1
266202975 1
266328165 -1
266335321 -1
266361150 1
266374002 -1
266377334 1
266402496 -1
266412404 1
266414712 -1
266425831 -1
266431805 -1
266467502 1
266482882 -1
266508067 -1
266519989 -1
266529688 -1
266531347 -1
266572132 1
266674409 1
266686047 -1
266699600 -1
266704150 -1
266725676 1
266736760 1
266739167 1
266778300 -1
266800627 -1
266802003 -1
266802060 -1
266804246 -1
266808252 1
266818590 1
266901071 1
266935612 -1
266974296 -1
267010674 -1
267011187 1
267049466 -1
267170393 1
267186320 1
267216053 -1
267232208 -1
267250998 -1
267253483 -1
267256747 -1
267269556 1
267301836 -1
267304945 1
267323333 -1
267338829 -1
267339430 -1
267391604 1
267394708 1
267440738 1
267453861 1
267457214 1
267599837 -1
267618369 -1
267705975 -1
267708056 -1
267740175 1
267741457 1
267780866 -1
267855407 -1
267869230 -1
267904325 1
267905960 1
267907537 1
267915156 1
267944001 1
267954276 1
267972092 -1
268013548 1
268019577 1
268022525 -1
268089110 1
268102946 1
268127373 1
268162489 -1
268235008 1
268241980 -1
268256381 1
268268502 1
268323834 -1
268324342 -1
268325561 -1
268358000 1
268371140 1
268393860 1
268430549 -1
268488980 1
268496098 1
268515087 -1
268539528 -1
268717675 1
268758149 1
268852744 1
268979587 -1
269127591 1
269285570 -1
269293852 -1
269375526 -1
269417956 -1
269492569 1
269495703 -1
269571992 -1
269578678 1
269629459 1
269766357 -1
269832763 -1
269871760 -1
269887879 -1
269898067 1
269991766 1
270105751 -1
270129305 1
270309591 1
270345076 -1
270404654 1
270534834 1
270579710 1
270608557 -1
270665135 -1
270748125 -1
270847042 -1
270901760 1
270984310 -1
271013765 1
271265014 -1
271306427 -1
271406416 1
271559630 -1
271659515 1
271660806 1
271687211 1
271739385 1
271764977 1
271853808 -1
271888203 -1
271901470 1
271907976 -1
271911150 1
271914091 1
271938059 -1
272010888 1
272024775 -1
272150180 1
272156858 1
272170735 -1
272183462 -1
272186570 1
272217730 -1
272248528 1
272263390 1
272284447 1
272357559 -1
272374309 1
272414716 -1
272520283 1
272595007 -1
272602406 1
272647269 -1
272665774 1
272776373 -1
272860062 -1
272885575 1
272887633 -1
272981440 1
272995613 1
273111331 1
273196119 -1
273266491 1
273414091 1
273419418 -1
273466286 -1
273492418 1
273509892 -1
273579753 1
273647638 -1
273682440 1
273686372 -1
273709420 -1
273754037 -1
273833592 -1
273838939 -1
273847436 -1
273876576 -1
273936595 -1
273945699 1
274071188 -1
274114593 -1
274130843 1
274166667 -1
274213683 -1
274219157 -1
274284626 -1
274285487 -1
274286791 1
274295287 -1
274369728 -1
274382362 -1
274404796 -1
274480935 -1
274500098 1
274506588 1
274514449 1
274588983 -1
274624689 -1
274671123 1
274727153 -1
274737484 1
274749619 1
274765253 -1
274835348 1
274872974 1
274909459 -1
274917089 -1
274925678 1
274930033 1
274996546 -1
275079690 -1
275222774 -1
275248261 1
275264945 -1
275303255 1
275316503 -1
275376790 -1
275408919 -1
275426381 -1
275457505 -1
275506285 1
275514863 -1
275573446 1
275620092 1
275802252 -1
275809059 1
275815250 1
275833995 -1
275838544 -1
275902251 1
275911013 1
275931820 -1
275953238 1
275984545 -1
276056480 1
276077674 -1
276263756 -1
276300176 1
276312478 -1
276331087 1
276387599 -1
276466762 1
276476039 1
276481982 1
276488799 -1
276541679 -1
276613304 1
276665423 1
276714647 -1
276871401 1
276889268 1
276926347 1
277049815 -1
277112058 -1
277117202 1
277144228 -1
277227491 1
277308011 -1
277332988 -1
277348091 1
277349451 1
277374486 1
277408517 1
277416237 1
277439218 -1
277441433 1
277462170 -1
277484258 -1
277486969 -1
277537434 1
277541221 1
277566385 1
277625609 -1
277670736 -1
277720126 -1
277842562 1
277899382 -1
277925512 -1
278029955 1
278043514 -1
278133848 -1
278154702 1
278197466 1
278247948 1
278261771 -1
278402402 -1
278405015 1
278540742 1
278563985 -1
278608714 -1
278667461 1
278696186 -1
278707406 -1
278725354 1
278734055 -1
278756527 -1
278760542 1
278769519 1
278800545 -1
278804797 -1
278869270 1
278919075 -1
278949251 1
278995101 1
279051178 1
279061375 1
279083788 -1
279225588 -1
279361405 -1
279374077 1
279386140 1
279412206 -1
279414699 -1
279444994 -1
279457276 -1
279473631 1
279575758 1
279593616 -1
279694226 -1
279702502 -1
279756570 1
279810721 1
279834677 -1
279856757 1
279884679 -1
279912328 1
279938379 -1
280049717 1
280064021 -1
280108412 -1
280144298 1
280182740 1
280207084 1
280218801 -1
280234346 1
280254186 -1
280292181 1
280360642 -1
280371137 1
280426298 1
280509555 -1
280512801 1
280524228 -1
280564284 -1
280570022 1
280601749 -1
280940764 1
280965158 1
281024278 -1
281035950 1
281049747 -1
281082330 1
281167747 -1
281201067 -1
281223726 1
281345229 1
281373568 1
281453489 -1
281488502 -1
281597087 -1
281642198 -1
281651901 1
281785495 -1
281902789 1
281925919 1
282251931 1
282276730 1
282318721 -1
282464319 1
282597800 -1
282649725 -1
282649936 -1
282667611 1
282707018 1
282736579 -1
282786387 1
282800684 1
282809342 1
282839306 -1
282848107 -1
282889497 -1
282890824 1
282918380 -1
282954176 1
282987794 -1
283039789 1
283181553 1
283187566 1
283248524 1
283459299 -1
283557471 -1
283608628 -1
283689092 -1
283703262 -1
283757238 1
283953133 1
284019032 1
284080513 -1
284093922 -1
284138352 -1
284177164 -1
284193759 1
284267384 1
284324037 -1
284339599 -1
284395727 1
284463789 -1
284528288 1
284608732 -1
284636723 1
284644657 1
284880253 -1
284911203 -1
284919261 1
285024820 1
285095423 -1
285108965 1
285265497 1
285321581 -1
285342658 -1
285344729 -1
285345798 1
285352574 1
285433032 -1
285469756 -1
285538463 -1
285540150 1
285567487 -1
285580093 -1
285589435 1
285635588 1
285644598 1
285678928 -1
285707393 1
285761314 -1
285769596 -1
285812959 1
285829565 1
285893201 1
285918621 -1
285925559 -1
285951159 -1
285969305 -1
285985025 1
286028786 1
286062463 -1
286163459 -1
286267466 1
286283337 -1
286309145 -1
286315026 -1
286446610 -1
286507137 1
286540394 -1
286631040 1
286644471 -1
286686638 -1
286693715 -1
286711385 1
286736147 -1
286739075 -1
286742520 -1
286842169 -1
286945036 1
286964829 1
287049247 1
287240983 1
287343933 1
287362050 -1
287384666 -1
287386133 1
287442907 1
287549929 1
287552226 -1
287585877 1
287592186 1
287637197 -1
287730481 1
287785267 -1
287797746 -1
287867134 -1
287899968 -1
287972183 1
287993749 -1
288020400 1
288094107 -1
288251604 -1
288295506 -1
288349143 -1
288378174 -1
288398526 -1
288413562 1
288473507 -1
288598314 -1
288605654 1
288677684 -1
288693069 -1
288719658 1
288781315 1
288804765 1
288900111 -1
288952363 1
288959070 1
288975717 -1
288980506 -1
289003635 1
289139428 1
289210851 1
289257901 1
289260932 1
289275716 -1
289286940 1
289336198 1
289339864 1
289346105 1
289363208 -1
289431825 1
289558819 -1
289629200 1
289647307 -1
289653141 -1
289662070 -1
289689969 1
289715980 -1
289807085 -1
289828263 1
289832715 1
290004769 -1
290131864 1
290150599 1
290159345 -1
290185171 1
290401562 -1
290528574 -1
290661575 1
290661601 1
290701912 -1
290708746 1
290749958 -1
290763148 1
290806376 1
290847285 -1
290942031 -1
290953479 1
291104578 1
291143774 -1
291251768 1
291289698 1
291301862 1
291370421 1
291405892 1
291435199 -1
291495705 1
291572145 1
291631900 -1
291654184 1
291664487 1
291742332 1
291792477 1
291821017 -1
291833541 -1
291863833 1
291954605 -1
291991977 1
292086434 -1
292180556 -1
292183631 -1
292187679 1
292237076 1
292313482 -1
292329177 -1
292372287 1
292393422 1
292423000 -1
292694247 1
292731074 1
292785818 1
292855281 1
292886433 1
292887709 1
292936013 1
292980878 1
293006748 1
293033936 1
293037604 1
293083861 1
293086657 1
293126563 -1
293150221 -1
293169078 1
293176256 -1
293203576 1
293262359 -1
293282654 1
293295708 1
293304281 1
293323228 -1
293323413 -1
293343446 -1
293347605 1
293355314 -1
293376622 1
293398799 -1
293426164 1
293468569 -1
293502108 -1
293516489 -1
293531620 1
293554219 -1
293597060 -1
293606443 1
293620126 -1
293653119 -1
293673857 1
293763017 1
293766044 -1
293831904 1
293837127 -1
293954742 -1
294017290 -1
294172732 1
294180801 -1
294198778 1
294213659 -1
294233864 1
294245250 1
294292540 1
294316260 -1
294367591 -1
294431661 1
294432214 1
294454881 -1
294456769 -1
294537727 1
294538313 1
294565596 -1
294586526 -1
294619965 1
294660056 -1
294688651 -1
294810032 -1
294821720 1
294843035 1
294864037 -1
294887401 -1
294893296 1
294918846 1
294923839 1
294927369 1
294996051 -1
295022398 1
295190894 1
295239635 1
295271530 1
295349111 1
295370247 1
295381627 1
295403686 -1
295409249 -1
295470592 1
295484378 1
295514087 -1
295529978 1
295544582 -1
295546021 -1
295557124 -1
295561826 -1
295572321 1
295658781 -1
295666034 -1
295671930 1
295697554 1
295727764 1
295758345 -1
295771537 1
295825824 1
295871129 1
295907771 -1
295953898 -1
295976526 -1
296022921 1
296068366 -1
296114038 -1
296190415 1
296208527 -1
296218853 -1
296256825 -1
296294391 1
296317870 -1
296325024 1
296335133 1
296378223 1
296395737 1
296486829 1
296505845 -1
296563177 -1
296663945 -1
296693137 -1
296745756 -1
296776504 1
296783525 1
296822568 1
296824385 1
296827676 1
296918792 -1
297005317 -1
297071865 -1
297118807 -1
297130245 1
297164354 -1
297164954 -1
297270039 -1
297318810 -1
297325444 1
297335143 1
297390103 1
297524458 -1
297568937 -1
297574789 -1
297587743 1
297666383 -1
297729486 1
297737344 1
297804771 1
297861237 -1
297949738 1
298157998 -1
298338744 1
298404834 1
298422989 1
298424041 -1
298577598 -1
298620165 1
298634559 -1
298642842 1
298690068 1
298714963 1
298725778 -1
298793785 1
298810566 -1
298880299 -1
298889359 1
298924618 -1
298942711 1
298999830 1
299007648 1
299061178 1
299111296 1
299112142 -1
299251132 1
299259689 -1
299383367 -1
299388620 -1
299405567 1
299434517 -1
299531391 -1
299544692 -1
299550421 1
299612111 1
299649114 1
299655015 1
299743500 -1
299772892 1
299848389 -1
299889019 1
300000219 -1
300020060 1
300138492 -1
300223676 1
300253904 -1
300263648 1
300267024 1
300286183 -1
300361917 1
300364796 1
300374863 1
300395987 -1
300468376 1
300507210 -1
300561225 -1
300579255 -1
300599940 -1
300607767 -1
300653942 -1
300713508 -1
300936698 1
300951599 -1
301128574 1
301193122 1
301223850 1
301239499 1
301423787 -1
301446586 1
301529382 -1
301559825 -1
301562726 -1
301577576 -1
301586811 1
301767521 1
302128006 -1
302228879 -1
302232186 -1
302237705 -1
302243455 -1
302248248 1
302282348 -1
302313922 1
302339427 -1
302384228 -1
302467392 1
302480459 -1
302491887 -1
302604730 1
302615568 1
302653107 -1
302753875 -1
302757566 1
302758359 1
302761294 1
302842715 -1
302863961 1
302864314 1
302920027 -1
303057546 -1
303129707 -1
303236337 -1
303243502 1
303271160 1
303340539 1
303397981 1
303421214 -1
303532272 1
303628320 -1
303665962 1
303678039 -1
303683119 1
303690537 1
303703538 1
303741753 1
303766725 -1
303853676 1
303906309 -1
304008233 1
304150648 1
304193011 -1
304200678 1
304272353 -1
304338094 1
304359544 1
304388387 -1
304499457 -1
304511542 1
304533720 -1
304559544 1
304565628 1
304649996 -1
304740862 -1
304760147 -1
304770539 1
304832678 1
304886201 1
304894443 1
304946152 -1
305068258 -1
305101632 1
305169677 -1
305199623 -1
305202903 -1
305206527 -1
305207643 1
305225832 -1
305228529 1
305275198 -1
305276868 -1
305329927 1
305356373 1
305429418 -1
305456888 1
305571134 -1
305575602 -1
305685313 -1
305713803 -1
305745634 1
305753245 1
305772425 -1
305851758 1
305882662 -1
305886420 -1
305947727 -1
305970171 1
305979289 -1
305992001 -1
305998367 -1
306032595 -1
306064240 1
306131232 -1
306191581 -1
306272109 1
306298949 -1
306458813 -1
306471531 1
306473446 1
306491499 1
306537198 1
306630815 1
306675787 1
306709718 -1
306726315 -1
306726365 -1
306788394 1
306795212 1
306803524 -1
306803998 -1
306823584 -1
306916060 -1
306942983 1
306963517 1
306979538 -1
307041459 1
307089123 -1
307106106 1
307182611 -1
307251173 1
307309919 1
307395796 -1
307439117 1
307504949 -1
307556542 1
307559704 1
307589425 1
307593014 -1
307609890 -1
307643573 1
307710158 -1
307738120 -1
307745968 -1
307879456 1
307958593 -1
308073652 -1
308118027 -1
308141661 1
308142289 1
308247789 1
308261755 -1
308271303 -1
308279634 -1
308282705 -1
308291783 1
308329710 -1
308385035 -1
308393694 1
308396396 1
308412890 -1
308524261 -1
308541994 -1
308554392 1
308579302 1
308648982 -1
308699685 -1
308768064 1
308800649 -1
308809532 -1
308845027 1
308888951 -1
308902020 -1
308934160 1
308963460 -1
308969981 -1
308990297 1
309006128 1
309109382 -1
309132141 1
309169337 -1
309180977 1
309185465 1
309187846 1
309288270 -1
309387457 1
309409305 1
309412917 -1
309421235 1
309434259 -1
309540249 -1
309606367 1
309730637 1
309798342 -1
309828162 1
309853831 -1
309858347 1
309923473 1
309929765 -1
309947261 -1
310005949 -1
310063517 -1
310095180 1
310115274 -1
310161784 -1
310275253 -1
310312589 1
310323183 -1
310340636 1
310354971 -1
310383721 1
310387718 1
310389149 1
310498350 1
310509361 1
310513387 1
310547158 1
310577566 -1
310580998 1
310632561 -1
310633009 -1
310642510 -1
310653410 1
310691140 -1
310698711 1
310754321 1
310809121 1
310836790 -1
310844289 -1
310884247 -1
310900298 -1
310906967 -1
310915929 1
310931472 1
310945488 -1
310975453 1
311000245 -1
311082789 1
311141770 1
311178555 1
311178579 1
311208453 -1
311210749 -1
311216889 -1
311422130 -1
311440538 1
311533428 -1
311537782 -1
311572186 -1
311594306 1
311631763 1
311683086 -1
311738190 -1
311741048 -1
311754619 1
311774333 1
311868177 1
311915252 1
311967337 1
312048284 1
312050561 -1
312136800 1
312142660 -1
312147018 -1
312159500 -1
312214607 -1
312322983 -1
312339301 1
312375666 -1
312375955 -1
312531854 -1
312544113 1
312578148 -1
312591177 -1
312620267 1
312710817 1
312891617 -1
312910422 -1
312933380 1
313002090 -1
313125911 -1
313136275 1
313137267 1
313185214 1
313300195 1
313332239 -1
313405186 1
313481997 -1
313539005 -1
313581387 -1
313596995 -1
313633506 -1
313644974 -1
313646552 -1
313654469 -1
313670573 1
313780316 1
313781785 1
313816367 1
313837296 1
313904461 -1
313914618 -1
313917589 -1
313925285 1
314017682 -1
314027404 -1
314067940 -1
314074174 -1
314156568 1
314181961 -1
314203857 1
314234744 -1
314242365 1
314297536 1
314324697 1
314327226 1
314345606 -1
314351686 1
314417784 1
314435921 -1
314440576 -1
314454251 1
314500774 -1
314511347 1
314585233 1
314673219 1
314763514 -1
314768620 -1
314772471 -1
314860096 -1
314913284 -1
315050856 -1
315073767 -1
315079915 -1
315099909 1
315108592 1
315160565 1
315243206 -1
315280754 1
315317455 1
315319703 1
315414143 1
315492608 -1
315503924 -1
315517597 -1
315560648 -1
315572166 -1
315578706 1
315618739 -1
315700969 1
315719836 -1
315724394 -1
315725932 -1
315742913 1
315787429 1
315816078 -1
315826999 -1
315853806 1
315881621 -1
315930451 -1
315943946 -1
315962695 1
315967867 -1
315995692 -1
316062271 1
316069631 1
316109223 1
316209375 -1
316217962 1
316235104 1
316291700 -1
316331050 1
316365803 -1
316408363 -1
316437420 1
316482957 1
316483072 1
316487741 1
316493708 1
316534451 -1
316565212 -1
316565383 1
316580781 -1
316601104 1
316638568 -1
316660789 -1
316687106 -1
316749999 -1
316753145 1
316777148 1
316788795 -1
316790833 -1
316791538 -1
316803168 -1
316847118 -1
316879315 -1
317087440 1
317100112 1
317130972 1
317170254 -1
317218509 -1
317228237 -1
317315346 -1
317371220 -1
317450418 1
317451203 1
317489447 -1
317544020 -1
317566420 1
317569853 1
317607882 -1
317647535 -1
317683831 -1
317687710 1
317745212 -1
317784982 1
317883357 1
318004183 1
318089785 -1
318099744 1
318101647 1
318232274 1
318291902 -1
318304813 -1
318318215 1
318350633 -1
318352639 -1
318355354 -1
318385148 -1
318392753 1
318501045 -1
318626619 -1
318787373 -1
318795982 1
318837882 -1
318899952 -1
318971152 -1
319000196 -1
319015259 1
319019828 1
319070641 1
319109766 -1
319124565 1
319135973 -1
319173478 1
319177791 1
319196044 -1
319274141 -1
319282576 1
319357468 1
319371173 1
319414124 1
319437468 -1
319443574 1
319463567 1
319597367 -1
319627755 1
319767360 1
319895673 1
319982910 1
320118191 1
320189033 -1
320260367 1
320500402 -1
320648913 -1
320820600 1
320827865 1
320847289 -1
320876600 -1
321006542 -1
321119489 -1
321201551 -1
321321213 1
321335550 -1
321393691 1
321405380 1
321411357 -1
321452440 1
321464243 1
321558742 1
321605350 -1
321637035 1
321720466 1
321850588 1
321853906 1
321978269 -1
321989146 -1
322053642 1
322099053 -1
322102540 1
322104413 1
322127379 1
322198467 1
322208876 -1
322273440 1
322289125 -1
322372435 -1
322466122 -1
322505432 1
322687351 1
322859532 -1
322944278 1
322956710 1
323006372 1
323015686 -1
323091783 1
323135787 -1
323140331 1
323200262 1
323296012 -1
323399345 -1
323408229 -1
323417884 1
323434970 -1
323446347 -1
323470262 1
323579771 1
323702311 1
323746038 1
323801901 1
324011758 -1
324057738 -1
324327262 -1
324488513 1
324499100 -1
324570127 1
324731502 1
324964150 1
325001896 -1
325005392 1
325010748 1
325016212 1
325069341 -1
325207174 -1
325321651 -1
325335038 1
325494525 -1
325498960 1
325532855 -1
325590969 -1
325612084 1
325661220 -1
325720294 1
325735131 1
326030467 1
326148497 -1
326234500 1
326336461 1
326344847 1
326522559 -1
326646137 1
326646651 -1
326661397 1
326847505 -1
326878549 -1
326932057 -1
326934358 1
326941322 1
327081352 1
327114066 1
327189745 -1
327219776 1
327285349 -1
327572991 -1
327586622 -1
327615196 1
327617919 1
327671216 1
327773250 1
327809104 -1
327873701 -1
327934112 1
327978923 -1
328045375 1
328159807 1
328321461 1
328412236 1
328437230 1
328649009 -1
328702685 -1
328799661 -1
328800695 -1
328842953 1
328905920 -1
328935421 1
328983086 -1
329027653 1
329371430 -1
329390450 1
329392523 1
329409791 1
329423000 -1
329518711 -1
329543323 -1
329560945 1
329624280 -1
329701220 -1
329786401 1
330253095 -1
330330864 1
330390287 1
330390885 1
330467707 -1
330535142 1
330564391 1
330717289 -1
330720683 1
330727594 1
330756699 -1
330773834 1
330828946 -1
330840281 1
330917748 1
331018159 1
331065442 1
331108547 -1
331126503 1
331149400 1
331220268 -1
331243298 1
331248865 1
331352202 1
331384217 -1
331682623 1
331721235 -1
331723209 -1
331794818 1
331838252 -1
331896833 1
331983369 -1
332025513 -1
332126085 1
332278872 -1
332392954 -1
332403448 1
332503178 -1
332517169 1
332519814 1
332521854 1
332606796 -1
332678281 -1
332803515 1
332808504 -1
332853188 1
332922340 1
332957003 -1
333173532 -1
333223980 -1
333228746 -1
333429721 1
333506977 -1
333584280 -1
333684918 -1
333698935 1
333770019 1
333784492 -1
333811493 1
333848997 -1
333918327 -1
333937590 1
333942151 1
334071482 -1
334161492 1
334255893 -1
334461701 1
334465275 1
334489700 1
334641373 -1
334783218 1
334786533 1
334825246 -1
334844170 1
334967599 -1
335075863 1
335093062 1
335241656 1
335663761 -1
335678047 -1
335736752 1
335749411 1
335809306 1
335821835 1
335849458 -1
335861623 1
335871307 -1
335981927 -1
336014125 -1
336023920 1
336062478 -1
336127294 -1
336127397 -1
336214245 -1
336223460 1
336227742 -1
336411328 -1
336437418 1
336501068 1
336532955 1
336593483 1
336607359 -1
336664130 1
336775519 1
336819852 1
336991753 1
337107251 1
337211730 -1
337383852 -1
337389782 1
337590231 -1
337632234 1
337710639 1
337752337 1
337923179 1
337923503 1
337966013 1
338207167 1
338248759 1
338335658 -1
338460960 -1
338632069 -1
338663735 1
338699457 -1
338870532 -1
338955692 1
338984636 -1
338993804 1
339033105 -1
339166965 -1
339214412 -1
339221455 1
339276360 -1
339786588 -1
339938392 -1
339976888 1
340127171 -1
340181608 -1
340255057 -1
340259025 1
340380453 1
340403320 -1
340431672 1
340492169 1
340511181 1
340516756 -1
340566127 1
340675535 1
340767613 -1
340813315 -1
340902245 1
340985170 -1
341002743 -1
341080713 -1
341089665 -1
341097200 -1
341172106 -1
341235793 1
341294516 1
341347331 -1
341628723 1
341637839 -1
341738924 -1
341764444 1
341898503 -1
341935023 1
342055311 1
342154636 -1
342285658 1
342289481 1
342318585 -1
342368231 -1
342689903 1
342973317 1
343028551 -1
343264632 1
343304609 1
343321482 1
343356053 -1
343356124 -1
343426895 -1
343520126 -1
343572748 1
343591271 -1
343662407 -1
343663704 -1
343687712 1
343810513 1
343817573 1
343830096 -1
343970064 1
343970224 -1
343989498 -1
344028300 1
344266112 1
344328007 1
344505988 -1
344698965 -1
344737301 1
344757969 -1
344789165 1
344843045 1
345002862 -1
345027550 1
345058006 -1
345065845 -1
345327307 1
345363814 1
345541418 1
345542551 1
345690231 1
345704495 -1
345736750 1
345760549 -1
345945840 1
345998327 -1
346078684 1
346167200 -1
346293899 -1
346303797 1
346308539 1
346436818 -1
346486299 1
346572621 -1
346607317 1
346650478 1
346690287 -1
346763855 -1
346918371 -1
346995560 -1
347130994 -1
347224327 -1
347279418 -1
347296491 1
347503976 1
347633732 -1
347648572 1
347676280 -1
347686089 -1
347768388 1
347868565 -1
347930334 -1
347938092 -1
347998188 -1
348042780 -1
348367152 1
348371820 1
348383459 -1
348400281 -1
348403282 1
348416984 1
348492240 1
348777869 1
348817997 -1
348937904 -1
348945237 1
349025930 -1
349094818 -1
349248906 1
349295647 -1
349299097 1
349333683 1
349342121 -1
349345033 -1
349518563 -1
349617440 -1
349683932 -1
349835776 1
349940474 -1
350019742 1
350055932 -1
350122409 -1
350194754 1
350386600 -1
350528437 -1
350557229 -1
350564935 -1
350589397 -1
350601543 1
350603721 1
350745990 -1
350948629 -1
351132354 -1
351363889 -1
351611291 1
351862642 1
351908012 -1
351910475 1
351938749 -1
352028310 1
352055317 1
352130775 -1
352172790 -1
352197622 -1
352209871 1
352218811 1
352252242 -1
352320440 -1
352422136 -1
352554522 -1
352667248 -1
352675941 -1
352767605 1
352797521 -1
352854511 -1
352888217 -1
352951644 -1
353102003 1
353130675 -1
353221584 1
353358117 1
353444040 -1
353444601 1
353578215 -1
353597049 1
353791220 1
354007173 1
354010102 1
354119959 1
354142605 1
354470467 -1
354553067 1
354569332 1
354746779 1
354838395 -1
354904336 1
354908572 1
355050367 1
355066162 -1
355212448 1
355240313 -1
355293422 1
355309039 -1
355319783 1
355501651 1
355767908 1
355798626 -1
355815112 1
355931713 1
356277703 -1
356344447 1
356405330 1
356493694 1
356525410 1
356551767 -1
356621637 -1
356636280 -1
356752256 -1
356756873 -1
356765860 1
357024951 1
357060799 -1
357117898 -1
357126629 -1
357178528 -1
357192019 1
357217808 -1
357246128 -1
357291674 1
357395300 1
357427354 -1
357485539 -1
357534150 1
357554569 1
357806266 1
357893385 1
357928777 1
357970753 -1
358048071 1
358119527 1
358268546 -1
358375992 1
358652525 1
358690516 -1
358734239 1
358742634 -1
358826709 1
358832294 1
359065752 -1
359094166 1
359179129 -1
359587326 1
359600708 -1
359679844 1
359727928 -1
359744878 1
359870550 1
359884697 -1
359918699 1
359979687 1
360182860 1
360323651 -1
360353796 1
360373343 1
360401606 -1
360452697 -1
360506298 1
360556237 1
360657290 1
360682006 -1
360895510 1
360967001 1
360973510 1
361034633 1
361067018 -1
361072912 -1
361090711 1
361292162 1
361314053 -1
361337047 1
361369284 -1
361374152 -1
361376382 -1
361382806 -1
361389882 1
361429835 1
361587939 1
361603879 -1
361633627 1
361681201 -1
361691311 1
361810867 -1
361842335 1
361890285 1
361958554 -1
362127913 1
362153628 -1
362273717 -1
362420540 1
362673299 1
362714209 1
362735508 1
362800476 1
362812625 1
362836569 -1
362849203 -1
362914707 -1
362916143 1
362969713 -1
363023281 -1
363136627 -1
363230500 1
363254576 -1
363282706 -1
363296585 1
363425069 1
363446914 -1
363510861 -1
363622863 -1
363650991 -1
363702130 1
363788193 1
363823962 1
363839958 1
363860770 1
363864443 1
363868238 -1
363899816 1
363900042 1
363903536 1
364180681 -1
364260698 -1
364261934 -1
364308639 -1
364396024 1
364397194 1
364415040 1
364417509 1
364475763 1
364565036 -1
364582342 1
364596184 1
364730313 -1
364891836 1
364904370 1
365005609 -1
365100561 1
365155603 1
365273169 1
365311168 -1
365699344 1
365733744 -1
365808326 -1
365899713 1
365930471 -1
365931650 -1
365978822 -1
365994064 -1
366251592 1
366287270 1
366366234 -1
366396917 -1
366521935 -1
366522231 1
366548522 -1
366603864 -1
366612234 -1
366711629 -1
366733647 -1
366884116 1
366924744 -1
366933661 1
366946494 1
367060787 1
367117787 1
367168363 -1
367221826 1
367228753 -1
367248262 1
367284076 -1
367365452 1
367551536 1
367559336 1
367573781 1
367617380 1
367631119 1
367686717 1
367693325 1
367706205 1
367904516 1
367977920 -1
368082244 -1
368140307 -1
368227663 1
368320351 -1
368399516 -1
368492167 1
368518188 1
368714654 -1
368922404 1
368932553 1
368988789 -1
369061232 1
369259683 -1
369310303 1
369355239 -1
369399786 -1
369465340 1
369513920 -1
369535857 1
369675805 1
369777100 -1
369877506 1
369877516 1
369888012 -1
369921417 -1
369972626 -1
370045188 -1
370106887 -1
370181530 1
370226404 -1
370412299 -1
370510458 1
370531425 1
370560438 1
370568303 -1
370574740 -1
370618379 1
370724967 -1
370803339 1
370931458 1
370934364 1
370973359 -1
371006990 1
371047452 -1
371060402 1
371081931 -1
371120811 1
371130766 1
371133071 1
371370410 -1
371413575 1
371528231 1
371548485 -1
371628124 1
371635941 -1
371698489 1
371763241 -1
371810199 1
371817705 -1
371818841 1
371860403 -1
371922196 -1
371954746 -1
371975477 -1
372069412 1
372249562 1
372258756 1
372273799 1
372323140 1
372325615 1
372339538 -1
372356939 1
372375059 1
372621956 -1
372655641 -1
372699942 1
372753910 1
372813567 1
372848950 1
372933359 -1
372953032 1
372975250 -1
372999554 -1
373022072 1
373058474 -1
373107162 -1
373214910 -1
373268108 1
373389147 1
373516893 1
373685233 1
373820664 -1
373838145 1
374074274 -1
374112779 -1
374162480 1
374322980 -1
374363213 1
374497461 -1
374505893 -1
374522549 1
374545607 1
374666196 -1
374810273 1
374860763 1
374944072 1
374946948 -1
374959995 -1
375061226 -1
375065153 -1
375158783 1
375185547 -1
375270229 -1
375311911 -1
375457008 -1
375583850 1
375629109 1
375767091 -1
375885851 1
375986704 1
376034991 1
376389334 1
376407642 -1
376423680 -1
376425810 -1
376475494 -1
376576167 1
376665511 -1
376685006 1
376698655 1
376918720 -1
376954058 -1
376979530 -1
377081522 1
377091165 1
377383859 1
377447189 1
377450437 1
377460685 1
377505250 -1
377517058 1
377550170 1
377557655 1
377565460 -1
377674074 -1
377674570 1
377674676 1
377686657 1
377702730 1
377769139 1
377880045 -1
377992387 -1
378206722 -1
378240610 1
378347973 1
378356852 1
378365390 1
378441936 -1
378653926 -1
378676200 -1
378697768 1
378714668 -1
378899805 -1
378926144 1
378955411 1
378957890 -1
379140924 1
379168938 -1
379178288 1
379225378 -1
379356321 -1
379439076 1
379735956 -1
379804649 -1
379862607 -1
379872240 -1
379903970 1
379941837 -1
379949412 1
379952876 1
380006845 -1
380023866 1
380033704 -1
380110476 1
380225211 1
380263665 -1
380353740 1
380359198 -1
380427826 -1
380466384 1
380479586 1
380509281 -1
380603397 1
380678935 1
380685754 1
380692350 -1
380756485 1
380869954 1
380876908 1
380882687 1
380958783 -1
381297969 -1
381426653 -1
381483566 -1
381487475 -1
381523039 1
381652505 -1
381946567 1
381946989 1
381957907 1
382076452 1
382078126 1
382127135 -1
382202772 -1
382228370 -1
382366087 -1
382474823 1
382531078 1
382789622 1
382909041 1
383015509 1
383029138 -1
383080894 -1
383127083 1
383157971 -1
383175669 1
383224549 -1
383388079 1
383403267 1
383612708 1
383721801 -1
383742776 -1
383842095 1
383850197 -1
383892904 1
383962601 1
384074407 -1
384174687 -1
384317440 1
384341030 -1
384447627 1
384451572 -1
384484942 1
384485257 1
384633584 -1
384693330 -1
384866572 1
384875678 1
385209256 1
385279768 1
385304357 -1
385378621 -1
385489710 -1
385532507 1
385562071 -1
385753931 1
385781295 1
385826243 -1
385902139 -1
385916284 1
386050447 1
386085721 1
386199002 1
386306781 1
386339225 1
386528183 1
386541786 -1
386686585 -1
386817744 -1
386868158 -1
386909324 1
386919349 1
386921533 -1
386936052 -1
387074414 -1
387076174 -1
387287858 1
387322942 -1
387377104 1
387416109 1
387619124 -1
387733385 -1
387766173 -1
387870750 -1
387946939 1
387950171 1
388041192 -1
388049668 -1
388077920 1
388169959 1
388190333 -1
388197462 -1
388212362 1
388243036 1
388246672 -1
388297971 -1
388369086 -1
388392822 -1
388454227 -1
388466947 1
388872638 1
388900738 -1
388910015 -1
388998523 1
389053510 -1
389136663 1
389253712 1
389301348 1
389355038 -1
389446638 -1
389486389 -1
389551035 -1
389563875 1
389567157 -1
389570097 -1
389660654 1
389717549 1
389844249 -1
389864882 1
389907906 -1
389923819 1
389924919 1
389935132 -1
390171633 -1
390176551 1
390212008 1
390526950 1
390751111 1
390876037 -1
390888977 -1
390973365 1
391068646 -1
391102183 1
391131380 1
391291996 1
391303894 1
391371472 1
391383638 1
391452048 -1
391469354 -1
391497635 -1
391563630 -1
391625449 -1
391690643 -1
391728085 -1
391790407 -1
391811547 -1
391819925 -1
391889901 -1
391955627 -1
391955933 -1
391958704 -1
391981904 1
392027951 -1
392148042 -1
392271209 -1
392524884 -1
392538321 -1
392605044 -1
392756988 -1
392812833 -1
393001311 -1
393125985 1
393143991 -1
393148681 -1
393154115 -1
393211714 -1
393399141 -1
393440450 1
393619057 -1
393641801 1
393727374 -1
393773732 1
393831755 1
393911936 1
393929333 -1
393936073 -1
394082226 -1
394121412 -1
394124374 1
394341680 1
394380534 1
394461791 1
394488498 -1
394511540 1
394517048 1
394525827 1
394616578 -1
394805092 -1
394822119 -1
394876394 -1
395009081 -1
395028188 1
395034693 1
395041341 1
395092514 -1
395180030 -1
395208223 -1
395344017 -1
395381713 1
395385021 -1
395427773 1
395504480 1
395687727 -1
395799385 -1
395801558 -1
395848980 1
395992967 -1
396107924 1
396146734 -1
396170213 1
396221767 -1
396237765 -1
396288164 -1
396346493 -1
396420399 -1
396571253 1
396595462 -1
396628077 -1
396638973 1
396662609 -1
396673871 -1
396818610 -1
396827438 -1
396853324 1
396862306 -1
396907553 1
396918932 1
396982041 1
397036312 -1
397067993 -1
397142946 -1
397307550 1
397344846 1
397386447 1
397488280 -1
397502080 -1
397557716 -1
397571078 -1
397574977 1
397593317 1
397655584 1
397681685 -1
398111014 -1
398337852 1
398411373 1
398546231 1
398569046 -1
398687058 -1
398789955 1
398900447 -1
398942073 -1
398980409 -1
399007223 1
399008885 1
399105194 -1
399145072 1
399211979 1
399309024 1
399345619 1
399410224 1
399416020 1
399465387 1
399488632 1
399532931 1
399627305 -1
399843853 -1
399954362 1
400035758 -1
400084968 1
400139527 1
400160192 1
400193242 1
400317874 -1
400333640 -1
400343499 1
400475572 -1
400482629 1
400497727 1
400558902 1
400567815 1
400580319 1
400871759 -1
400884858 -1
400899508 1
401087626 -1
401153432 -1
401293062 1
401301279 1
401317520 1
401369982 1
401440250 1
401454455 1
401485942 -1
401493889 -1
401569729 1
401789247 1
401833607 -1
401834769 -1
401948894 -1
401961281 -1
402110383 1
402165220 -1
402242298 -1
402256235 1
402378754 -1
402419085 -1
402446750 -1
402585095 1
402728834 1
402867228 -1
402918186 -1
402958030 -1
403065365 1
403261977 -1
403296059 1
403341254 1
403365282 1
403402820 -1
403446473 -1
403480816 1
403484030 1
403534425 -1
403538005 -1
403566656 1
403607323 -1
403669870 1
403741975 -1
403813935 1
403816773 1
403866322 -1
403906271 1
403926802 1
403982254 1
403996746 -1
404030459 1
404075998 -1
404087858 1
404146388 -1
404329184 -1
404455358 1
404568968 1
404649328 1
404653844 1
404655406 1
404656503 -1
404772669 1
404799457 -1
404953013 -1
405097968 -1
405147464 1
405325830 1
405388748 1
405403433 1
405452897 -1
405458644 1
405518701 -1
405670937 1
405683662 1
405725545 -1
405736956 1
405766868 -1
405802698 1
406006692 1
406014382 1
406093093 1
406158718 1
406250732 1
406271676 -1
406485644 -1
406582383 1
406691233 -1
406826252 -1
406883183 1
406890250 -1
406989347 1
407000909 1
407091785 -1
407333395 1
407372683 -1
407439717 -1
407511835 -1
407536536 -1
407575031 -1
407859075 -1
408231671 1
408357286 1
408498234 -1
408534582 -1
408576164 1
408588040 1
408680460 -1
408756676 -1
408763694 1
408900712 -1
408955373 1
408970640 1
409011866 -1
409018876 -1
409040005 1
409116510 1
409148094 1
409182034 1
409251744 1
409306368 -1
409347592 1
409455038 -1
409522356 -1
409670016 1
410068701 -1
410133985 -1
410208981 -1
410211075 -1
410258168 -1
410308760 -1
410330880 -1
410413069 -1
410473933 1
410552330 -1
410555274 -1
410599140 -1
410619297 -1
410628815 -1
410704903 1
410792368 1
410868304 1
410925000 -1
411033746 -1
411054767 1
411076338 1
411101366 -1
411321469 -1
411357777 -1
411428128 1
411440080 -1
411471889 1
411534343 -1
411539828 1
411589394 1
411643339 1
411646809 -1
411658282 -1
411710892 1
411757736 1
412019091 -1
412034370 -1
412035110 1
412054008 -1
412105332 1
412197926 1
412234734 -1
412307982 1
412386139 1
412406230 1
412515722 1
412573172 -1
412611142 1
412691529 1
412725736 1
412726601 1
412852471 -1
412893903 -1
412931804 -1
412950487 1
413031077 1
413051796 -1
413125288 1
413131382 -1
413138549 -1
413143769 -1
413160504 1
413162238 1
413163220 1
413183355 -1
413288616 1
413326969 -1
413453674 1
413476458 -1
413516476 -1
413532665 -1
413550580 -1
413564591 1
413567939 1
413632509 -1
413683649 -1
413722987 1
413779420 1
413860794 1
413939948 1
414002942 1
414028201 1
414092497 1
414245482 -1
414280370 1
414295838 1
414330879 1
414360032 1
414367960 -1
414437287 -1
414461671 -1
414494445 1
414603670 1
414705271 -1
414880414 -1
414885277 -1
414914230 1
415054312 1
415084337 -1
415117064 1
415155101 -1
415197337 -1
415295153 -1
415538626 1
415585303 -1
415626390 -1
415682893 1
415934373 -1
415953242 1
416015171 -1
416070106 1
416089748 -1
416133850 1
416198580 -1
416235876 1
416393510 -1
416422018 -1
416523712 1
416571597 -1
416587829 1
416596871 1
416603129 -1
416608083 1
416644342 -1
416666427 -1
416807000 1
416875827 -1
416882051 1
416896980 -1
417103955 1
417411873 -1
417487816 -1
417570666 -1
417572210 -1
417702997 1
417770398 1
417866495 1
417915304 -1
418009617 1
418064474 -1
418079338 1
418149255 1
418157030 1
418164257 -1
418187804 -1
418196000 -1
418215901 1
418277191 -1
418304385 -1
418333530 -1
418345878 -1
418498614 1
418501023 1
418504487 1
418641074 1
418698152 -1
418710300 1
418775427 -1
418913295 -1
419009823 1
419011532 1
419028872 -1
419122704 -1
419178423 -1
419203290 1
419269682 -1
419284820 1
419372630 1
419383209 1
419398994 -1
419428136 1
419470000 -1
419493177 1
419503693 -1
419541934 -1
419589201 1
419653817 -1
419661837 1
419679484 -1
419680041 -1
419845274 1
419940570 -1
420012183 -1
420169043 1
420172117 -1
420198811 -1
420204068 1
420254705 -1
420310216 1
420315238 -1
420337455 1
420338051 1
420401356 -1
420505281 1
420522218 -1
420574373 1
420624187 1
420676209 -1
420690079 -1
420739706 -1
420841636 1
420917981 1
421057000 1
421107873 -1
421116980 -1
421126389 1
421234891 1
421348333 1
421419998 1
421624595 1
421714767 1
421765242 1
421829730 1
422339251 -1
422374160 -1
422387978 1
422402288 -1
422436263 1
422523586 1
422573519 -1
422592092 1
422634832 1
422676573 -1
422733941 -1
422761116 -1
422828995 -1
422833237 -1
422895124 -1
422918060 -1
422955217 -1
422997972 1
423000851 1
423098722 1
423164481 -1
423209368 1
423401348 -1
423423232 1
423499781 1
423604072 -1
423641176 -1
423653785 1
423656661 -1
423685683 -1
423697720 1
423702049 1
423893362 -1
423904320 -1
423954501 -1
423993259 1
424064493 1
424097903 1
424153551 1
424265966 -1
424404487 -1
424467848 -1
424572844 1
424617757 -1
424792810 1
424841140 -1
424906880 -1
424957934 1
425091549 1
425128049 -1
425292151 -1
425327879 -1
425375624 1
425453372 1
425507223 1
425601151 1
425627676 -1
425630320 -1
425670084 1
425676102 1
425676415 1
425709830 1
425783587 1
425848820 -1
425901145 -1
426026171 1
426086736 1
426161308 1
426227690 1
426287825 1
426327770 1
426472514 1
426516115 1
426576744 1
426582434 -1
426782999 -1
426788156 -1
426981294 1
426989762 -1
427055166 -1
427120392 -1
427126610 1
427141805 -1
427303390 1
427315714 1
427440645 1
427497528 -1
427498384 -1
427600442 1
427723496 -1
427730507 1
427886790 1
427998875 -1
428007171 1
428132314 1
428160537 -1
428176081 1
428213912 -1
428421535 1
428475913 -1
428601249 1
428694801 1
428728484 -1
428752114 1
428796794 -1
428953631 -1
429033320 1
429091901 -1
429192523 1
429211265 -1
429241760 -1
429251115 1
429413870 -1
429675773 -1
429861176 1
430027114 -1
430080419 1
430455263 1
430484633 -1
430527628 1
430582230 1
430627213 -1
430707199 1
430822728 -1
430890269 1
430990864 -1
431011167 1
431056534 -1
431130351 -1
431155310 1
431163757 1
431232297 -1
431360935 -1
431579912 -1
431757686 -1
431782972 -1
431854257 -1
431957324 1
431998485 -1
432021813 1
432024067 1
432176217 1
432212350 -1
432320228 1
432357713 -1
432407836 -1
432426395 -1
432541117 -1
432698760 1
432785289 1
432817555 -1
432838827 -1
432890618 -1
433030260 1
433035797 -1
433134084 1
433151754 -1
433155237 -1
433172118 -1
433247406 -1
433314608 1
433417007 1
433423588 1
433428671 1
433455693 -1
433570060 1
433603304 1
433724813 1
433813970 1
433816005 1
433994287 -1
434019649 -1
434031350 1
434047343 -1
434082829 1
434127353 -1
434151822 1
434229221 1
434261469 -1
434266591 -1
434268670 -1
434325304 1
434373284 1
434716532 -1
434734214 1
434783405 1
434812787 1
434828144 1
434845381 -1
434863576 -1
434897410 1
434944282 1
434945006 -1
435019089 -1
435107955 1
435111469 1
435197799 1
435237836 -1
435237965 -1
435238512 -1
435334136 -1
435397740 1
435406136 1
435412852 -1
435444596 -1
435458433 -1
435584066 1
435605356 -1
435746360 -1
435895426 1
435897283 -1
435913593 1
436026876 1
436046934 -1
436060486 1
436072915 -1
436092463 -1
436200238 -1
436327553 -1
436434842 1
436511229 1
436697196 -1
436724059 -1
436725477 1
436759046 -1
436771595 -1
436833534 1
436864921 -1
436925477 -1
437020053 -1
437162520 -1
437194291 1
437217086 -1
437234819 -1
437269849 -1
437271041 -1
437352047 1
437499972 1
437533049 -1
437558149 1
437631778 1
437658526 -1
437662478 1
437727454 -1
437747566 -1
437752576 -1
437788634 1
437832642 -1
437915357 1
437928987 1
437933803 1
437970480 1
438090865 -1
438166827 1
438176720 -1
438282480 1
438284010 -1
438325364 -1
438453172 -1
438459283 -1
438489298 1
438747648 1
438820541 -1
438831155 -1
438891115 1
439175017 1
439336721 1
439504074 1
439610794 -1
439629537 1
439813129 -1
439924723 1
440018899 -1
440074643 1
440130295 1
440130652 -1
440133341 -1
440136726 -1
440189907 -1
440220524 1
440269112 1
440354576 -1
440398883 -1
440428500 -1
440584363 -1
440664859 1
440792152 1
440839030 -1
440885935 -1
440890703 1
440897600 -1
440904809 1
440995026 -1
441014877 1
441044501 1
441054788 1
441076541 -1
441105490 -1
441139684 1
441152467 -1
441185056 1
441220281 -1
441220687 1
441256602 1
441308750 -1
441315106 -1
441329172 -1
441352185 1
441364447 -1
441500269 1
441510532 -1
441536409 -1
441683520 -1
441780025 1
441959446 1
442000414 -1
442002761 -1
442035483 1
442055896 -1
442176442 1
442189108 -1
442195881 -1
442205432 -1
442277633 -1
442281338 -1
442287685 -1
442346810 -1
442481263 1
442518814 -1
442553216 1
442608663 1
442653796 -1
442697195 -1
442711147 1
442895585 -1
442904871 1
442927172 1
442938895 -1
443044588 -1
443084964 -1
443099028 -1
443172916 -1
443202206 1
443254910 1
443353683 1
443403467 1
443449087 1
443493453 -1
443638744 -1
443646284 -1
443785554 -1
443800412 -1
443847859 -1
443880604 1
443989458 -1
444022557 -1
444077741 1
444088265 -1
444136441 -1
444204839 -1
444299941 -1
444325442 -1
444434470 -1
444456368 -1
444460201 -1
444490555 1
444520844 1
444529608 1
444530050 -1
444605586 1
444737858 1
444767913 -1
444782698 1
444796791 -1
444801434 1
444887322 -1
444893025 -1
445010725 1
445016693 -1
445142979 -1
445163756 1
445213048 1
445236135 1
445351906 -1
445401093 -1
445403033 1
445469029 1
445568850 -1
445611766 1
445612431 1
445618692 1
445666861 -1
445750147 -1
445880582 -1
445949537 -1
446004581 1
446071899 1
446110635 -1
446188059 -1
446274576 -1
446309047 1
446369327 1
446442408 1
446669716 1
446778114 -1
446867659 1
446896295 1
446902502 1
446942342 -1
446963863 -1
446966542 -1
447002157 -1
447058089 1
447106753 -1
447190125 -1
447197618 1
447238537 -1
447253208 -1
447361315 -1
447553166 1
447568210 -1
447570297 -1
447618654 -1
447647492 -1
447890635 1
447893296 1
447933031 -1
447995086 -1
448114334 1
448246225 -1
448260225 1
448274276 1
448283960 1
448306139 -1
448308871 -1
448319324 -1
448327050 -1
448380037 -1
448392112 1
448524298 -1
448608622 -1
448622581 -1
448657049 1
448664440 1
448671280 1
448721345 1
448782210 1
448791037 1
448891363 -1
448998201 -1
449047249 1
449065824 -1
449211616 1
449318496 -1
449339559 1
449349801 -1
449368295 -1
449413218 1
449474048 1
449509658 1
449537610 -1
449685593 -1
449804835 -1
449844359 -1
449853131 -1
449967260 -1
449985210 -1
449986873 -1
450073316 -1
450073857 -1
450081871 1
450116574 -1
450142280 -1
450201894 -1
450203517 -1
450226881 -1
450324221 1
450388230 1
450481720 1
450499683 1
450563938 1
450752872 -1
450828199 -1
451073173 1
451090141 1
451177816 -1
451187840 1
451235881 1
451359473 -1
451394447 1
451455550 -1
451460123 1
451482436 -1
451526059 -1
451581132 -1
451600331 -1
451605612 -1
451677363 -1
451678979 -1
451688503 1
451737363 1
451744075 1
451765461 1
451819634 -1
451832543 -1
451903407 -1
451963817 -1
451979798 -1
452064872 1
452070937 1
452123288 -1
452165206 1
452196637 -1
452203821 -1
452375066 1
452375723 1
452438453 -1
452448267 1
452488472 -1
452495825 -1
452627544 1
452642183 -1
452829379 -1
452898311 -1
452908777 1
452975264 -1
453021761 1
453057966 -1
453139514 1
453187372 -1
453492763 1
453539710 1
453593133 -1
453693866 1
453733359 -1
453823838 -1
454020823 1
454156482 1
454163380 1
454259290 -1
454341398 -1
454345693 -1
454380117 1
454382701 1
454477182 -1
454625709 1
454651815 1
454696772 -1
454791911 -1
454814922 1
454818402 -1
454873566 1
454921580 1
454949098 -1
454983713 1
455050892 -1
455137017 1
455306441 1
455386292 -1
455439965 -1
455444231 1
455512810 -1
455585486 -1
455605522 1
455620158 -1
455621500 1
455738966 -1
455743597 -1
455749402 -1
455765127 1
455769153 1
455797429 1
455797536 1
455801683 1
455884617 1
455911046 1
456023276 -1
456033579 -1
456053871 -1
456103145 -1
456152441 1
456154552 1
456161950 1
456181284 1
456237407 -1
456277386 -1
456285467 -1
456286091 -1
456340743 1
456351729 -1
456367073 -1
456617130 1
456701261 1
456744350 1
456758382 1
456793619 1
456795052 -1
456890862 -1
457047864 -1
457161556 -1
457197202 -1
457219401 1
457366779 -1
457409735 1
457422637 -1
457432223 -1
457548139 1
457556967 1
457557212 1
457574390 1
457596419 -1
457610476 1
457631660 -1
457688193 1
457784024 1
457976288 -1
457980095 -1
458063948 -1
458090338 1
458094434 1
458094774 1
458188130 1
458210693 -1
458225428 -1
458251201 1
458342713 1
458481422 1
458685648 -1
458831159 -1
458994725 -1
459035664 1
459039537 -1
459108196 -1
459123024 1
459126923 -1
459178604 1
459382032 -1
459541065 -1
459563405 1
459600781 -1
459622029 -1
459664395 -1
459711793 1
459786319 1
459848221 -1
459871060 1
460004374 -1
460064560 -1
460078448 -1
460146276 -1
460167721 -1
460236811 -1
460245154 -1
460321727 1
460372834 -1
460384789 -1
460506755 -1
460610895 1
460634936 -1
460692236 -1
460766829 1
460779100 -1
460788339 -1
460825769 -1
460829960 -1
460890355 -1
461023739 -1
461089980 -1
461100196 -1
461151508 1
461178715 -1
461185748 1
461214088 1
461215717 -1
461257966 -1
461494556 1
461495303 1
461496291 1
461515266 1
461858507 -1
461869886 1
461872953 -1
461886653 -1
461976405 1
462022396 1
462106018 -1
462134237 -1
462191951 -1
462192467 -1
462268997 -1
462324695 1
462360770 1
462422456 -1
462426352 -1
462430239 -1
462442169 -1
462475504 1
462537632 -1
462580503 -1
462682998 1
462761385 1
462779567 1
462785709 1
462819221 -1
462821601 -1
462852034 -1
462919918 1
462934591 1
462990523 1
463031746 1
463073538 1
463076568 1
463088992 -1
463092346 -1
463174086 1
463266668 -1
463303509 1
463324179 1
463446533 -1
463637406 -1
463728420 -1
463747679 1
463761471 -1
463841858 -1
463854460 1
463891656 -1
463892946 -1
463978613 -1
464010553 1
464163897 1
464179430 1
464278240 -1
464392052 -1
464394139 -1
464441153 -1
464455506 -1
464472137 1
464581462 -1
464600938 1
464611296 -1
464710205 1
464710767 1
464760741 -1
464794533 1
464799112 1
464966472 1
464993489 -1
465105235 1
465166461 -1
465191909 1
465235262 -1
465267286 -1
465277785 -1
465303491 -1
465353733 1
465377266 -1
465382365 -1
465407146 -1
465462724 1
465543700 -1
465594169 -1
465651799 -1
465841730 -1
465878912 -1
465899769 1
465950794 1
465986878 1
465989574 -1
466039817 -1
466054943 1
466110102 -1
466142238 1
466271904 1
466379256 1
466403440 -1
466450602 1
466456879 1
466595922 -1
466644393 -1
466675994 -1
466744031 -1
466776820 -1
466892164 1
466965883 -1
466986701 -1
466994782 1
466996372 1
467084947 1
467147864 -1
467208986 -1
467210601 1
467238205 1
467249458 1
467264585 -1
467301480 -1
467322846 1
467399658 1
467458793 -1
467466806 -1
467467522 1
467475365 1
467544684 -1
467552185 1
467665810 -1
467718151 1
467719846 1
467725530 -1
467831098 1
467833229 -1
467859612 -1
467898244 1
467901352 1
467926079 1
468023062 -1
468164608 -1
468172472 1
468178370 -1
468202341 -1
468259202 -1
468269561 1
468306427 1
468393563 -1
468480492 1
468498925 1
468508778 -1
468539344 -1
468546530 -1
468619287 -1
468638741 -1
468716485 -1
468769282 1
468920545 1
468936449 -1
469065880 1
469099076 1
469141544 1
469152860 1
469159599 -1
469165300 -1
469192764 -1
469200338 -1
469304787 1
469332584 -1
469355143 -1
469450993 1
469459341 1
469515213 1
469551754 1
469570577 -1
469681761 -1
469686386 -1
469733396 -1
469738721 -1
469775291 1
469791820 1
469799179 1
469970715 -1
470343201 -1
470400822 -1
470486579 -1
470501417 1
470542293 1
470543334 -1
470596025 1
470713862 -1
470782503 -1
470835675 -1
470864188 1
470879603 -1
470897708 1
470931390 -1
471001793 1
471013191 1
471167856 -1
471175703 -1
471212735 1
471337874 1
471339256 1
471507848 -1
471516278 -1
471585719 -1
471674088 -1
471674801 -1
471692792 1
471705592 1
471803497 -1
471807302 1
471854815 1
471860821 1
471868174 1
471921200 1
471954535 -1
472010987 1
472086973 1
472096546 1
472166984 -1
472226111 -1
472252636 1
472268960 1
472271919 1
472299156 -1
472324222 1
472418888 1
472450059 -1
472499070 1
472508901 1
472623638 -1
472696094 1
472915208 1
473015623 -1
473027350 1
473039124 1
473056503 1
473084495 1
473174837 1
473181947 -1
473311579 -1
473316150 -1
473329155 -1
473341451 -1
473455671 1
473523612 1
473612203 -1
473714346 1
473733138 -1
473741652 -1
473949599 -1
473958312 1
473995229 -1
474055693 -1
474074348 -1
474083712 1
474115077 1
474190985 1
474234179 -1
474253704 1
474311172 -1
474331483 -1
474444374 -1
474465603 -1
474514475 -1
474564107 1
474564189 1
474645424 1
474680484 1
474714909 -1
474735471 1
474919840 1
474941392 -1
475091655 -1
475130641 -1
475203452 -1
475243939 1
475276044 -1
475310462 1
475361115 -1
475364583 -1
475368837 1
475469854 -1
475717680 -1
475740813 -1
475821334 -1
475966267 -1
476029243 1
476030888 1
476053480 1
476069555 -1
476120630 1
476232154 -1
476264385 1
476278900 1
476348724 1
476420182 -1
476436915 1
476453635 -1
476484204 -1
476509455 -1
476588377 1
476608729 1
476623102 -1
476650689 -1
476656220 -1
476674307 -1
476699277 1
476822514 1
476913119 -1
476968129 -1
476994851 1
477045950 -1
477072344 1
477253584 -1
477261235 -1
477265171 -1
477375437 -1
477409725 -1
477477815 1
477490993 1
477541064 -1
477597174 -1
477725219 1
477788760 1
477851014 -1
477862389 -1
477906592 -1
477909766 -1
477977273 1
478058750 -1
478069643 -1
478160765 1
478261266 -1
478274723 1
478329853 -1
478331509 -1
478371780 -1
478376634 1
478392377 -1
478471228 -1
478485140 -1
478499584 -1
478505457 -1
478543444 1
478584480 -1
478594737 1
478594970 1
478663617 -1
478668207 -1
478709778 -1
478716382 1
478720555 -1
478721349 -1
478740407 -1
478746106 1
478762935 -1
478763379 1
478861057 1
478970986 1
478972029 -1
478977057 -1
479059750 -1
479117078 1
479168775 1
479176663 1
479248762 1
479302542 -1
479527798 -1
479575924 1
479630810 -1
479654827 1
479659197 1
479720529 -1
479738880 1
479789794 -1
479804354 -1
479954137 -1
479964521 -1
479986175 1
480044551 -1
480055130 1
480087589 1
480121844 -1
480131955 -1
480159239 1
480238504 -1
480288212 -1
480421826 -1
480467889 1
480602639 -1
480629880 -1
480632814 1
480633005 1
480711938 -1
480759319 -1
480795986 1
480850506 -1
480871884 1
480889965 -1
480980810 1
481012297 -1
481039095 1
481153545 1
481185108 -1
481203044 1
481264435 -1
481275727 1
481337980 1
481366222 1
481387519 1
481446710 1
481458375 1
481467432 1
481514555 -1
481518921 -1
481529631 1
481550238 1
481577401 -1
481594390 -1
481812717 -1
481857365 1
481866483 1
481869088 1
481945116 1
481990822 -1
482050998 -1
482069740 -1
482091771 1
482264908 1
482335679 1
482345925 1
482481225 1
482527015 1
482568399 -1
482586358 1
482736552 -1
482737494 -1
482761980 -1
482767800 1
482821753 -1
482830655 1
482842631 1
482867367 1
482917439 -1
482924420 1
483042143 1
483056487 -1
483135179 -1
483245814 -1
483420036 -1
483564682 1
483570320 1
483689673 1
483769467 -1
483818952 -1
483881338 -1
483936124 1
483994624 1
484036382 1
484060665 1
484089807 1
484092011 -1
484113349 1
484151240 1
484179792 -1
484220663 1
484317436 1
484363661 -1
484406250 1
484417281 -1
484447970 -1
484453007 -1
484472179 1
484505927 -1
484536597 -1
484554533 1
484558230 1
484594954 -1
484712933 1
484780621 -1
484788946 -1
484796521 1
484808462 1
484873654 1
484951365 1
484961142 1
484962182 1
484991751 -1
485189203 -1
485351328 -1
485358868 -1
485361004 -1
485376558 1
485490651 -1
485498631 -1
485731212 1
485741929 -1
485753031 -1
486002406 -1
486098275 -1
486100976 -1
486162790 -1
486173581 -1
486180480 -1
486211866 1
486312723 -1
486326629 1
486327482 -1
486333089 -1
486365537 -1
486429915 -1
486443289 1
486495453 -1
486507844 -1
486669532 -1
486861272 1
486896518 -1
486928444 1
486955507 1
486970763 -1
487028755 1
487081249 -1
487112989 1
487132316 1
487134571 1
487385355 -1
487416247 -1
487537028 -1
487552933 -1
487587528 1
487595467 1
487612240 -1
487630630 -1
487641142 -1
487747789 -1
487807118 1
487812537 -1
487842239 1
487853506 1
487907326 -1
487917110 1
487970935 -1
488013214 1
488035030 1
488065950 -1
488099616 1
488137958 -1
488199135 -1
488268135 1
488433949 1
488484107 -1
488827693 -1
488921084 1
488971215 -1
488982393 -1
488982954 -1
489019027 1
489067620 -1
489091979 -1
489095799 1
489144165 1
489225573 -1
489274261 1
489393374 -1
489406626 1
489450797 -1
489459731 -1
489482343 -1
489544782 -1
489701300 -1
489751041 1
489804869 1
489839612 1
489880449 -1
489897839 -1
490012544 1
490154166 1
490307109 1
490334539 1
490482326 -1
490507273 -1
490559371 -1
490563927 -1
490573897 1
490670201 1
490732111 -1
490738781 1
490770506 -1
490930992 1
490997222 -1
491055869 -1
491078014 1
491121467 -1
491142332 -1
491144509 -1
491211075 1
491225275 -1
491299764 -1
491313569 1
491380958 -1
491392742 -1
491503183 1
491506666 -1
491558072 -1
491563809 1
491624578 -1
491652867 1
491719671 -1
491765016 1
491773465 1
491792894 -1
491895415 -1
491896263 -1
491972372 -1
491991073 1
492067665 1
492126622 -1
492153544 1
492174636 1
492207073 -1
492283266 -1
492298850 -1
492346447 1
492610831 -1
492680117 1
492703879 -1
492718249 -1
492726612 -1
492732272 1
492735617 1
492758601 -1
492768409 1
492788994 -1
492856759 1
492898462 1
492912325 1
492918694 1
492980899 1
493013625 -1
493122300 -1
493135371 -1
493150516 1
493189332 1
493191368 1
493200392 1
493238353 1
493256984 -1
493301530 1
493402597 1
493417056 1
493450156 -1
493568553 1
493639992 -1
493718390 -1
493741027 1
493753288 1
493763570 1
493926453 1
494119310 -1
494205963 -1
494275608 1
494354668 -1
494384487 -1
494405537 1
494425679 -1
494569107 1
494610827 -1
494629210 1
494629716 -1
494665377 1
494748182 1
495085282 1
495291922 -1
495294980 -1
495313994 -1
495373215 -1
495432261 1
495521744 1
495572074 -1
495579991 -1
495635810 -1
495678908 1
495693762 -1
495733982 1
495794109 -1
495822120 -1
495864451 -1
495973238 -1
495974150 -1
496063917 -1
496169723 1
496201334 -1
496281115 -1
496310205 -1
496322499 1
496368729 -1
496369499 1
496389673 -1
496489411 -1
496509777 1
496620332 1
496663856 -1
496670742 1
496802988 1
496843626 -1
496845677 1
496980864 -1
497170017 1
497197012 1
497249341 -1
497287160 1
497302168 -1
497313047 -1
497367874 1
497468055 -1
497513821 1
497516751 1
497521254 1
497527088 1
497588071 -1
497602433 1
497745143 -1
497762382 1
497816917 -1
497835891 -1
497851756 1
497897027 -1
497924383 -1
497934325 1
497983462 -1
497989634 -1
498216107 1
498237546 -1
498251701 -1
498286837 -1
498290827 1
498359776 1
498409419 -1
498456842 -1
498470827 -1
498582625 1
498611124 1
498706972 1
498775124 1
498784727 1
498786446 1
498832690 -1
498834460 -1
498858531 1
498859497 1
498866511 1
498939941 1
498946908 1
499000591 -1
499073063 -1
499181286 -1
499253278 -1
499290368 1
499396617 -1
499444842 -1
499450719 -1
499456488 1
499494415 -1
499560113 1
499583319 -1
499717897 1
499770284 1
499809132 1
499900092 1
499908075 -1
500276405 -1
500293161 1
500333244 1
500368720 -1
500401092 1
500437093 -1
500609113 -1
500735920 1
500768920 -1
500823092 1
500823355 1
500872201 -1
500876960 -1
500909213 1
500919437 1
500928418 -1
500955743 -1
501021038 1
501021255 -1
501032614 -1
501063804 1
501124593 1
501288767 1
501290203 1
501426264 -1
501441243 -1
501498856 1
501529438 1
501560964 1
501592603 -1
501611444 -1
501713660 -1
501778959 1
501797895 -1
501802664 -1
501813946 -1
501902758 1
501908951 1
501910761 1
501922058 1
501967089 -1
501967605 -1
501979918 -1
501998443 1
502133706 -1
502185965 1
502225203 -1
502409222 -1
502568338 -1
502870575 -1
502886897 1
502926587 1
502994467 -1
503067522 1
503089364 -1
503089612 -1
503113007 1
503117614 1
503181584 1
503264284 1
503273522 1
503274541 -1
503283651 -1
503407844 -1
503480704 1
503598677 -1
503599832 -1
503615519 1
503628506 1
503656520 1
503661992 -1
503674526 1
503827812 -1
503851430 -1
503862235 1
503862236 1
503872780 1
503993852 1
503996711 1
504021495 1
504028848 -1
504030523 1
504065641 -1
504137153 1
504148622 1
504188066 -1
504286097 -1
504377220 1
504424731 -1
504456645 -1
504502969 -1
504557576 1
504573874 1
504621852 -1
504624766 -1
504628877 1
504638098 1
504645032 -1
504659196 1
504744426 1
504797386 -1
504815147 1
504830855 -1
504843107 1
504854571 -1
504927645 -1
505031183 -1
505052930 -1
505093051 1
505101843 -1
505106754 -1
505138344 -1
505147323 1
505267642 1
505306237 -1
505327996 1
505336633 1
505389287 -1
505406688 1
505477900 -1
505525561 -1
505559238 -1
505686026 1
505762732 1
505782724 -1
505921198 -1
506033109 1
506182007 1
506186346 1
506187834 1
506221791 1
506243340 -1
506261885 1
506285167 1
506329343 -1
506375100 1
506386963 1
506411020 1
506418724 -1
506494454 1
506536347 1
506618114 -1
506672273 -1
506673664 -1
506674018 -1
506703121 1
506791390 1
506810361 -1
506863482 -1
506972227 1
507034510 1
507048366 1
507103281 -1
507108153 -1
507158491 1
507161440 -1
507165759 -1
507325367 -1
507454166 1
507504020 1
507583383 -1
507702978 -1
507730573 1
507801438 1
507882886 -1
507996075 -1
508090712 1
508160907 1
508195481 -1
508246098 1
508253873 1
508384550 -1
508388280 -1
508430269 1
508435791 1
508548632 -1
508639225 -1
508661192 1
508668258 1
508785579 -1
508791533 -1
508791628 1
508851687 1
508890618 -1
508894054 -1
508902049 -1
508944571 1
508956489 1
508991966 -1
509073989 -1
509092950 1
509102609 1
509200530 1
509202511 1
509231292 -1
509320884 -1
509356813 -1
509365292 1
509375957 1
509390338 -1
509393930 1
509433977 1
509517270 -1
509575581 -1
509608148 1
509631854 -1
509660811 -1
509767345 -1
509854735 -1
509885365 -1
509939502 -1
509949505 -1
510040680 1
510042951 1
510067539 1
510069087 1
510224184 1
510246364 1
510256426 -1
510281398 -1
510326069 1
510355907 -1
510383488 1
510460450 -1
510460589 1
510559769 1
510584720 1
510772180 1
510780775 -1
510819484 1
510863840 -1
510997550 1
511048675 -1
511059744 -1
511064281 -1
511101465 1
511109677 1
511151809 -1
511156054 -1
511171804 1
511225695 -1
511231881 -1
511250479 1
511288779 -1
511350064 1
511603903 1
511623389 1
511628238 1
511655878 -1
511676781 -1
511679721 1
511759176 -1
511777332 1
511811776 1
511854263 1
511918972 1
511937840 -1
511997920 1
512008779 -1
512013462 -1
512045521 1
512145148 1
512216115 1
512225034 1
512331062 1
512332685 -1
512412793 -1
512427645 -1
512547512 1
512583972 -1
512625572 -1
512649641 1
512688283 -1
512719399 1
512723116 1
512724820 1
512750356 -1
512773697 -1
512802384 -1
512809416 1
512881691 -1
512978898 -1
512986322 1
513022280 -1
513063318 -1
513099273 -1
513151060 -1
513174453 1
513207230 -1
513212105 -1
513253360 1
513256751 1
513301908 -1
513337628 1
513486175 -1
513500878 1
513571065 -1
513714720 1
513721017 1
513853912 1
513854429 1
513885493 1
513955335 1
513973596 1
514058578 1
514096136 -1
514124401 1
514133986 1
514137559 -1
514164840 1
514463389 1
514472463 -1
514484248 -1
514487470 1
514532326 -1
514543457 -1
514543839 -1
514563542 1
514571277 1
514620249 -1
514623605 -1
514625185 -1
514626902 -1
514634065 1
514641498 1
514770658 -1
514771844 1
514813042 1
514971040 -1
515018838 1
515070395 1
515223286 -1
515316715 -1
515318128 -1
515324124 -1
515412598 -1
515413759 -1
515446015 -1
515453108 1
515466780 1
515482818 -1
515489180 -1
515493337 -1
515500891 -1
515509965 1
515571018 -1
515654731 1
515670118 -1
515710435 1
515740485 -1
515845055 1
515848562 -1
515935807 -1
515954726 1
516029973 1
516032633 1
516049353 1
516086059 -1
516321582 1
516377477 -1
516392377 1
516399556 1
516477247 1
516541876 -1
516552135 1
516755008 1
516769731 -1
516844194 1
516861512 -1
516877526 -1
516896336 -1
516986901 -1
517003979 1
517091401 1
517135509 -1
517187816 1
517191841 1
517243463 -1
517317902 -1
517475769 1
517499491 -1
517570731 1
517662289 1
517694241 1
517735722 -1
517765446 -1
517845644 -1
517854439 -1
517957530 1
517959402 1
517991484 1
518038405 -1
518067732 -1
518140419 1
518269504 1
518361913 -1
518384418 -1
518401447 -1
518420676 1
518472298 -1
518486419 1
518568049 1
518632058 -1
518649962 -1
518668199 1
518691595 1
518879832 -1
519017255 -1
519048088 -1
519343564 -1
519400261 1
519452792 1
519642173 1
519700790 1
519765915 1
519845590 -1
519969891 -1
519973021 1
519985761 1
520048655 -1
520082922 -1
520105779 1
520126683 1
520228709 1
520264125 1
520304351 -1
520305802 -1
520327255 1
520359767 1
520414812 1
520493738 -1
520499923 1
520543477 1
520547365 -1
520551789 1
520591497 1
520659505 1
520714736 1
520746800 1
520804235 1
520840774 -1
520853131 1
520940939 1
520958461 1
520971924 1
520981426 1
521013073 -1
521052643 1
521091006 -1
521145665 1
521247452 -1
521291242 -1
521295291 1
521365503 -1
521382070 1
521493126 1
521637964 -1
521681646 -1
521683466 1
521715213 -1
521829772 1
521842226 -1
521923533 1
522023918 1
522053081 -1
522094252 1
522120943 1
522133913 -1
522135840 1
522137146 1
522146233 1
522277309 1
522304956 1
522371022 -1
522444059 1
522532542 1
522560890 1
522577170 -1
522591496 -1
522619698 1
522631594 1
522641721 1
522653688 1
522682886 -1
522708798 1
522738624 1
522809084 1
522811734 1
522841832 -1
522952522 -1
523008191 1
523029047 1
523047876 -1
523055633 -1
523088142 1
523088672 1
523101476 -1
523210416 -1
523348829 -1
523399439 -1
523429773 1
523440138 -1
523499108 -1
523521712 1
523595185 1
523694380 1
523778784 1
523813540 1
523871807 1
523914417 -1
523937548 -1
524113120 -1
524120917 -1
524125380 1
524155512 1
524173767 1
524184182 1
524271519 -1
524279625 -1
524333141 -1
524359963 -1
524469686 -1
524476108 -1
524486006 1
524487492 1
524504875 1
524567162 -1
524593283 -1
524620233 -1
524632073 -1
524674782 1
524699663 1
524752602 1
524756587 1
524796810 1
525012666 1
525054468 -1
525088897 -1
525102184 1
525110814 -1
525179172 -1
525185643 -1
525188520 -1
525201485 1
525209602 1
525214134 1
525298155 1
525349442 -1
525355784 -1
525361344 -1
525390171 1
525607430 -1
525634958 1
525686638 -1
525725360 1
525744695 1
525812900 -1
525837844 1
525897229 -1
526052211 -1
526075997 -1
526077343 1
526164256 -1
526179634 1
526194687 1
526204089 1
526293773 1
526303296 1
526316863 -1
526332834 -1
526351170 1
526412072 -1
526453193 1
526460363 1
526528088 1
526570743 -1
526612608 -1
526717014 1
526737320 1
526806498 1
526815673 1
526894934 -1
526925636 -1
526945881 -1
526994472 1
527013337 1
527126427 -1
527147775 -1
527175640 1
527222750 -1
527322031 -1
527407453 1
527509237 1
527630932 -1
527660761 -1
527672724 1
527682651 -1
527683346 -1
527710446 1
527737321 -1
527797938 1
527826439 1
527844876 1
527955538 1
527969856 1
528025199 -1
528098191 -1
528112822 -1
528169972 1
528188481 1
528208545 -1
528226345 -1
528330193 1
528381684 -1
528388622 -1
528400217 1
528453929 -1
528466992 -1
528490168 -1
528506790 1
528544484 1
528556806 -1
528599783 1
528624130 1
528745970 -1
528774388 -1
528807205 -1
528827232 -1
528844719 -1
528879561 -1
528881663 1
528982298 -1
528993369 1
529010137 1
529019654 -1
529020471 -1
529078723 -1
529163364 1
529379479 -1
529451719 -1
529463304 -1
529484502 1
529575878 1
529600119 1
529624195 1
529679489 1
529737783 -1
529745995 1
529828925 -1
529852501 1
530010488 1
530081223 -1
530094096 -1
530160121 1
530191331 1
530219401 1
530278093 -1
530349054 -1
530408183 -1
530524245 -1
530548034 -1
530576251 1
530622628 -1
530638494 -1
530659124 1
530663054 1
530729826 1
530764752 1
530838251 1
530856283 1
530861869 1
530896204 -1
530907432 -1
530964192 1
530989724 -1
531028849 1
531157789 -1
531187590 1
531367115 1
531415794 1
531487829 -1
531539757 1
531553942 1
531577718 1
531654278 1
531666031 -1
531728131 1
531731428 1
531766928 -1
531857472 -1
531874066 1
531891909 -1
531905808 1
531917530 1
532011914 1
532056891 -1
532074162 -1
532081290 1
532124385 -1
532150260 1
532171122 1
532186282 1
532307498 -1
532342761 -1
532354358 1
532452601 -1
532487688 -1
532498284 -1
532525283 -1
532583613 -1
532586387 -1
532614281 -1
532716252 1
532829814 1
532895450 -1
532958125 -1
533031933 -1
533162660 1
533220772 -1
533280863 1
533319238 -1
533353851 1
533409317 -1
533503355 -1
533572767 1
533664333 1
533760030 -1
533808078 1
533902764 1
533976138 1
534027079 1
534187094 -1
534213742 -1
534231600 -1
534266991 1
534283179 -1
534304104 -1
534313273 -1
534404404 -1
534431837 -1
534467821 -1
534487638 1
534665715 -1
534760707 -1
534782621 -1
534844610 -1
534924820 -1
534938712 -1
534971268 1
535059362 1
535060065 -1
535076544 1
535096226 -1
535168061 1
535239700 1
535464605 1
535510881 -1
535524047 1
535534901 1
535543960 1
535616124 1
535666536 -1
535690287 -1
535736159 1
535775966 -1
535777033 -1
535844698 -1
535880645 1
535923436 1
535984460 1
536027600 -1
536079427 1
536124281 -1
536140964 1
536187639 -1
536320979 -1
536408890 -1
536424933 1
536426571 -1
536427491 1
536515753 -1
536665160 -1
536680056 -1
536692065 1
536778956 -1
536782936 1
536818715 1
536827459 1
536956281 -1
536989119 1
537001077 1
537059075 1
537144551 1
537236481 1
537403947 -1
537405780 -1
537422617 1
537476080 -1
537496435 -1
537619697 1
537670641 -1
537677561 -1
537687400 -1
537694811 1
537724062 -1
537832263 1
537848326 -1
538003691 1
538028843 -1
538150853 1
538189239 -1
538316863 -1
538323609 -1
538389171 -1
538419083 1
538587279 -1
538603900 1
538675257 -1
538695103 1
538699253 1
538769956 -1
538810221 1
538829747 -1
538852916 -1
538948086 -1
539089170 1
539209280 -1
539256053 1
539433650 -1
539453062 1
539475641 1
539516401 1
539524735 1
539595477 -1
539608916 1
539642577 1
539644296 1
539728557 1
539742477 -1
539766380 -1
539858981 -1
539873114 -1
539954190 -1
539964636 -1
540042106 -1
540067805 1
540092409 -1
540095955 -1
540145910 -1
540154048 1
540194781 1
540260378 -1
540423170 -1
540454315 1
540461395 1
540520399 1
540614188 1
540660158 1
540672978 -1
540735817 1
540802083 1
540848605 1
540944077 -1
540981393 1
541064172 -1
541076233 1
541156866 -1
541306927 -1
541390953 -1
541393907 -1
541397615 -1
541442310 1
541536558 -1
541592443 -1
541620916 1
541722933 1
541768524 -1
541797673 -1
541991234 1
542120179 1
542154460 -1
542175634 1
542244729 -1
542251397 -1
542263404 1
542294010 1
542324785 -1
542336777 1
542418927 -1
542420946 -1
542511398 -1
542523440 -1
542559190 1
542584033 -1
542612922 -1
542633483 1
542647185 1
542696787 -1
542714505 -1
542813389 1
542836393 1
542844250 1
542910496 1
543023306 1
543070743 -1
543084881 1
543099599 -1
543114363 -1
543130203 -1
543188014 1
543194089 1
543211830 -1
543401212 1
543413312 1
543627743 -1
543631727 1
543640790 1
543696587 -1
543721355 -1
543776168 -1
543790399 -1
543790734 -1
543805846 -1
543854755 1
543887775 -1
543909523 -1
543920521 1
543933150 1
544088819 -1
544135300 1
544267127 -1
544280261 -1
544394844 1
544401670 1
544447351 -1
544447761 -1
544456300 -1
544457923 -1
544540800 -1
544549200 -1
544592303 1
544638925 -1
544698588 -1
544709986 -1
544809682 -1
544896130 -1
544965812 -1
545001215 -1
545006017 -1
545070597 -1
545071792 -1
545073583 -1
545106783 -1
545149445 -1
545233159 1
545290123 -1
545327071 1
545392557 1
545452048 -1
545466872 -1
545549707 1
545605005 1
545607603 -1
545681703 1
545688930 1
545713327 -1
545865079 1
545955178 1
545955470 1
546041025 1
546124715 -1
546143111 1
546193700 1
546211578 -1
546212193 1
546291411 -1
546326607 1
546333482 1
546391597 -1
546417227 1
546439057 -1
546461163 1
546479873 -1
546657558 -1
546958200 -1
546959531 1
547024669 -1
547028661 1
547052154 1
547094956 1
547136846 1
547239577 1
547442421 -1
547512238 -1
547574924 -1
547589500 -1
547609429 1
547627217 1
547662527 -1
547664224 -1
547674450 -1
547688876 -1
547708891 -1
547759914 1
547763560 -1
547831207 1
547834516 1
547922675 -1
547934261 -1
547942113 -1
547960858 -1
547992925 1
548033057 -1
548069398 -1
548074662 1
548122637 -1
548132904 1
548180855 1
548338602 1
548361449 -1
548428760 1
548543187 1
548559198 -1
548559482 -1
548912952 1
548977674 -1
549066023 -1
549158634 -1
549175305 -1
549249272 -1
549566613 1
549672801 1
549676394 -1
549699474 1
549755493 1
549794666 -1
549810246 1
549838980 1
549844069 1
549905540 -1
549916718 -1
549969718 -1
550050824 -1
550155506 1
550232231 1
550236529 -1
550287747 -1
550287805 -1
550312482 1
550383398 -1
550389875 -1
550649305 1
550673430 1
550694405 1
550696538 1
550770436 1
550820115 -1
550977812 1
551019571 -1
551031875 -1
551043582 -1
551057154 1
551063890 1
551065001 1
551088893 1
551260334 1
551282362 1
551295975 1
551300141 1
551300542 1
551330308 1
551469054 1
551629799 1
551779085 -1
551793369 1
551925491 1
552061566 -1
552067075 -1
552089863 1
552095614 1
552114092 -1
552143863 -1
552195801 -1
552285060 1
552327805 -1
552332938 -1
552477880 -1
552541234 1
552573688 -1
552690077 -1
552731145 1
552731938 1
552738127 1
552772779 -1
552819913 -1
552865178 1
553116378 1
553189822 -1
553208847 1
553266572 -1
553291386 1
553393572 -1
553417961 -1
553433523 1
553648072 -1
553655606 -1
553684677 1
553697402 1
553705851 -1
553805564 1
553825154 -1
553839358 -1
553863450 1
553959822 -1
554115795 -1
554191060 1
554230619 1
554312566 -1
554324056 1
554418433 1
554423918 -1
554452024 1
554506976 -1
554545898 1
554611080 1
554681503 1
554708607 1
554773955 -1
554808516 -1
554841322 -1
554950325 -1
554951145 -1
554987683 1
555007570 1
555157735 -1
555167393 1
555217077 1
555252161 -1
555294264 -1
555353784 1
555367407 1
555399128 -1
555437497 -1
555474555 1
555532721 1
555580320 -1
555709218 1
555734782 1
555818025 -1
555821969 -1
555835781 1
555861556 -1
555946853 1
555947717 1
556018387 -1
556052855 -1
556120256 1
556159634 1
556286890 -1
556292765 -1
556301992 -1
556305323 1
556346156 -1
556353575 -1
556406896 1
556438865 1
556440444 1
556558258 -1
556588488 1
556693917 1
556743712 -1
556752432 -1
556860445 1
557062805 1
557063392 1
557082571 -1
557154908 1
557159922 1
557172371 1
557204797 1
557209018 -1
557335717 1
557418098 1
557419308 -1
557430017 1
557495848 -1
557624807 1
557684293 -1
557922971 1
557930204 -1
557935807 1
557960279 -1
557989348 -1
557998033 1
558177669 -1
558221460 -1
558243583 1
558313034 1
558324975 1
558393507 1
558406141 1
558419873 -1
558456126 -1
558529793 -1
558530463 -1
558589801 1
558624930 1
558631248 -1
558680807 1
558733938 -1
558769335 1
558818086 -1
558883255 -1
559043593 1
559071424 1
559116511 -1
559186771 -1
559193373 -1
559213802 -1
559229825 1
559308493 -1
559326901 1
559346872 1
559400295 1
559464100 1
559552693 1
559572769 1
559575676 -1
559632780 1
559649565 -1
559695561 1
559717257 1
559858696 -1
559879291 -1
559911021 -1
559963192 1
559972682 -1
560030209 -1
560046716 -1
560056598 -1
560085252 1
560090884 -1
560182826 1
560187459 1
560190825 1
560230890 -1
560296015 1
560307806 -1
560308336 1
560355792 -1
560370219 1
560495184 -1
560612735 1
560636108 1
560749347 1
560759781 1
560890993 -1
560927066 1
560948475 1
560962597 -1
561059983 1
561079421 1
561371945 -1
561382278 1
561489353 -1
561491397 -1
561494762 1
561505735 1
561571204 -1
561584733 -1
561615243 1
561621681 -1
561681893 -1
561753274 -1
561759605 -1
561770478 -1
561837468 -1
561985373 1
562192371 1
562202006 1
562240004 -1
562259975 1
562269490 1
562361523 1
562369870 1
562375773 1
562411121 -1
562487201 1
562538643 -1
562576660 1
562592664 -1
562595975 1
562668062 1
562694090 -1
562842523 -1
562864942 -1
562999020 -1
563003992 -1
563139467 1
563181291 1
563259172 -1
563264989 -1
563267997 -1
563299492 -1
563314304 1
563322067 1
563327608 1
563350785 1
563394763 -1
563407967 1
563409560 -1
563445068 1
563467407 -1
563474250 -1
563495002 1
563501242 1
563602363 1
563686120 1
563711899 -1
563741988 -1
563769121 -1
563916830 1
563986460 1
564006335 1
564090126 1
564218649 -1
564286089 1
564341752 -1
564477022 1
564538134 -1
564615827 -1
564637006 -1
564672172 1
564769533 -1
564941690 1
564983895 -1
565000992 1
565066938 1
565097179 1
565102698 -1
565122586 1
565128792 1
565149906 1
565189140 -1
565289178 -1
565307741 -1
565310034 1
565497113 -1
565523321 -1
565580073 -1
565585907 -1
565596317 1
565611048 1
565662631 1
565769755 -1
565800213 1
565866590 -1
565869886 -1
566003469 1
566090743 1
566106216 1
566139825 -1
566290861 1
566318775 1
566383672 1
566538724 1
566561664 1
566566865 1
566576903 1
566626094 -1
566692804 -1
566730121 -1
566924499 -1
566935268 -1
566943176 1
566977291 1
567149559 -1
567185646 -1
567189934 -1
567306736 -1
567308686 -1
567344148 1
567363078 -1
567491566 -1
567498528 1
567511706 1
567515933 1
567518368 1
567546039 1
567617029 1
567618346 1
567699273 -1
567801021 1
567870728 -1
567875061 -1
567920053 1
567932640 1
568001781 1
568011371 1
568059486 -1
568083708 -1
568236435 1
568365487 1
568454446 -1
568454638 -1
568456637 1
568457155 -1
568470666 -1
568508725 -1
568590687 -1
568596435 1
568658283 -1
568673949 1
568758375 -1
568787989 -1
568839367 -1
568898064 1
568936794 -1
569028552 -1
569119905 -1
569157924 1
569160067 1
569194605 -1
569232456 -1
569328771 1
569333886 -1
569382651 1
569391508 1
569441441 -1
569443041 1
569493770 1
569542139 1
569586883 -1
569603892 -1
569621648 -1
569657950 1
569743529 1
569795672 1
569956016 1
569964094 1
570007819 -1
570030229 1
570073638 -1
570115874 1
570187708 1
570215168 -1
570228714 1
570233877 1
570303523 -1
570308270 -1
570331635 1
570372968 -1
570419280 -1
570428243 1
570428797 1
570491727 1
570496417 -1
570512873 -1
570514952 -1
570595163 1
570615769 1
570625524 1
570630074 -1
570664179 1
570680598 -1
570716899 1
570729827 -1
570731259 -1
570749689 -1
570761588 -1
570764917 -1
570781263 -1
570812525 -1
570829447 1
570878377 -1
570891569 1
570969173 -1
571036851 -1
571091549 1
571150029 -1
571160273 -1
571169686 -1
571203371 1
571265517 -1
571316348 1
571379329 1
571450720 -1
571468320 1
571517011 1
571532731 -1
571547850 -1
571563014 1
571599719 1
571614672 -1
571633687 -1
571669418 1
571684974 1
571727181 -1
571741263 -1
571829179 -1
571849314 -1
571938942 -1
571940242 -1
572017703 -1
572091769 1
572107179 -1
572192793 1
572200576 1
572224325 -1
572247877 1
572264033 1
572365921 -1
572502078 -1
572535819 1
572556055 -1
572646622 1
572728691 1
572734221 1
572794361 -1
572806910 -1
572918026 1
572924400 1
572996376 1
573084809 -1
573093951 -1
573109521 -1
573163162 -1
573200540 1
573205298 -1
573262151 -1
573322985 1
573431103 1
573436986 1
573605778 1
573645439 1
573670621 -1
573679043 -1
573734528 1
573811116 -1
573857687 1
573857869 -1
573904885 -1
573911583 -1
573940007 -1
574007876 1
574133217 -1
574182168 1
574229778 -1
574244706 -1
574302166 1
574375342 1
574383689 1
574386753 1
574462799 -1
574487656 1
574491916 1
574493827 1
574571695 1
574644399 1
574706885 1
574760700 -1
574777613 1
574870253 1
574902816 1
574953562 -1
575053944 -1
575061121 1
575191793 -1
575199339 -1
575204119 1
575211121 -1
575232682 1
575272268 1
575315786 -1
575435063 1
575483606 1
575512257 -1
575586121 1
575692991 1
575717269 1
575742378 1
575776861 -1
575811442 -1
575920847 -1
575942202 1
575950634 -1
575955035 1
575997850 -1
575998982 -1
576046032 1
576048921 1
576106047 1
576203084 -1
576209114 1
576237260 1
576320527 1
576357151 1
576373498 -1
576430010 -1
576487842 -1
576544509 -1
576575558 -1
576591768 -1
576608382 -1
576610550 -1
576681465 -1
576745616 1
576798892 -1
576852639 -1
576878108 1
576896724 -1
576982059 -1
576984887 -1
577052638 1
577104037 1
577120475 1
577164611 1
577165039 1
577194156 -1
577231736 -1
577232946 -1
577318298 1
577369193 -1
577467484 -1
577488916 -1
577492864 1
577620709 1
577678208 -1
577724651 1
577733159 -1
577768068 -1
577769890 -1
577840580 -1
577918021 1
578099048 1
578127473 1
578327702 -1
578339549 -1
578404506 1
578512054 1
578547513 -1
578586102 1
578595280 1
578653800 -1
578689280 1
578989642 1
579052028 -1
579254332 1
579306751 -1
579355870 1
579363853 1
579465313 1
579479106 1
579486688 1
579523049 -1
579539201 -1
579540489 -1
579543059 -1
579545176 -1
579560146 1
579568154 1
579639585 -1
579641998 -1
579652654 1
579676018 1
579812820 1
579962331 1
579969054 1
579981363 1
580014080 -1
580025842 -1
580026841 -1
580032087 -1
580074613 1
580215558 -1
580250044 -1
580254204 1
580288785 -1
580322011 -1
580326193 -1
580456327 1
580488585 -1
580497147 -1
580508716 -1
580515383 -1
580626201 -1
580669078 1
580679136 1
580733487 1
580743537 1
580804752 -1
580808958 -1
580820923 -1
580844899 1
580912065 -1
580946801 1
580950619 1
581064437 1
581107042 -1
581112805 -1
581181014 -1
581181771 -1
581209660 -1
581290075 -1
581309322 -1
581344818 1
581447274 1
581506018 -1
581517188 1
581521403 1
581554270 1
581566532 -1
581641844 1
581656986 1
581672536 1
581693149 -1
581765935 -1
581802908 -1
581830899 1
581839242 -1
581855391 1
581870804 1
581915767 1
581928913 1
582092066 -1
582171892 -1
582192412 -1
582227357 1
582253241 -1
582314226 1
582319146 -1
582331359 1
582415807 1
582445532 -1
582462532 1
582504625 1
582531159 1
582638298 1
582666029 -1
582732046 1
582743755 1
582783465 -1
582880988 -1
582887813 -1
582985847 -1
583001883 1
583080315 -1
583155829 -1
583196782 1
583241460 1
583253348 -1
583293657 1
583345733 -1
583350886 -1
583378911 -1
583391986 1
583488407 1
583490151 1
583495533 1
583537847 -1
583539644 -1
583576030 -1
583614860 1
583633083 1
583846996 -1
583857384 -1
583862714 -1
583872187 -1
583894750 1
583914304 1
583987009 1
583997768 1
584064198 -1
584082590 1
584186280 1
584201357 -1
584223761 1
584250061 -1
584292544 1
584341417 -1
584433322 -1
584448507 -1
584493279 1
584515784 1
584571611 1
584665810 -1
584668887 -1
584686384 1
584759324 -1
584785640 1
584829725 1
584884103 1
584939503 1
584974793 1
584982060 1
585008947 1
585058532 -1
585072493 1
585156523 -1
585189011 1
585215220 1
585250039 -1
585256084 -1
585286728 1
585296388 -1
585306545 1
585343710 -1
585377773 1
585386187 1
585504342 -1
585561666 1
585580021 1
585709513 1
585732510 1
585738638 -1
585775739 1
585946511 -1
585973833 1
586009825 -1
586015416 -1
586055836 -1
586056506 -1
586078327 1
586097758 1
586207052 -1
586293224 -1
586340622 -1
586345859 -1
586373778 1
586454184 1
586454839 1
586540878 -1
586713755 -1
586728512 -1
586758776 1
586830520 -1
586839201 -1
586867467 1
586951115 1
586993265 -1
586994930 -1
587063092 1
587231217 -1
587265840 1
587271653 1
587303980 -1
587328646 -1
587345766 -1
587359031 1
587391949 -1
587415913 -1
587426250 -1
587441943 -1
587494877 -1
587552103 1
587560048 1
587640025 -1
587855491 1
587873069 1
587887371 -1
587907620 -1
587909174 -1
587943626 -1
587957623 1
587970899 1
588000868 -1
588032714 -1
588059140 1
588060347 1
588064919 1
588066934 1
588081123 1
588135923 -1
588156569 1
588157674 1
588161307 -1
588174540 1
588288001 -1
588306895 -1
588418165 -1
588512890 -1
588548860 1
588563053 1
588575010 1
588626448 -1
588754538 1
588756707 1
588769738 1
588837711 -1
588849685 1
588851675 1
588939320 -1
588946584 1
589043162 1
589088915 1
589140053 1
589140397 1
589148178 1
589163000 -1
589186821 1
589206485 -1
589241607 1
589260357 -1
589278614 -1
589482452 1
589555952 1
589756900 1
589764185 1
589784841 1
589822897 -1
589856734 1
589929739 -1
589941637 1
590042892 1
590080728 -1
590115376 -1
590149354 1
590222698 -1
590307166 1
590347075 -1
590407463 -1
590534100 -1
590545777 1
590546351 1
590566814 1
590614455 -1
590621578 1
590639172 1
590653105 1
590687393 -1
590731736 -1
590752637 1
590868209 1
590877620 1
590907384 -1
590912935 -1
590917314 -1
590930493 -1
590970165 -1
591018210 -1
591107844 -1
591125957 -1
591156228 1
591323698 -1
591364732 1
591495337 -1
591581026 1
591593948 -1
591625971 -1
591650736 1
591657686 1
591706095 -1
591791214 1
591809041 1
591827252 -1
591834407 -1
591868090 1
591926133 -1
591981190 1
592034561 -1
592057812 1
592074707 -1
592112156 -1
592137959 1
592230162 -1
592243426 1
592395668 -1
592441154 1
592531353 -1
592534911 -1
592641167 1
592730082 -1
592792424 1
592808739 -1
592863096 1
592909267 -1
592916044 1
593003494 1
593122060 -1
593142989 1
593222083 -1
593230357 -1
593321774 1
593441088 -1
593495361 -1
593512935 1
593555787 1
593602730 -1
593614180 -1
593666189 1
593773011 1
593816163 -1
593942331 -1
593948496 1
594020772 -1
594049670 1
594090990 1
594130049 -1
594142105 -1
594170402 1
594224211 -1
594237077 1
594270545 1
594293245 1
594391726 -1
594400863 1
594438322 -1
594500644 1
594628772 -1
594655905 1
594670755 1
594777165 1
594806598 1
594811541 -1
594816558 -1
594869437 1
594901026 1
594910432 1
594934868 1
594976589 1
595028409 -1
595031354 -1
595051682 1
595063968 1
595097419 -1
595103951 -1
595127072 -1
595168992 1
595220284 -1
595251175 -1
595469386 -1
595477434 1
595505713 1
595519214 -1
595528470 -1
595550351 -1
595574975 1
595590646 -1
595641595 -1
595648809 -1
595697566 1
595757114 1
595846437 -1
595861196 -1
595955796 -1
595958194 1
595966346 1
595987445 -1
596040558 -1
596055216 -1
596061127 1
596176477 1
596182815 1
596250202 -1
596259356 -1
596283683 1
596332387 1
596553950 -1
596559206 -1
596563083 -1
596593333 -1
596604519 1
596617927 -1
596713438 -1
596747284 -1
596753982 -1
596761205 -1
596772877 1
596808504 1
596835853 -1
596905005 1
596943623 1
596945396 1
597008041 1
597028010 1
597128711 -1
597139590 -1
597250146 -1
597261964 -1
597270892 1
597280802 1
597305653 -1
597351913 -1
597359937 -1
597455225 -1
597473869 1
597534359 -1
597563367 1
597587030 1
597724798 -1
597832723 -1
597864555 -1
598025777 1
598079564 1
598094326 1
598128310 -1
598151350 1
598177097 -1
598234304 -1
598258235 -1
598259110 -1
598262978 -1
598284862 1
598292643 1
598295980 1
598313357 1
598342963 -1
598357894 -1
598437353 1
598441477 1
598457968 1
598488514 1
598530419 -1
598560938 -1
598584157 -1
598591644 1
598764568 -1
598898493 1
598945208 1
599026464 1
599035194 1
599096492 1
599206674 1
599258796 1
599316770 1
599348373 1
599366740 1
599398963 1
599454271 -1
599470182 -1
599475206 -1
599539198 1
599647404 1
599689095 -1
599697158 1
599740428 1
599822421 1
599881480 -1
599898701 -1
599969102 -1
600000094 -1
600017877 1
600028095 1
600040866 1
600099752 -1
600105393 -1
600124675 1
600188893 -1
600205064 -1
600230284 1
600245993 -1
600262432 1
600344291 1
600351106 1
600465806 1
600540244 1
600553393 -1
600603889 -1
600620135 1
600729512 1
600730298 1
600745281 -1
600924654 1
600967600 -1
601020914 -1
601060014 1
601091679 -1
601111879 -1
601142913 1
601180156 1
601228748 1
601269637 1
601335011 -1
601405565 -1
601535107 1
601546297 1
601571719 1
601584055 -1
601590952 1
601606583 -1
601630367 -1
601643736 1
601647468 1
601667099 1
601674676 -1
601739768 1
601751882 1
601833006 -1
601936184 1
601951162 1
601955929 1
602013469 -1
602026154 1
602027816 1
602036046 -1
602038182 -1
602065169 -1
602106948 -1
602149356 1
602221427 -1
602277312 -1
602280726 1
602344715 -1
602503338 1
602524729 1
602527701 -1
602540677 -1
602547347 -1
602656107 1
602755769 1
602783215 1
602801576 1
602894769 -1
603030942 -1
603050854 -1
603087528 -1
603131115 -1
603300539 -1
603369166 1
603420330 -1
603452355 -1
603453047 -1
603482200 1
603510605 -1
603594342 1
603598334 -1
603602123 -1
603648533 -1
603666600 -1
603678093 1
603774395 1
603783129 1
603797648 1
603824966 1
603830811 -1
603867804 -1
603884514 1
603888783 1
603919362 -1
603941312 1
603960124 -1
603972304 -1
604052680 -1
604058279 -1
604185637 1
604202976 1
604267321 -1
604271137 -1
604382339 -1
604416500 -1
604422655 1
604436098 1
604443730 -1
604493242 1
604615318 1
604712848 1
604744865 1
604801639 1
604828537 1
604852940 -1
604958797 -1
604978586 -1
604980148 -1
605007645 1
605052184 -1
605055110 -1
605058117 -1
605069293 -1
605075433 -1
605103082 -1
605161399 1
605169595 -1
605207849 1
605292691 -1
605309031 -1
605311429 1
605332252 1
605347824 1
605373016 1
605382434 -1
605396559 -1
605407278 -1
605409135 -1
605411925 1
605541566 1
605612204 -1
605627676 1
605636699 1
605697836 -1
605706798 -1
605932317 1
606001900 -1
606112774 -1
606176418 1
606179040 -1
606231793 1
606233175 1
606311985 1
606367815 1
606376568 -1
606387582 -1
606516696 -1
606594946 1
606596764 1
606617977 -1
606623240 -1
606657218 1
606668769 1
606734494 1
606845441 -1
606938159 -1
607046427 -1
607053406 1
607167428 1
607205532 1
607274040 1
607435152 -1
607458280 -1
607602524 1
607692757 1
607699556 1
607765562 -1
607863314 -1
607980613 1
608047587 -1
608121088 1
608143168 -1
608157775 -1
608260559 -1
608273936 -1
608295080 1
608386579 -1
608448759 1
608479199 -1
608495508 1
608496876 1
608513670 1
608532981 1
608593322 -1
608597869 1
608773670 -1
608885855 -1
608926583 1
608936929 1
608943076 -1
609115018 1
609189656 -1
609343895 1
609458413 -1
609510568 -1
609538206 1
609587496 -1
609605289 -1
609646616 -1
609801412 -1
609810214 -1
609848732 1
609853418 1
609923185 -1
609967120 1
609971429 1
610032031 -1
610041304 1
610247422 1
610249349 1
610329791 -1
610362215 1
610427513 -1
610487360 1
610501195 1
610523380 -1
610554661 -1
610655727 -1
610665546 1
610768542 1
610823903 1
610825542 -1
610913966 1
611073242 1
611119518 1
611130613 -1
611156415 -1
611173630 -1
611188078 1
611217024 -1
611241994 1
611270529 -1
611290099 1
611377726 -1
611389269 1
611411056 1
611418848 1
611471072 -1
611677979 -1
611710369 1
611872685 -1
611896370 -1
612012031 1
612195889 -1
612203303 -1
612219927 1
612240525 1
612278309 -1
612287228 -1
612301329 -1
612328186 -1
612379035 -1
612421784 -1
612453459 1
612493359 -1
612570403 -1
612587286 1
612597454 -1
612648842 1
612649268 1
612667662 1
612725213 -1
612750344 1
612785385 -1
612796262 1
612809982 -1
613032026 -1
613033650 -1
613140029 -1
613177157 1
613196861 1
613245569 -1
613248710 1
613474356 1
613507014 -1
613544685 -1
613573963 1
613651018 -1
613702387 1
613779737 1
613824803 -1
613832766 -1
613840452 -1
613851894 -1
613940419 -1
613973644 -1
613982023 1
614009933 -1
614013154 1
614103529 1
614203907 -1
614381884 -1
614435943 1
614478458 -1
614536905 -1
614806978 -1
614836645 1
614886324 -1
614928152 1
614944412 1
615010390 -1
615018666 1
615175920 1
615179900 -1
615182136 1
615210153 -1
615346954 1
615407563 -1
615426047 -1
615435717 1
615554014 1
615703203 -1
615797503 1
615850202 1
616031682 -1
616058712 1
616070933 1
616153605 -1
616386902 1
616552274 -1
616568755 -1
616635035 1
616677272 -1
616705246 -1
616716048 1
616786698 1
616886388 -1
616890201 -1
616900730 1
616923995 1
616993279 -1
617018870 1
617079888 -1
617120727 1
617197697 -1
617208078 1
617307360 -1
617332861 -1
617398747 1
617414760 1
617421214 1
617423016 1
617430075 1
617629830 1
617643462 1
617804387 1
617928636 -1
617940816 1
617982072 1
618038881 -1
618075477 1
618078270 -1
618133523 -1
618171580 1
618189969 -1
618200402 1
618214599 -1
618307560 -1
618321969 -1
618328061 -1
618427977 -1
618439296 -1
618590310 1
618612686 -1
618636792 -1
618678875 1
618689020 1
618691251 1
618921145 1
618948486 -1
618970105 -1
618986400 1
619045597 -1
619067169 1
619146715 -1
619384916 -1
619409576 1
619433123 1
619599909 -1
619605235 -1
619645875 1
619731698 1
619753230 -1
619780829 -1
619822654 1
619935411 1
619940586 1
620024797 -1
620042425 1
620094164 1
620107358 -1
620121486 -1
620122319 -1
620140124 1
620149179 1
620163675 1
620224174 -1
620288890 1
620327983 -1
620391212 -1
620452167 1
620466421 -1
620489178 1
620523976 -1
620525528 -1
620536055 -1
620559068 1
620561027 1
620563882 1
620592237 1
620605368 -1
620631083 -1
620732683 -1
620766841 1
620896292 1
621058391 -1
621135927 1
621169339 -1
621184828 -1
621227942 -1
621277111 -1
621329338 1
621395751 -1
621423284 1
621473753 -1
621523470 1
621558090 1
621585620 -1
621644841 -1
621667811 1
621718159 1
621735158 1
621746097 1
621757904 1
621770697 1
621793714 -1
621808090 -1
621930550 1
621984545 -1
621990415 -1
622024154 -1
622026509 -1
622051901 -1
622169666 -1
622212807 -1
622261964 1
622319713 -1
622406114 -1
622412892 -1
622482848 -1
622555095 1
622660287 1
622679042 1
622783217 1
622784205 1
622861123 -1
622865118 -1
622875851 1
622944254 -1
622966189 -1
622979309 1
622995858 1
623066657 -1
623074436 -1
623083347 1
623111317 1
623205092 1
623244751 1
623283525 -1
623284356 -1
623288989 -1
623289457 -1
623290132 -1
623317296 1
623346623 -1
623349539 1
623370158 -1
623429999 1
623542069 1
623559069 -1
623562045 -1
623589028 -1
623753061 1
623820256 1
623829132 1
623832951 1
623882717 -1
623974959 -1
624005092 -1
624025049 -1
624039628 1
624068529 1
624077020 1
624346100 -1
624355137 1
624362301 -1
624436713 -1
624439562 -1
624446961 -1
624490364 -1
624527067 1
624547160 -1
624626221 -1
624628432 -1
624639620 -1
624667757 1
624682235 1
624707648 1
624723614 1
624755259 -1
624770235 1
624780050 1
624780324 1
624806792 1
624811723 1
624940789 1
625023291 1
625077232 -1
625082780 -1
625085913 -1
625092742 1
625152346 -1
625175878 -1
625193351 1
625221770 1
625250627 1
625252751 1
625316836 1
625363384 1
625452985 -1
625578943 -1
625581067 -1
625601280 -1
625608935 -1
625715183 -1
625720333 -1
625720924 -1
625739812 1
625748081 1
625865541 1
625882418 -1
625914575 -1
625920462 -1
625957315 1
625961689 1
625974157 1
626341915 -1
626346196 -1
626409481 -1
626565996 -1
626585624 1
626625153 1
626670749 -1
626695605 1
626758695 -1
626932087 -1
627138927 -1
627148339 1
627172840 -1
627217654 1
627247619 1
627250782 1
627293059 -1
627360537 -1
627398291 -1
627417277 -1
627429644 1
627535677 1
627666907 1
627945739 -1
627966221 1
628016834 1
628043994 -1
628051125 -1
628064943 1
628066339 -1
628100358 1
628212139 1
628251724 -1
628317484 1
628351298 -1
628377868 1
628411280 1
628460705 -1
628473143 -1
628486513 1
628487986 1
628729134 1
628764239 1
628768067 -1
628887266 -1
628909157 1
628924836 1
628951833 -1
628987660 -1
629028527 1
629038859 1
629067266 1
629106129 -1
629195094 -1
629331682 -1
629371541 -1
629438991 1
629459557 1
629485360 1
629487988 1
629576121 1
629583529 1
629592742 -1
629620301 -1
629663358 1
629695133 1
629726754 -1
629739080 1
629809057 -1
629832159 -1
629878053 1
629971880 -1
630013752 1
630032544 -1
630237402 1
630240593 1
630284412 -1
630420870 1
630439352 -1
630492276 -1
630595063 -1
630613712 1
630666663 1
630697340 -1
630705732 -1
630713583 -1
630731568 1
631004060 -1
631047424 1
631055324 1
631102208 -1
631115265 -1
631131538 -1
631152422 1
631167287 1
631227604 -1
631340977 -1
631353692 1
631395194 -1
631492319 1
631541224 -1
631552594 -1
631587921 -1
631646672 -1
631657425 -1
631659897 -1
631674820 -1
631717604 -1
631738634 -1
631783387 -1
631810433 1
631861435 -1
631869127 -1
631875715 -1
632007793 1
632117006 1
632135636 1
632210772 -1
632267853 1
632293007 -1
632320178 -1
632349082 -1
632375583 -1
632379348 1
632391298 -1
632413262 -1
632428927 -1
632440957 1
632455836 1
632480003 1
632498549 1
632510214 -1
632651838 1
632711297 1
632789519 1
632879825 -1
632895097 1
632999503 -1
633049621 -1
633056563 -1
633114761 1
633160657 -1
633168323 -1
633309643 -1
633375427 -1
633411336 -1
633498464 -1
633541032 -1
633559767 1
633672475 -1
633707351 -1
633794926 -1
633897572 -1
633953911 1
634044942 1
634064103 1
634092504 -1
634139281 -1
634144811 1
634160678 1
634184530 1
634235235 -1
634269432 1
634359238 1
634383116 1
634440979 -1
634512325 -1
634514217 -1
634534664 -1
634603159 1
634620230 1
634667000 -1
634783879 -1
634824323 1
634828887 -1
634844118 1
634903854 1
634908247 1
634922870 1
634975753 -1
635009470 1
635025502 1
635028059 -1
635093078 -1
635101931 -1
635146245 1
635229820 1
635247220 1
635320086 -1
635367499 1
635428552 -1
635477884 1
635556293 1
635694301 1
635704395 1
635763147 1
635972569 1
636205683 1
636232951 -1
636234909 1
636255115 -1
636277718 1
636282653 -1
636343300 1
636464367 -1
636470777 1
636483066 1
636484272 -1
636494614 1
636601405 1
636607140 -1
636658828 -1
636667974 1
636681708 -1
636699297 -1
636713882 -1
636714336 -1
636746568 1
636798288 -1
636820657 -1
636825266 -1
636853802 1
637002599 -1
637006291 -1
637019935 -1
637053280 1
637189115 1
637220687 -1
637260024 -1
637276676 1
637336609 -1
637362167 -1
637406642 1
637421719 -1
637459355 -1
637505678 1
637598656 1
637656890 -1
637676543 1
637801278 -1
637810036 1
637811464 1
637847704 1
637847841 1
637989151 -1
638061177 1
638090438 -1
638182279 -1
638196800 -1
638213156 -1
638335100 -1
638378339 1
638396333 -1
638518171 -1
638556870 -1
638588638 1
638593220 -1
638643091 1
638644522 -1
638705369 1
638760748 -1
638793236 -1
638883332 1
638887552 1
638922117 1
638925600 1
638931830 1
638991247 1
638993208 1
638996440 1
639044067 -1
639059085 -1
639060606 -1
639126652 1
639128454 1
639221936 -1
639229658 1
639247291 1
639326519 1
639409539 -1
639410145 -1
639449885 1
639477896 1
639719449 1
639861706 1
640058204 -1
640168562 -1
640175171 1
640288822 -1
640290326 1
640335754 1
640354338 -1
640366026 1
640395413 -1
640421987 1
640444528 -1
640542636 1
640613169 -1
640639474 1
640648759 1
640681955 1
640721917 -1
640758418 1
640771030 1
640797632 1
640812820 -1
640860062 1
640877274 1
640905934 -1
640931589 -1
640940222 -1
640957570 1
641108931 -1
641144493 -1
641159169 1
641175234 1
641224775 -1
641257291 -1
641312150 1
641317555 1
641352025 -1
641428368 1
641583665 -1
641593012 -1
641615481 -1
641631544 1
641650296 -1
641694602 1
641814228 1
641834038 1
641855667 -1
642039482 1
642053507 1
642079462 1
642085960 -1
642171113 -1
642246530 1
642254190 -1
642310150 1
642364822 1
642448541 -1
642481128 1
642489758 1
642559649 -1
642569737 1
642614692 1
642633158 1
642678598 1
642795709 1
642870424 1
642906476 1
642933632 -1
643016903 1
643065264 -1
643075646 1
643109458 -1
643138070 1
643167745 -1
643174102 1
643197333 -1
643202870 -1
643210483 -1
643230529 1
643259126 -1
643592006 1
643674505 1
643680472 1
643703928 -1
643765890 -1
643771307 1
643780535 1
643788724 1
643814365 1
643897391 1
643911886 1
643936212 -1
643968870 -1
643992063 1
643993560 1
643993954 1
644123831 1
644196251 -1
644299910 -1
644343185 1
644347344 1
644421543 1
644498165 -1
644517379 -1
644603211 1
644639524 1
644642311 1
644650469 1
644755007 1
644810322 -1
644813864 -1
644841339 -1
644859142 1
644877715 1
644883811 1
644892402 1
644981245 1
645043822 -1
645077764 1
645082656 1
645110702 1
645150117 -1
645169771 1
645342368 1
645453464 -1
645512547 1
645520204 1
645608055 -1
645694285 -1
645755868 1
645756940 1
645947047 1
645967783 1
646035824 -1
646061676 1
646176915 1
646179332 1
646246983 -1
646266496 1
646278840 1
646299877 1
646305572 1
646369194 -1
646500746 1
646532212 1
646559482 -1
646570550 -1
646672806 -1
646681696 -1
646724435 1
646767884 1
646787622 -1
646936673 1
647013002 -1
647064543 1
647069627 1
647216359 1
647268454 1
647300231 -1
647311493 1
647356195 -1
647357064 -1
647441794 -1
647479950 -1
647494481 1
647506937 1
647510121 1
647610408 1
647681690 -1
647712965 1
647731157 1
647772081 -1
647814901 1
647817935 1
647835552 1
647850750 1
647946044 1
647957594 -1
648015778 -1
648052496 1
648083826 -1
648120846 -1
648167884 1
648249998 1
648300503 -1
648377115 1
648506336 1
648588114 1
648688373 1
648708484 1
648716350 -1
648763030 1
648804456 1
648849899 1
648914081 1
648955755 1
649051837 -1
649120385 -1
649228486 -1
649256395 -1
649266936 1
649267148 1
649293768 -1
649323738 -1
649325930 -1
649431238 -1
649445147 -1
649478324 1
649528696 -1
649550186 -1
649712852 -1
649716812 -1
649721278 1
649738766 -1
649745304 1
649745619 1
649772980 1
649782447 -1
649797088 1
649816336 1
649941980 1
649948338 -1
650012803 1
650126390 1
650129195 1
650131676 1
650142362 1
650164118 1
650320702 1
650334244 -1
650396152 -1
650550461 -1
650597620 1
650683939 1
650764490 -1
650829188 1
650833368 -1
650848007 -1
650865721 -1
650883241 -1
650911223 1
650919844 1
650933528 1
650964499 1
650982451 -1
650986078 -1
651004286 1
651048752 -1
651079294 -1
651095676 -1
651109536 1
651191525 -1
651214160 -1
651276943 1
651291496 1
651300872 -1
651386669 -1
651434220 -1
651482978 1
651584929 -1
651629141 -1
651700341 1
651711074 -1
651793222 1
651832348 1
651865079 -1
651873053 -1
651874705 -1
651876696 -1
651933919 -1
651972369 -1
652012985 1
652052736 -1
652057064 1
652153147 1
652220757 1
652230747 1
652242018 -1
652252284 -1
652369636 -1
652416727 -1
652452278 1
652518774 -1
652537797 -1
652568710 -1
652607833 -1
652734716 -1
652758651 -1
652775743 1
652849283 -1
652857412 -1
652973165 -1
652975207 -1
653048475 -1
653071492 -1
653074255 -1
653081323 1
653139847 -1
653211580 1
653245767 -1
653261234 1
653296158 -1
653402179 -1
653414521 -1
653424764 -1
653436834 1
653465735 -1
653487263 -1
653620407 -1
653676124 1
653699684 -1
653733791 -1
653765772 1
653768460 1
653817246 1
653848117 -1
653953456 -1
653966180 -1
653981381 1
654013209 1
654020930 1
654051842 -1
654079550 -1
654186027 -1
654189663 -1
654202723 1
654276540 1
654302773 -1
654340903 1
654388121 -1
654399484 -1
654438353 1
654500980 -1
654567141 1
654619150 -1
654628805 -1
654640379 -1
654644529 1
654645078 1
654680693 1
654729532 -1
654759111 1
654782721 1
654859345 -1
654870396 1
654930226 1
654954980 -1
655045341 -1
655127978 1
655183573 -1
655207002 1
655252615 1
655256725 -1
655312970 1
655378587 1
655417051 -1
655428140 1
655495384 -1
655519017 -1
655602783 -1
655625529 -1
655752479 1
655760478 1
655792758 1
655829502 -1
655833934 1
655839491 -1
655915564 -1
655972408 -1
655996045 1
656019303 1
656092770 1
656127879 -1
656195173 -1
656231161 1
656308226 1
656412789 -1
656505082 -1
656512240 -1
656526628 -1
656558639 1
656565139 1
656653746 1
656656460 1
656658313 1
656659276 1
656674580 1
656836878 1
656882518 1
656908115 1
656955628 -1
656981793 1
656981918 1
656984732 1
656999693 1
657020714 -1
657203701 1
657251689 -1
657294055 -1
657322340 1
657394342 1
657403898 -1
657481794 -1
657486121 1
657590409 -1
657632272 -1
657738264 -1
657746646 -1
657758566 1
657791075 1
657817763 1
657846193 -1
657852209 -1
657906655 1
657967562 -1
658061840 -1
658062401 -1
658174945 -1
658328971 1
658399613 -1
658454610 -1
658531558 -1
658554212 1
658614859 -1
658658160 -1
658731653 -1
658742864 -1
658762101 1
658807840 -1
658811356 -1
658886427 1
658976606 -1
658986682 1
658989830 1
659095527 1
659121745 1
659133824 -1
659151819 -1
659204626 1
659259350 1
659286527 -1
659313623 1
659317976 1
659339658 1
659426889 1
659527236 -1
659548866 1
659666136 1
659723395 -1
659728438 -1
659729345 -1
659756613 -1
659861434 1
659862371 -1
659878516 1
659925076 1
659971543 -1
660017721 -1
660051183 -1
660068472 -1
660084330 -1
660114853 1
660170205 -1
660235816 1
660324021 1
660414577 1
660418289 -1
660427362 -1
660432783 1
660449926 1
660478762 1
660525732 -1
660532108 -1
660540885 1
660572262 1
660587024 -1
660603950 -1
660620450 -1
660661118 1
660665882 1
660691051 1
660798856 -1
660859342 -1
660860926 -1
660867972 -1
660919167 1
660938077 -1
660944571 -1
660960058 -1
661009900 1
661063681 -1
661106096 1
661188648 -1
661199627 -1
661398038 1
661404997 1
661408917 -1
661584870 1
661753281 -1
661764100 -1
661785861 1
661850283 -1
661854281 -1
661867123 -1
661895434 1
661933322 -1
661982189 -1
662087179 -1
662156773 1
662181582 -1
662202082 -1
662225626 1
662230362 1
662301709 1
662310242 -1
662350111 -1
662436437 -1
662484002 1
662552974 1
662583258 1
662621725 1
662669866 1
662692325 1
662718683 1
662784750 1
662791478 1
662831954 -1
662841293 1
662851864 -1
662902994 1
663012291 1
663015678 1
663029759 -1
663050334 1
663128583 1
663230430 1
663308427 -1
663332724 -1
663544215 -1
663572184 1
663572288 1
663619096 -1
663622568 1
663693672 1
663727188 1
663743434 1
663770974 -1
663790689 1
663817383 1
663834126 1
663867369 -1
663884750 -1
663891997 -1
663915270 1
663940084 1
664045846 1
664089885 -1
664126154 -1
664126467 -1
664180853 -1
664184576 1
664217874 -1
664228693 -1
664235675 -1
664236650 -1
664282826 -1
664286401 1
664312536 -1
664470537 1
664484485 1
664588284 1
664645275 -1
664695648 1
664784316 1
664878566 -1
664969242 -1
665027957 1
665035336 1
665126894 -1
665185110 1
665228065 -1
665237703 -1
665252252 1
665351092 -1
665371395 1
665484407 1
665625400 1
665638924 1
665671628 -1
665715615 1
665729372 -1
665746328 1
665793010 -1
665828010 1
665839038 1
665974086 -1
666021193 -1
666087733 1
666155939 1
666169880 1
666191377 1
666211989 1
666233952 -1
666275537 1
666308406 1
666327469 1
666353626 -1
666430034 -1
666437956 1
666494116 1
666521826 1
666538515 1
666538666 1
666543650 -1
666546659 -1
666574222 -1
666580781 -1
666584290 -1
666603683 -1
666617449 1
666717957 -1
666832506 -1
666846836 1
666876772 1
666941603 -1
666955013 1
666958713 1
667016092 -1
667029747 -1
667034234 -1
667194115 1
667215067 1
667367154 1
667372247 -1
667395749 1
667396773 1
667448813 -1
667500998 -1
667512766 1
667580852 1
667667151 -1
667688361 -1
667707475 -1
667761401 1
667827103 -1
667829392 -1
667841024 -1
667845518 -1
667861728 1
667913868 -1
667940553 -1
667952871 -1
667967842 1
667973652 1
668030827 -1
668077990 1
668079068 1
668108754 1
668133613 -1
668159156 -1
668169143 -1
668199343 1
668204664 1
668224577 1
668228769 1
668301686 1
668341194 1
668358991 -1
668451376 1
668572053 1
668602900 -1
668630508 -1
668654246 1
668759181 1
668761995 1
668765849 1
668865408 1
668885156 1
669030131 -1
669064976 -1
669164492 -1
669202902 -1
669205905 1
669253917 1
669349234 1
669355936 1
669432369 1
669627903 -1
669652219 -1
669671641 -1
669672206 1
669684722 1
669744553 -1
669750252 -1
669900274 1
669906903 1
669912929 1
669952887 1
669972197 -1
670016478 1
670086252 -1
670243346 1
670301755 1
670398548 1
670421200 -1
670428887 -1
670497620 1
670536830 -1
670537428 -1
670649335 1
670714053 1
670725794 1
670788753 -1
670830104 1
670860898 1
671061392 1
671088071 -1
671103253 -1
671104030 -1
671125284 -1
671130333 -1
671131283 -1
671260447 1
671270321 1
671309347 -1
671319611 -1
671469304 -1
671476258 1
671547362 -1
671587484 1
671626466 1
671630678 -1
671674737 -1
671692135 -1
671818510 1
671831756 1
671848573 1
671905151 1
671916424 -1
671920357 -1
671976817 -1
672028624 -1
672040190 -1
672089117 1
672138654 1
672232749 -1
672263992 1
672273972 1
672280734 1
672289270 1
672315923 1
672430689 1
672444591 -1
672477028 -1
672495243 -1
672501208 1
672589059 -1
672656984 1
672740328 1
672782579 1
672785720 -1
672859130 -1
672948203 -1
672949588 -1
672977224 1
673235878 -1
673247974 -1
673251248 1
673360968 1
673370284 -1
673410407 1
673499455 -1
673504839 -1
673519407 -1
673523727 1
673707895 -1
673766960 1
673819107 -1
673819380 -1
673826262 1
673844761 -1
673845642 -1
673884120 1
673904508 1
673948608 -1
673965429 -1
673993289 1
674106102 1
674128062 1
674182997 -1
674206047 1
674302507 1
674307596 -1
674317979 -1
674455207 1
674554157 1
674634971 1
674658540 1
674694244 -1
674879422 -1
674889724 -1
674919554 1
674954173 -1
675036198 1
675069689 1
675095629 -1
675146427 1
675285298 -1
675326773 -1
675379415 1
675422480 -1
675427277 -1
675461401 -1
675480337 1
675541256 1
675556351 -1
675578294 -1
675590343 1
675610722 1
675628458 1
675713619 1
675788452 1
675802183 -1
675888580 -1
676033911 1
676164928 1
676184454 1
676307416 -1
676310452 1
676455496 1
676462873 -1
676480676 -1
676484477 -1
676557944 -1
676575720 -1
676584352 -1
676598191 -1
676788320 1
676908877 -1
676934624 -1
676964399 1
677064698 1
677130078 -1
677160398 -1
677197579 1
677207030 1
677366152 -1
677392216 -1
677452320 1
677472117 -1
677480786 -1
677563113 1
677572466 1
677644233 1
677652033 1
677757660 1
677781249 1
677857545 -1
677907943 1
677921683 1
678031256 1
678066212 -1
678069320 -1
678091221 -1
678098071 1
678098791 1
678112106 1
678145416 -1
678203384 -1
678205784 -1
678239380 1
678250323 1
678257941 -1
678337514 1
678425318 -1
678462764 1
678477660 1
678511236 -1
678528505 -1
678545626 -1
678598109 1
678653366 -1
678772437 -1
678788692 1
679001788 -1
679004164 -1
679004782 -1
679096542 -1
679113902 -1
679127509 -1
679131355 1
679145444 1
679146739 1
679148248 1
679245320 1
679250597 1
679269147 1
679284768 1
679309089 1
679345157 -1
679361973 1
679478145 1
679589392 1
679610375 1
679633680 1
679679882 1
679728179 1
679730787 1
679760875 1
679823490 1
679906867 -1
679943527 1
679964200 1
680108601 -1
680166532 1
680179533 1
680195829 1
680218696 -1
680220560 -1
680370598 -1
680391575 -1
680467369 -1
680491261 -1
680576061 -1
680652442 1
680698378 -1
680746684 1
680845645 -1
680908854 1
680945470 -1
680957504 -1
681020567 1
681139143 -1
681321905 1
681367150 1
681379299 -1
681435293 1
681454830 1
681472649 -1
681574782 1
681663029 1
681713353 -1
681719591 1
681765238 -1
681838803 1
681862765 -1
681872630 -1
681883959 -1
681919484 -1
682017507 1
682035452 -1
682112844 -1
682379638 1
682387011 -1
682464648 -1
682476985 1
682482299 1
682522684 1
682545607 -1
682569763 -1
682589032 1
682701584 1
682844990 1
682849852 -1
682921590 -1
682945267 1
682946224 1
682982659 -1
682988573 -1
683031265 -1
683059339 1
683077470 1
683159975 -1
683184932 1
683246323 -1
683280743 1
683322844 1
683331993 -1
683348207 1
683397629 1
683445895 -1
683510378 -1
683568958 1
683575945 1
683582975 1
683646822 1
683701431 1
683743714 1
683793751 1
683807610 1
683857553 -1
683932177 1
684008344 -1
684012993 -1
684014103 1
684052035 -1
684085410 -1
684101568 1
684184657 -1
684196366 -1
684320846 -1
684332265 1
684354976 1
684414594 -1
684526616 -1
684613417 -1
684644356 -1
684674188 1
684698455 1
684736462 -1
684745202 1
684750095 -1
684772805 -1
684776579 -1
684787000 1
684788206 1
684815314 1
684833277 -1
684907410 1
684981974 1
684983134 1
685074842 -1
685113086 -1
685125592 -1
685126209 -1
685228458 -1
685249244 1
685293819 1
685302698 -1
685338110 -1
685357892 -1
685379806 1
685400455 1
685470675 -1
685496201 1
685519697 1
685549474 1
685567346 -1
685573870 -1
685612661 1
685621354 -1
685642663 -1
685670400 -1
685764003 -1
685799169 -1
685854365 1
685937234 -1
685946634 1
685993551 1
686006221 1
686020467 -1
686023384 -1
686080598 1
686121459 -1
686172117 -1
686181868 1
686205515 -1
686260105 -1
686307483 1
686312284 1
686357277 -1
686389755 1
686467185 1
686489750 -1
686500588 -1
686598384 1
686636608 -1
686637504 -1
686697000 1
686764037 1
686866056 -1
686999328 -1
687054842 1
687105595 -1
687106706 1
687120113 -1
687173990 -1
687182152 -1
687275812 -1
687303774 -1
687333369 -1
687562428 -1
687569799 -1
687580944 1
687728176 -1
687794786 -1
687964789 -1
687993169 -1
688022890 -1
688035276 -1
688048669 1
688070150 1
688099340 -1
688121093 -1
688155685 1
688231717 1
688260130 -1
688307187 1
688392159 1
688492675 -1
688492793 -1
688532224 1
688647369 1
688656014 1
688697852 -1
688836291 -1
688893687 -1
688982545 1
688998213 1
689011976 -1
689075664 -1
689080195 -1
689229965 1
689307204 -1
689343195 1
689364085 -1
689380853 -1
689426805 -1
689554696 1
689578330 1
689640606 -1
689681977 1
689686090 1
689692624 1
689702857 1
689733186 -1
689827586 1
689829598 -1
690005724 -1
690100955 -1
690102911 1
690303130 1
690358906 -1
690456024 -1
690484750 -1
690487306 1
690517713 -1
690539738 -1
690559027 -1
690609811 1
690654614 1
690696957 -1
690705704 -1
690729265 1
690755104 1
690811947 -1
690893513 1
690938911 -1
691011579 1
691168079 -1
691243130 -1
691266162 -1
691268615 1
691304687 1
691312223 1
691408990 -1
691457492 1
691603343 -1
691652147 -1
691682808 1
691688327 1
691699768 -1
691704709 -1
691790716 1
691795315 1
691806294 1
691872817 -1
691880542 -1
691919590 1
692116820 -1
692122795 -1
692178438 1
692218054 -1
692240286 -1
692255396 1
692374101 1
692412460 1
692413442 -1
692429773 1
692499699 1
692576344 -1
692607594 1
692616362 1
692708152 -1
692764715 -1
692917737 -1
692929246 -1
692953837 1
692955340 1
693026552 -1
693046245 -1
693060994 -1
693063610 1
693085711 -1
693086054 1
693182005 1
693212450 1
693222270 1
693262364 -1
693292289 -1
693311795 1
693321397 1
693324732 1
693390180 -1
693447206 1
693514436 -1
693543572 1
693598021 1
693713478 1
693745747 -1
693802663 -1
693831512 -1
693845938 1
693969824 -1
693999905 -1
694106885 -1
694246291 1
694317861 1
694398268 -1
694437738 -1
694565023 -1
694600493 1
694641790 -1
694721240 1
694803008 -1
694834491 1
694920448 -1
694922903 -1
694926355 -1
695034222 -1
695063109 1
695226546 1
695248446 -1
695267464 -1
695297144 1
695372326 -1
695457224 1
695517952 1
695534253 1
695560125 1
695630243 -1
695676515 1
695718098 -1
695737130 -1
695752255 -1
695832982 -1
695860668 -1
695876184 -1
695951640 1
696022176 1
696060949 -1
696093079 -1
696113404 -1
696117976 1
696230533 -1
696244917 1
696260712 1
696324628 1
696347805 -1
696353965 1
696369522 1
696374212 1
696444321 -1
696512727 -1
696556747 -1
696559377 -1
696619261 1
696672911 1
696675585 -1
696688385 -1
696695758 -1
696698078 -1
696745300 1
696784502 -1
696806564 1
696822963 -1
696830199 1
696880910 -1
696955506 1
696984480 1
697017283 -1
697039034 -1
697043447 -1
697162414 -1
697200291 1
697233834 -1
697334484 1
697382205 -1
697536695 1
697616768 -1
697632421 -1
697789528 1
697868113 -1
697875865 -1
697965621 -1
697996438 -1
698058073 -1
698063551 1
698067553 1
698090729 -1
698134306 1
698238453 -1
698399036 1
698493536 1
698502593 1
698512134 1
698538704 -1
698546133 1
698583240 -1
698690066 -1
698690588 -1
698705474 -1
698717890 1
698810386 -1
698823324 -1
698832429 1
698923045 1
698958846 1
699062169 -1
699089011 1
699117974 1
699388565 -1
699411124 -1
699432810 1
699447854 1
699567595 1
699578840 1
699640554 -1
699647739 -1
699658799 -1
699659839 -1
699766980 -1
699784237 1
699786528 1
699823730 1
699889704 -1
699967032 1
699977587 1
700052141 -1
700064108 1
700073029 1
700130446 -1
700145831 1
700189863 1
700211573 1
700237334 -1
700265380 1
700265455 -1
700395539 -1
700633183 1
700718904 -1
700724893 -1
700796012 1
700802439 -1
700881678 1
700905555 -1
700905736 1
700947437 -1
700948286 -1
701158711 -1
701208939 1
701226832 1
701289727 -1
701318991 -1
701372284 1
701462905 -1
701521141 -1
701522830 1
701543704 -1
701603457 1
701667379 -1
701783889 -1
701943281 1
701945934 -1
702048790 1
702118275 -1
702246351 -1
702275453 1
702410087 1
702416433 1
702515879 1
702613282 -1
702869910 1
702878578 1
702955506 -1
702960937 -1
702974838 -1
703038473 1
703084646 -1
703119746 1
703135427 1
703146993 -1
703169990 -1
703186266 -1
703219400 -1
703235878 1
703297392 -1
703340108 1
703346445 1
703387030 -1
703388344 1
703409294 1
703455828 -1
703561177 -1
703783876 -1
703794896 -1
703801461 -1
703901313 -1
703940615 1
703992903 1
704026687 -1
704043567 -1
704065316 -1
704184698 1
704192587 -1
704199000 1
704208560 1
704248449 1
704253702 1
704262377 -1
704419742 1
704544301 1
704610212 -1
704617031 -1
704629935 1
704636950 -1
704652255 1
704698720 -1
704813504 -1
704925246 1
704952192 -1
704953967 1
705016575 1
705036228 1
705055352 1
705076664 1
705141903 1
705179543 1
705206384 1
705238625 -1
705379840 1
705389369 1
705406277 1
705431071 1
705445324 -1
705457479 -1
705476345 -1
705501038 1
705547313 1
705605978 1
705606297 1
705621603 1
705633317 1
705652288 1
705717965 -1
705720439 -1
705721564 -1
705722226 -1
705736197 1
705809625 -1
705903821 1
705948784 -1
705994362 1
706034328 -1
706107491 1
706311571 -1
706356999 1
706441737 -1
706549066 -1
706554771 -1
706590050 1
706640857 1
706712984 1
706716234 1
706792657 -1
706803784 1
706898732 1
706946227 1
707029834 -1
707035695 -1
707156430 -1
707345433 1
707414644 1
707458653 1
707489020 1
707489164 -1
707506861 -1
707555917 1
707558522 1
707564036 -1
707612958 -1
707659814 1
707742219 -1
707819960 -1
707880983 1
707907851 1
707949880 -1
707973686 -1
707987837 -1
708054141 1
708088340 -1
708094261 -1
708158663 1
708171667 1
708196714 -1
708230519 -1
708344413 -1
708356035 -1
708417418 1
708574540 -1
708601977 1
708620258 1
708640125 1
708676767 -1
708683307 -1
708684181 -1
708717919 1
708729422 1
708760148 1
708770143 -1
708875645 1
708908580 -1
708922645 -1
708923112 -1
708969930 1
709061656 -1
709062819 -1
709172245 -1
709275309 -1
709296289 -1
709310369 -1
709418476 -1
709427716 -1
709436878 -1
709522528 -1
709536869 -1
709538963 -1
709575405 1
709585847 1
709669269 -1
709711025 1
709716546 1
709744186 1
709745541 1
709822490 1
709824298 1
709835944 -1
709905858 -1
710029944 -1
710035558 -1
710040891 1
710048038 1
710145811 -1
710161909 1
710172826 1
710206240 1
710269317 1
710295213 1
710340746 1
710366359 -1
710408475 1
710414044 1
710419992 1
710435588 1
710480626 -1
710522089 1
710529386 1
710554820 1
710659197 1
710666055 1
710763540 1
710863265 -1
710891495 1
710904461 -1
710907769 -1
710911463 1
710925121 1
710928606 1
710963801 -1
711121268 1
711126143 1
711166013 -1
711336180 -1
711346724 -1
711437308 1
711439734 1
711619279 1
711673078 -1
711702945 -1
711835388 -1
711835884 -1
711896406 -1
711908638 1
711924050 -1
711938739 -1
711958862 -1
711990555 1
712060882 -1
712071471 -1
712120476 1
712210214 1
712237825 1
712346622 1
712417247 -1
712434007 -1
712485166 1
712502696 -1
712509590 1
712562545 -1
712609773 1
712667817 -1
712712926 -1
712795208 -1
712796361 -1
712904883 -1
712938504 1
712941919 1
713010288 -1
713024234 -1
713039951 -1
713053483 1
713153499 -1
713238953 1
713244435 1
713264337 -1
713270563 -1
713469149 -1
713634833 -1
713636560 -1
713665231 1
713762845 -1
713875135 -1
713887988 -1
713941705 1
713945593 -1
713946670 1
713984865 1
713993687 -1
714019694 1
714041945 1
714043580 1
714116443 -1
714140288 1
714161761 1
714164104 1
714166767 -1
714220381 -1
714224321 -1
714280243 1
714313044 -1
714333461 -1
714382018 1
714391825 1
714402751 1
714458690 -1
714476298 -1
714570472 1
714571333 -1
714592384 -1
714601828 -1
714652522 1
714654189 1
714667073 1
714702453 -1
714716022 -1
714721551 -1
714841310 -1
714882947 1
714932074 1
714966945 -1
714975597 -1
714977217 -1
714978317 -1
714982674 1
715129526 1
715195563 -1
715217679 -1
715233669 1
715288129 1
715314729 -1
715335071 -1
715350611 1
715363371 1
715363522 1
715460307 -1
715492420 1
715496532 1
715496669 1
715569011 -1
715584515 -1
715624024 1
715625993 1
715682200 -1
715717202 1
715721306 1
715874835 1
715937481 -1
715958774 1
715964306 1
716065678 -1
716077551 1
716091199 1
716104181 1
716180888 -1
716190965 -1
716191459 -1
716222353 1
716222542 1
716293059 1
716344130 1
716354576 1
716377691 -1
716382251 1
716428425 -1
716431608 -1
716491388 -1
716507391 -1
716537025 -1
716565798 1
716604885 1
716617540 1
716653396 -1
716694400 1
716699891 1
716762325 -1
716769990 -1
716804510 1
716873704 1
716884631 -1
716945085 -1
716952953 1
717037071 -1
717039030 -1
717141229 -1
717183889 1
717264488 -1
717278014 -1
717293719 1
717297818 1
717306243 1
717421501 1
717447632 1
717463270 1
717478135 -1
717498316 1
717531180 1
717635553 -1
717675013 1
717698533 1
717720295 -1
717730875 -1
717743781 -1
717752115 -1
717796732 1
717799464 1
717869045 -1
717908761 1
718031804 1
718080527 1
718151599 1
718222234 -1
718224485 -1
718266789 1
718274180 1
718335829 1
718474701 1
718493209 -1
718494955 -1
718614395 -1
718718719 -1
718890918 -1
718921289 1
719020494 1
719028168 1
719031956 1
719096970 -1
719118434 1
719152839 -1
719157714 1
719186893 -1
719266431 -1
719307531 -1
719310222 -1
719387653 1
719416206 1
719460441 -1
719481830 1
719529855 -1
719597555 1
719642729 1
719665595 -1
719747565 1
719772857 -1
719794774 -1
719827816 -1
719859352 1
719870208 1
719924145 -1
720060944 -1
720072680 -1
720080561 -1
720104701 1
720129836 1
720186869 -1
720220623 1
720325719 1
720328280 1
720358647 1
720455899 1
720460424 1
720464691 1
720546171 -1
720683234 -1
720685144 -1
720735889 -1
720781012 -1
720790723 -1
720798238 -1
720819521 1
720825416 1
721025460 -1
721077907 1
721078101 1
721120473 1
721153980 -1
721158830 -1
721203016 -1
721222121 1
721317938 1
721319640 1
721355834 1
721438356 1
721440146 1
721526958 -1
721566058 1
721649671 -1
721657915 -1
721683085 1
721754481 -1
721774234 -1
721784587 -1
721796786 1
721812538 1
721898636 -1
722097562 -1
722143972 -1
722230046 -1
722277968 1
722298122 1
722307517 1
722308673 1
722310610 1
722376444 -1
722418741 1
722441377 1
722497199 -1
722530206 1
722538495 1
722541618 1
722575864 1
722632234 -1
722633640 -1
722676256 1
722706420 1
722733114 -1
722820636 -1
723140235 1
723156034 1
723248438 -1
723255525 -1
723266968 1
723298947 1
723343796 -1
723357146 -1
723402359 1
723436372 -1
723472858 -1
723490508 -1
723535859 1
723558805 1
723559736 1
723636374 1
723639693 1
723644667 1
723652163 1
723821726 -1
723927463 1
723939581 -1
723992681 1
724030183 1
724079481 1
724112836 -1
724136372 1
724192331 -1
724203225 -1
724218236 1
724408198 -1
724419502 -1
724427856 -1
724514054 1
724595370 -1
724612683 -1
724729365 1
724738535 1
724803259 -1
724822287 -1
724839884 -1
724844418 -1
724885423 1
724887747 1
725091205 -1
725189947 -1
725209403 -1
725255574 1
725333551 -1
725348753 1
725385973 1
725415656 -1
725493104 1
725500096 1
725513427 1
725550430 1
725588501 1
725699926 -1
725704637 -1
725709503 1
725732366 1
725827892 -1
725839640 1
725876054 1
725895081 -1
726015551 -1
726090140 1
726123705 1
726131378 -1
726175173 -1
726265657 -1
726410213 -1
726440900 -1
726742161 1
726798946 -1
726816665 1
726915162 -1
726929510 -1
727092882 1
727188892 1
727216969 1
727344663 1
727387611 -1
727395271 1
727413707 -1
727443258 1
727468157 1
727553845 1
727567133 1
727584675 1
727636588 1
727668502 -1
727678378 1
727678556 1
727683497 1
727684856 1
727808139 1
727817626 1
727874305 -1
727880066 -1
727970904 1
728022457 -1
728022811 -1
728122407 1
728152276 -1
728202442 1
728348131 1
728374888 1
728406729 -1
728440821 1
728449193 1
728511492 -1
728518338 -1
728631914 -1
728659928 -1
728750512 -1
728796232 1
728797019 1
728802937 1
728815185 1
729032522 1
729035113 1
729112304 1
729159964 1
729177666 1
729193780 1
729288917 1
729330584 1
729374221 -1
729397096 -1
729428425 1
729493853 -1
729554097 1
729556084 -1
729642166 -1
729700986 1
729720945 -1
729722818 1
729888097 -1
729922910 1
729928809 1
729986471 1
730012841 -1
730022859 1
730144567 1
730333683 -1
730375490 -1
730386225 -1
730404867 1
730432618 1
730517007 1
730626705 -1
730636123 -1
730836159 -1
730851652 -1
730874842 -1
730879591 -1
730891501 1
730979449 -1
731095337 -1
731101507 1
731117491 -1
731143573 1
731148813 1
731155860 1
731160982 -1
731274760 1
731304507 1
731373980 -1
731405647 -1
731420002 1
731582245 -1
731585070 -1
731637598 1
731652294 1
731705870 -1
731716620 -1
731744279 -1
731761288 1
731766428 1
731780127 1
731787108 1
731963852 1
731994029 -1
732039168 1
732069737 1
732116701 -1
732117412 -1
732131882 1
732134412 1
732178493 1
732210282 -1
732240242 -1
732269703 1
732291883 1
732389143 1
732406986 -1
732416253 -1
732439676 1
732557153 1
732616536 -1
732619469 1
732739742 -1
732840107 -1
732933532 -1
732982575 -1
732984769 -1
733136265 1
733139322 1
733157575 -1
733161338 1
733213019 -1
733295202 1
733310924 1
733337384 -1
733393081 1
733411964 1
733445288 -1
733483755 -1
733496272 1
733598824 -1
733632198 1
733643752 1
733670100 1
733671347 -1
733828355 1
733840807 -1
733850114 -1
733875312 1
733878581 1
733906484 1
734005505 -1
734038910 1
734108156 1
734124931 1
734127846 1
734201872 -1
734204766 -1
734278952 1
734387693 1
734410686 1
734482701 1
734493522 1
734598325 -1
734668616 -1
734678027 -1
734694991 1
734719160 -1
734750108 1
734817281 1
734847546 -1
734888222 1
735034697 1
735131647 1
735134525 1
735155245 -1
735214768 -1
735243763 1
735263274 1
735286415 -1
735378335 1
735432953 -1
735438730 -1
735474679 -1
735524239 -1
735595142 -1
735619501 1
735662994 1
735663710 1
735681645 -1
735687187 -1
735715035 -1
735726152 1
735730553 1
735997535 1
736098053 1
736185078 -1
736214299 -1
736302173 -1
736325509 1
736368684 1
736462265 -1
736475556 1
736542973 -1
736565347 1
736610047 1
736662663 1
736675171 1
736728541 1
736735372 1
736866520 1
736893737 1
736971181 1
737058230 -1
737065802 -1
737111337 1
737113532 1
737162830 1
737190924 -1
737192151 -1
737232646 1
737354710 1
737357289 1
737483782 1
737503173 1
737508099 1
737599586 1
737699802 -1
737775530 1
737844678 1
737895514 1
737946240 -1
737947301 -1
737959212 -1
737962968 -1
737979187 1
738041289 1
738068694 -1
738161164 1
738216851 -1
738324695 -1
738443403 -1
738457942 -1
738530521 -1
738555465 -1
738564967 -1
738655625 -1
738695089 -1
738701714 -1
738715975 -1
738726020 1
738728120 1
738759144 1
738794755 1
738806239 -1
738827065 -1
738874000 1
738963319 -1
738976342 1
739008622 1
739042240 -1
739098809 1
739176060 1
739196416 -1
739223035 1
739228840 1
739236306 1
739370041 1
739398348 1
739471278 1
739500854 1
739519856 -1
739524953 -1
739543609 -1
739629094 1
739677925 -1
739695923 -1
739720520 1
739751350 1
739762893 -1
739827398 -1
739843952 -1
739865309 1
739866593 1
739872687 1
739949190 -1
740008860 1
740056955 -1
740105422 1
740131523 1
740216409 -1
740242561 1
740261666 -1
740368086 1
740415278 -1
740462673 -1
740584562 -1
740607284 1
740700001 -1
740839490 -1
740845765 -1
740849338 1
740850006 -1
740891870 1
740954538 -1
740977888 1
741102338 1
741107116 1
741119190 1
741128177 1
741129623 1
741221938 -1
741224177 1
741349662 1
741381690 1
741448529 -1
741586347 -1
741589271 -1
741597116 -1
741621186 1
741645790 1
741663073 1
741732204 1
741763681 1
741799824 -1
741824686 -1
741853782 1
741913417 -1
741993263 1
741993806 1
742010558 1
742066814 -1
742126901 1
742165396 1
742222971 -1
742237683 1
742255408 1
742388539 1
742401486 1
742417028 -1
742432553 -1
742439436 -1
742564499 -1
742683647 -1
742724003 -1
742775893 1
742807474 1
742832537 -1
742854487 -1
742879634 1
742881802 1
742904866 -1
742926985 -1
742973366 -1
742990805 1
742998227 1
743033462 1
743106121 -1
743129171 1
743174037 -1
743204729 -1
743236039 1
743238089 1
743243511 1
743304541 -1
743373522 1
743535492 1
743543160 1
743640417 1
743692666 -1
743707856 -1
743713984 -1
743754323 1
743767803 1
743904139 1
743933278 1
743956995 -1
743990324 1
744042677 1
744076214 -1
744168089 -1
744225823 -1
744240870 1
744270159 1
744275998 1
744365429 1
744378393 1
744402964 -1
744483309 -1
744501200 1
744505038 1
744545644 1
744608490 -1
744637757 1
744642344 1
744679472 1
744749623 1
744794076 1
744865120 -1
744874912 1
744936399 -1
744974457 -1
744993366 1
744997978 1
745024196 1
745071900 1
745195851 1
745247379 -1
745251390 1
745272533 1
745358741 -1
745359927 -1
745396985 1
745462913 -1
745481287 -1
745495385 -1
745590885 -1
745622791 -1
745639916 1
745666051 1
745779123 1
745805909 1
745854442 -1
745882394 1
745969959 1
745972384 -1
746111052 -1
746138517 1
746147784 1
746166401 1
746221893 -1
746248424 -1
746438397 1
746461388 1
746480448 -1
746514476 -1
746596365 -1
746641819 1
746642004 1
746762757 1
746811849 -1
746904383 1
746915927 1
746943575 -1
747059793 -1
747061595 1
747110247 -1
747112103 -1
747131644 -1
747217814 1
747227937 -1
747302666 1
747395847 1
747401807 1
747647767 1
747651962 1
747661357 1
747673882 1
747681892 1
747696163 -1
747742183 -1
747761420 -1
747802914 1
747823355 -1
747882158 -1
747956084 -1
747997709 1
748058556 1
748104962 -1
748154834 1
748174202 1
748174557 1
748268081 1
748298333 1
748438828 -1
748468057 1
748508336 -1
748515467 1
748520565 -1
748534450 1
748535479 1
748550923 1
748567140 1
748617244 -1
748675435 1
748686029 1
748707211 1
748769441 -1
748784308 -1
748837192 1
748879903 -1
748923214 1
748951444 1
748968582 1
748969724 1
749037022 -1
749189614 1
749190384 1
749288057 -1
749350980 -1
749393372 -1
749408069 -1
749471934 1
749484041 1
749531108 -1
749536998 -1
749544274 -1
749573024 1
749595360 1
749640698 -1
749669123 -1
749672584 -1
749675981 1
749749066 1
749769191 -1
749788155 -1
749899611 1
749914747 -1
749953218 1
749968986 1
749972659 1
750047641 -1
750135096 -1
750141837 -1
750163915 -1
750215432 1
750225084 1
750308048 -1
750309813 1
750491143 1
750536027 -1
750539888 -1
750609549 1
750655015 -1
750674083 -1
750731248 1
750746755 1
750771944 1
750833969 1
750875683 1
751015092 -1
751031655 -1
751056109 -1
751059658 -1
751102217 1
751135701 -1
751160884 -1
751166338 -1
751183433 -1
751241462 -1
751324767 -1
751329802 1
751332066 1
751363458 1
751398931 1
751514213 1
751522807 1
751590707 1
751614467 1
751621155 -1
751706446 -1
751747499 1
751789467 -1
751844934 1
751846085 1
751946301 -1
751976769 1
752004000 1
752115504 1
752122460 1
752142930 1
752221585 1
752230864 1
752329052 -1
752344748 1
752351702 1
752420282 1
752439836 -1
752474131 1
752477016 1
752479813 1
752489019 1
752613808 1
752620665 1
752636157 1
752718185 -1
752764419 1
752796155 1
752885667 1
752912150 1
752970549 -1
752993937 1
753066279 -1
753166608 -1
753211911 -1
753297771 1
753343489 -1
753457478 -1
753488262 -1
753572773 -1
753583517 -1
753586744 -1
753628438 1
753671013 -1
753769187 1
753786218 -1
753849091 1
753962182 -1
753977239 -1
753987346 -1
754020462 1
754060632 -1
754070373 -1
754129142 1
754228424 1
754232970 -1
754258241 1
754337575 1
754360820 -1
754367619 -1
754387687 1
754391898 1
754418655 1
754452329 -1
754459326 -1
754478021 -1
754491330 -1
754522838 1
754553334 1
754630007 -1
754693819 -1
754714331 -1
754776337 1
754893232 -1
754932401 -1
754939723 1
754960094 1
755080818 1
755131666 -1
755177053 1
755180177 1
755235740 -1
755367508 -1
755408802 1
755414796 1
755445758 -1
755448467 1
755468128 1
755476463 1
755597579 1
755601705 -1
755633121 -1
755683198 1
755701313 1
755758093 -1
755802712 1
755871341 -1
755908496 -1
755910502 -1
755950473 1
756031896 -1
756042354 -1
756067302 1
756090225 1
756115884 -1
756158165 -1
756161569 1
756175484 1
756215690 -1
756285586 -1
756300285 -1
756303650 1
756348572 1
756497758 -1
756519479 -1
756557348 1
756580723 1
756600751 1
756634440 1
756676042 -1
756688280 1
756689426 1
756697209 1
756701528 1
756767322 1
756839376 1
756921756 -1
756935273 -1
756936518 -1
756937447 -1
756938371 -1
756941344 1
757058211 -1
757075162 1
757082818 1
757089172 1
757098396 1
757129746 -1
757135074 1
757140719 1
757147125 1
757153010 -1
757171296 -1
757180339 -1
757206989 1
757223776 1
757328739 1
757397687 1
757431161 -1
757445355 -1
757447412 -1
757515009 1
757575703 -1
757666258 -1
757696363 -1
757732489 1
757742752 1
757768900 1
757773199 1
757799804 -1
757801498 -1
757834488 -1
758086251 -1
758214203 -1
758267960 1
758298867 1
758322904 -1
758342215 -1
758354973 1
758355086 1
758436841 -1
758444863 -1
758488064 1
758619492 1
758627003 1
758634700 -1
758637009 -1
758647643 1
758738184 1
758778539 1
758816054 -1
758849885 -1
758881831 1
758885974 1
759043312 -1
759123860 1
759138800 1
759216037 -1
759284795 1
759352861 -1
759385127 1
759408527 1
759489976 -1
759628447 -1
759657389 1
759838279 1
759848987 -1
759919971 1
759972097 -1
760128800 -1
760173724 1
760211869 -1
760388977 -1
760521553 -1
760899130 1
760921768 -1
760977026 -1
761092586 1
761249020 1
761446100 1
761574669 1
761785300 -1
761816763 -1
761914301 -1
761938328 -1
762036086 -1
762078610 -1
762089378 1
762110758 1
762133433 1
762136024 -1
762175089 -1
762179632 -1
762337912 -1
762339352 -1
762499932 1
762595442 -1
762642141 1
762657408 -1
762734553 1
762758016 1
762892771 1
762948635 -1
762953055 -1
762983833 -1
763087837 -1
763149493 1
763196652 -1
763202626 -1
763394066 -1
763577446 -1
763583401 -1
763598728 -1
763677867 1
763730076 -1
763856097 -1
763876696 -1
763883837 1
764180268 1
764240544 -1
764241784 -1
764436245 1
764441221 1
764560576 1
764672096 1
764684182 1
764691671 -1
764804164 1
764816061 1
764868722 -1
765172740 -1
765215384 1
765284806 -1
765363153 1
765379444 1
765393831 1
765441851 -1
765684205 -1
765932488 -1
766011133 1
766059718 -1
766063553 -1
766327615 -1
766378310 1
766438838 -1
766488860 1
766490145 1
766799740 1
767190586 1
767260169 1
767635792 -1
767727200 -1
768307159 1
768461166 1
768490515 1
768504350 1
768549232 -1
768696330 1
768698759 1
768878455 -1
768905941 -1
768937282 -1
769177559 1
769261272 1
769281954 -1
769344054 1
769375047 1
769459433 -1
769522286 1
769697436 -1
769789803 -1
769835951 -1
769879953 1
769976681 -1
770002623 1
770090331 1
770265699 1
770333671 -1
770339289 -1
770372946 -1
770429280 1
770461844 -1
770495400 -1
770773952 1
770884421 -1
770990244 -1
771379305 -1
771428104 1
771608603 1
771776980 -1
771785667 -1
772094056 1
772132585 -1
772205554 -1
772211013 1
772350955 1
772414861 -1
772491723 1
772547485 -1
772563390 -1
772577942 -1
772808718 -1
772832169 -1
773031579 -1
773108329 -1
773129835 1
773240411 -1
773253798 -1
773382864 -1
773779352 1
773819546 -1
773854233 -1
773870263 -1
773951029 1
774057785 1
774064330 1
774152761 -1
774185885 1
774331881 1
774405356 -1
774407524 -1
774429831 -1
774539338 -1
774556056 -1
774696819 1
774944351 -1
775082981 -1
775295797 -1
775331260 -1
775342640 -1
775364256 1
775428436 -1
775563989 -1
775909706 -1
775948757 -1
776122329 -1
776252791 -1
776310194 1
776324956 1
776337692 -1
776342995 -1
776443372 1
776553236 1
776558601 1
776616043 1
776620694 -1
776644825 -1
776726163 1
776753234 -1
776834934 -1
776844945 -1
776907739 -1
777068515 1
777177352 -1
777257788 -1
777386497 1
777531825 -1
777570429 -1
777603258 1
777622375 1
777657398 -1
777678691 -1
777714486 -1
778019546 1
778078200 -1
778188223 -1
778228601 -1
778267250 1
778562965 -1
778610715 -1
778627320 -1
778651361 1
778738672 -1
778783173 1
778912147 1
779019560 -1
779033264 1
779159092 -1
779297275 1
779453742 1
779513684 -1
779544796 -1
779546583 -1
779560091 -1
779578413 1
779597347 1
779603695 1
779652099 1
779676732 -1
779707221 1
779940062 -1
780021437 -1
780080527 -1
780176610 -1
780331341 -1
780349648 -1
780373756 1
780476097 -1
780597822 -1
780620037 1
780666976 1
780692081 -1
780751263 1
781074340 -1
781798539 -1
781886511 -1
781940700 1
782031487 -1
782036349 -1
782318735 -1
782328869 -1
782330862 -1
782351047 1
782398318 -1
782413988 1
782453651 -1
782708711 -1
782739665 1
782823006 -1
782892347 1
782992039 -1
783008221 1
783347805 -1
783350162 -1
783364419 -1
783404211 1
783417279 1
783520765 -1
783529663 1
783557258 1
783644151 -1
783662628 1
783757272 -1
783801584 1
783855603 1
783870660 1
783918423 -1
784296702 -1
784427124 -1
784453648 -1
784456724 -1
784466513 1
784593177 1
784697182 -1
784753723 1
784777042 1
784937335 -1
784966299 -1
784979227 -1
785013137 1
785125981 1
785179481 1
785283040 1
785344292 -1
785425617 1
785520316 1
785527387 1
785540595 1
785671783 1
785691000 1
785775433 -1
785815384 1
785893425 -1
786152096 -1
786159926 -1
786164920 -1
786270664 -1
786355784 1
786463628 1
786530653 -1
786567353 -1
786601967 1
786653946 -1
786806531 -1
786908788 1
786941708 -1
787064985 -1
787109734 -1
787387512 1
787441123 -1
787520813 1
787560017 1
787622045 -1
787653455 1
787809478 1
787812948 1
787922870 1
787966838 1
788137566 -1
788166992 -1
788239547 -1
788287758 -1
788322998 1
788348440 1
788524931 1
788865228 1
788952705 -1
789223752 -1
789527014 1
789533113 1
789613363 -1
789667904 1
789730707 -1
789780304 -1
789792615 1
789826998 1
789855416 -1
790097652 1
790205987 1
790240776 1
790427880 -1
790436271 -1
790560071 -1
790673526 -1
790705995 -1
790721129 -1
790745843 1
790914272 1
790921756 1
791303124 -1
791338984 -1
791511653 -1
791623507 -1
791739560 -1
791744353 -1
791817039 1
791828053 1
791971841 1
792035229 -1
792086726 1
792119417 -1
792205581 1
792316492 -1
792361995 1
792526669 -1
792651051 -1
792686177 -1
792747340 -1
792843209 -1
792982701 -1
793019725 1
793071359 1
793109592 -1
793159272 1
793195558 -1
793195906 1
793236679 -1
793336894 1
793380395 -1
793424226 1
793652822 -1
793746734 -1
793755088 -1
793784945 -1
793865504 -1
794129292 1
794186032 -1
794236875 1
794258185 1
794433325 -1
794552465 -1
794595744 -1
794605289 -1
794818609 1
795148856 -1
795191837 1
795217159 -1
795240914 -1
795273921 -1
795413914 -1
795428420 1
795449116 -1
795684057 -1
795819906 -1
795831374 1
795940676 -1
795965705 1
796000764 -1
796059265 -1
796219807 -1
796220298 -1
796295067 1
796330224 -1
796361317 1
796564747 1
796598729 -1
796620468 -1
796625744 -1
796685597 1
796721151 -1
796918160 1
796923462 1
796928478 1
796982877 -1
796988393 -1
797017432 -1
797072698 -1
797103792 -1
797140534 -1
797161787 -1
797215666 1
797244290 1
797466559 1
797601054 1
797623048 -1
797637787 1
797675649 -1
797682931 1
797737267 1
797831670 -1
798075907 -1
798130303 1
798140992 1
798290232 1
798371130 -1
798553453 1
798628617 -1
798691264 1
798701213 1
798771318 -1
798848520 1
798908388 -1
798962141 1
798965036 1
799029475 -1
799183684 -1
799290938 1
799438507 -1
799455180 -1
799508509 1
799582101 -1
799617605 1
799639230 1
799652187 1
799915078 1
800120783 -1
800237454 -1
800350619 -1
800384996 -1
800414289 -1
800435116 1
800444046 1
800583008 1
800630649 -1
800643186 -1
800721019 1
800744025 -1
800814737 -1
800960510 1
801104138 1
801181767 -1
801321973 -1
801835017 -1
801899394 -1
801905809 1
802072598 1
802086351 1
802216353 1
802250189 -1
802300701 -1
802341251 1
802561762 -1
802785393 1
802829438 -1
802847903 -1
802916003 1
802989810 -1
803023814 1
803052423 -1
803065572 1
803131502 1
803219426 -1
803253861 -1
803286782 1
803367976 -1
803487044 -1
803559218 1
803715517 1
803925368 -1
803944686 1
803990471 1
804005425 -1
804283601 -1
804337853 -1
804367804 1
804387163 -1
804620802 -1
804637118 1
804659474 1
804792160 1
804806625 1
804826551 1
804929109 1
804948463 1
804982391 -1
805085764 1
805283576 -1
805357093 1
805431187 -1
805446373 1
805576084 -1
805583637 1
805587229 1
805602176 1
805825435 -1
806102421 -1
806261267 1
806295430 1
806385776 -1
806417004 1
806445011 1
806456807 1
806500363 1
806501628 -1
806533230 1
806773826 -1
806806325 1
806826090 1
806974700 1
806992326 -1
807086792 1
807120762 1
807230874 1
807282033 -1
807332206 -1
807374224 1
807392156 1
807495981 1
807502916 1
807539866 -1
807552286 -1
807571003 -1
807668665 1
807668959 -1
807738710 -1
807755527 -1
807774721 1
807786966 1
808193159 1
808224358 1
808297462 1
808335476 -1
808513949 -1
808575943 -1
808630362 -1
808799699 1
808839922 -1
808863573 1
809037539 1
809048977 1
809063226 1
809086645 -1
809251559 -1
809252895 1
809341635 1
809403158 -1
809452230 -1
809495860 -1
809615886 1
809954386 1
810107645 1
810270227 1
810333912 -1
810483403 -1
810596867 -1
810796771 -1
811302354 -1
811341021 1
811353699 1
811436456 -1
811468132 1
811550996 -1
811583897 -1
811894673 1
811998720 -1
812039482 1
812061840 1
812137356 -1
812197012 1
812234659 -1
812400769 -1
812507493 -1
812575264 1
812623553 -1
812646405 -1
812687447 -1
812688889 -1
812778107 -1
812945596 -1
813020935 1
813086858 -1
813139941 1
813390827 1
813442867 -1
813487542 -1
813523510 -1
813536204 1
813585529 -1
814142367 1
814353931 1
814471405 -1
814622997 -1
814718530 1
814946813 1
814985835 -1
815004526 -1
815023444 -1
815038610 -1
815048964 1
815129225 -1
815173444 -1
815175257 -1
815220842 1
815229275 1
815459323 1
815569350 -1
815674804 1
815793779 -1
815831930 -1
815849653 -1
815930649 1
816000791 -1
816300960 1
816362666 1
816390160 -1
816540909 -1
816844085 1
816925007 -1
816947257 -1
817001072 1
817004951 1
817099166 -1
817311805 1
817598351 -1
818011948 1
818235869 1
818335297 -1
818436417 -1
818506925 1
818570412 1
818633401 -1
818680826 1
818774393 1
818798779 1
819006100 -1
819011883 -1
819029731 -1
819044202 -1
819044788 -1
819467964 1
819515372 -1
819737983 -1
819758847 1
819876717 -1
820054840 -1
820066673 -1
820129989 -1
820138868 -1
820155086 -1
820163904 1
820176893 1
820178237 1
820344406 -1
820439601 1
820490453 1
820491604 1
820557112 -1
820563291 -1
820575544 1
820649469 -1
820658071 -1
820696799 -1
820776648 -1
820877681 1
820978531 -1
820996571 1
821026986 1
821211115 -1
821274527 1
821285373 1
821292536 1
821296528 1
821420410 1
821486337 -1
821534910 -1
821578523 1
821630334 -1
821796029 -1
821815000 -1
821862087 1
821959312 -1
822028051 1
822107273 1
822109789 1
822219561 -1
822319846 -1
822457849 1
822519470 -1
822523101 1
822641381 -1
822650002 -1
822733811 1
822908059 -1
822944400 1
822980039 1
823051268 -1
823073513 -1
823470868 -1
823528092 1
823582969 -1
823588466 -1
823638303 1
823708634 1
823792494 1
823822688 -1
823842958 1
823990058 -1
823994665 1
824044217 -1
824152757 1
824221516 1
824293868 -1
824331275 -1
824334847 1
824408353 -1
824443408 -1
824480330 1
824519151 1
824533798 1
824582004 -1
824626546 1
824651199 1
824744327 -1
824775979 1
824983857 1
825011436 -1
825062037 1
825163955 -1
825202953 1
825221965 1
825246643 -1
825273459 -1
825396251 -1
825441093 -1
825450222 1
825455989 1
825480497 1
825500604 1
825559267 -1
825560623 -1
825611806 1
825630382 1
825642949 1
825730770 1
825929286 -1
825953012 -1
825997257 -1
826020489 1
826024042 1
826091072 1
826128232 -1
826169316 -1
826201898 1
826304730 1
826354920 1
826453564 1
826510933 -1
826584202 1
826588933 1
826777440 1
826887118 1
826994009 1
827043164 -1
827077169 -1
827175753 -1
827277458 -1
827280520 1
827366135 -1
827389715 -1
827455354 -1
827530160 -1
827546102 -1
827698766 1
828098725 -1
828115072 1
828551151 1
828627351 1
828630150 -1
828846297 1
828877259 -1
828970071 1
829082957 -1
829103407 1
829153625 -1
829297264 1
829535452 1
829676714 1
829748267 -1
829764247 -1
829952422 1
830000442 -1
830010831 1
830026860 -1
830062169 -1
830077829 1
830078460 -1
830148139 1
830243463 1
830272785 1
830282522 1
830378050 1
830409365 -1
830448613 -1
830787513 1
830869950 -1
830943713 1
831022876 1
831124610 1
831196779 -1
831612150 -1
831619922 1
831639696 1
831702645 -1
831742714 -1
831773815 1
831774652 1
831951542 1
831977931 -1
832026778 -1
832158267 -1
832200954 1
832219789 -1
832337989 1
832396028 -1
832434773 -1
832472234 1
832674012 -1
832802601 1
832921271 1
832990045 1
833079252 1
833092476 1
833220774 -1
833272051 -1
833329356 1
833404901 -1
833669716 -1
833782812 1
833807109 1
833833479 1
833880866 1
834012127 -1
834304375 1
834455618 1
834536906 -1
834544145 -1
834666698 1
834714064 -1
834868613 1
834998536 -1
835045440 1
835054903 1
835079441 -1
835136451 -1
835252105 -1
835258268 -1
835260775 -1
835359316 -1
835471847 -1
835487726 -1
835559172 -1
835574597 1
835660477 -1
835676447 -1
835689720 -1
835750221 1
835781015 -1
836024516 1
836146537 1
836155190 1
836215915 1
836292506 1
836541258 -1
836565174 1
836571779 1
836714538 1
836837747 -1
836977366 -1
837163380 1
837208046 1
837277138 1
837344364 1
837355652 -1
837390828 -1
837420919 1
837615043 1
837822944 -1
837850931 1
837988975 1
838032990 1
838078393 1
838456792 1
838492187 -1
838579010 1
838611720 1
838703545 1
838740325 -1
838741328 1
838750783 1
838809350 -1
838988778 1
839088519 -1
839216753 -1
839236550 -1
839297571 1
839335677 -1
839535038 -1
839724208 1
839819339 -1
839851296 1
839884096 1
839941533 -1
839946186 -1
839975855 1
840038023 1
840112795 1
840192431 -1
840544797 1
840630530 1
840630701 1
840632195 -1
840674809 -1
840770885 1
840772627 -1
840791207 -1
840822964 1
840855472 1
840880907 1
840985090 1
841065140 -1
841148038 1
841229919 -1
841265435 1
841275109 -1
841276810 1
841319098 1
841455175 1
841586999 1
841651881 -1
841693970 1
841695599 1
841843832 -1
841851998 1
841884134 1
841905363 1
841976420 1
842012311 -1
842077339 -1
842098128 -1
842111005 1
842215805 -1
842224346 -1
842394211 1
842532936 1
842565448 1
842692194 1
842751305 -1
842770206 -1
842933365 -1
842947765 1
842973237 1
843023567 1
843247945 1
843481127 -1
843481358 -1
843523363 -1
843526943 1
843631395 -1
843645671 -1
843687783 1
843689409 1
843742728 -1
843788565 -1
843797009 -1
843870580 -1
844121625 1
844132538 1
844208136 -1
844233959 -1
844458335 -1
844501262 -1
844556498 1
844565714 1
844589497 1
844677994 1
844721007 1
844772588 -1
844859436 -1
844867043 1
844942694 -1
845010395 1
845030006 1
845059707 -1
845100044 1
845190170 -1
845204429 -1
845254112 1
845302822 1
845567162 1
845723180 1
845811760 -1
845876952 1
845944568 -1
845969270 1
846101492 1
846178558 1
846243235 1
846294904 1
846312386 -1
846349693 1
846427533 -1
846510342 -1
846549605 1
846553119 1
846575506 1
846588247 -1
846675992 1
846800282 -1
846806733 -1
846843757 1
846963380 1
846970963 1
847062790 -1
847086886 -1
847097079 -1
847107951 1
847123566 1
847439334 1
847522906 -1
847597263 -1
847626492 -1
847708353 1
847719054 1
847750218 -1
848064304 -1
848086324 -1
848137184 1
848380569 -1
848420907 -1
848496649 1
848542599 1
848582949 1
848698077 1
848774110 1
848836605 1
849054256 -1
849066452 -1
849079851 -1
849115595 1
849186243 -1
849189733 1
849328348 -1
849344881 1
849550405 1
849570385 1
849707388 1
849896873 1
849924652 -1
849956965 -1
849984938 1
850025333 1
850115673 -1
850168077 1
850229255 -1
850234264 -1
850403272 -1
850431323 1
850572636 1
850592857 1
850633248 -1
850648473 -1
850786775 -1
850808235 -1
850866271 1
850903094 -1
851128550 1
851288022 1
851336964 1
851415600 1
851419271 1
851588635 1
851646769 1
851715125 1
851719331 1
851811202 -1
851834778 -1
851837377 -1
851889666 1
851940401 -1
852021412 1
852099599 1
852111901 -1
852136397 1
852195919 1
852273757 -1
852369185 1
852450348 1
852690423 -1
852694658 -1
852707728 -1
852794976 -1
853100827 -1
853295672 1
853349399 -1
853434784 1
853588012 1
853657876 -1
853968723 1
854065212 1
854066322 -1
854092769 -1
854291114 -1
854429798 -1
854442203 -1
854446119 1
854485529 1
854725628 -1
854750315 1
854844311 -1
854866408 -1
854911300 -1
854914870 1
855177141 1
855313017 1
855369992 1
855383709 -1
855441195 -1
855470307 1
855473345 -1
855477656 1
855492772 1
855560702 -1
855583765 -1
855641486 1
855740934 -1
855765638 1
855840449 -1
856103733 -1
856157718 1
856342851 1
856436792 -1
856474529 1
856581007 -1
856688286 1
856715587 -1
856753705 -1
856805892 1
856915300 1
857069041 1
857069283 1
857309398 -1
857377658 -1
857403246 1
857430932 -1
857451923 -1
857527121 1
857675345 1
857737067 -1
857802279 1
857828037 1
857894773 -1
857949052 1
857952294 1
858007575 -1
858030517 -1
858031326 -1
858140640 1
858193381 -1
858193470 -1
858298439 -1
858319091 1
858344872 -1
858387500 1
858422514 1
858483316 -1
858662677 1
858936286 -1
859052070 -1
859078170 -1
859106157 1
859364543 -1
859368228 -1
859703561 1
859780155 -1
859971216 1
860036672 -1
860108213 1
860165126 -1
860177221 -1
860177626 1
860221998 -1
860274017 1
860388329 -1
860458395 -1
860542832 1
860780501 -1
860932694 1
860949200 -1
860954653 -1
860976076 1
860978350 1
860998062 1
861010122 1
861052986 -1
861107870 -1
861172750 1
861195739 -1
861239639 -1
861247526 -1
861286304 1
861425685 1
861566284 1
861585649 1
861641627 -1
861656228 -1
861658391 -1
861698009 -1
861935557 -1
861958073 -1
861978932 -1
861988702 -1
862009792 1
862056782 1
862068060 1
862142048 1
862176681 -1
862331349 1
862403264 -1
862463428 1
862570756 -1
862592086 1
862610663 1
862641970 1
862655629 1
862715357 -1
862738377 1
862858530 -1
862927863 1
862961358 -1
863157560 -1
863281162 -1
863302830 -1
863375636 1
863395699 -1
863478805 1
863577078 -1
863610289 -1
863648499 -1
863704356 -1
863758475 1
863901463 1
863967689 1
864024893 -1
864063493 1
864076225 1
864087762 1
864112834 1
864174378 -1
864352350 1
864385334 1
864473490 -1
864557730 1
864649365 -1
864734692 -1
864758802 -1
864786793 1
864887027 -1
864918353 1
864928615 1
864932452 1
865006896 -1
865054937 -1
865127131 1
865141888 -1
865213588 1
865316333 -1
865323536 -1
865507210 1
865558005 1
865571721 -1
865608182 -1
865696332 1
865968586 1
866049095 1
866054221 1
866080065 -1
866105346 1
866130723 -1
866260099 1
866404084 1
866433436 -1
866517094 -1
866571286 1
866578119 -1
866664745 -1
866814999 -1
866818585 -1
866912794 1
866925306 -1
867002579 -1
867007635 1
867054363 -1
867178966 1
867184078 1
867250066 1
867255873 -1
867309643 1
867646296 -1
867670867 -1
867712475 1
867750291 1
867774603 1
867864890 1
867882510 1
867980840 -1
868021635 -1
868022406 1
868170130 1
868287237 -1
868404778 -1
868493992 1
868660361 1
868689941 -1
868718431 -1
868722079 -1
868749369 1
869142347 -1
869186803 1
869320394 1
869327064 1
869479269 1
869482236 1
869544660 1
869741512 -1
869834577 -1
869883312 1
869922473 1
870022584 -1
870163814 -1
870244695 -1
870248752 1
870267971 1
870294571 1
870451826 -1
870497288 -1
870766217 -1
870886082 1
870949374 1
871135947 -1
871184860 1
871186930 -1
871232268 -1
871302867 1
871381218 -1
871524039 -1
871725222 1
871852823 1
871857228 1
872071858 -1
872112781 -1
872199387 -1
872250757 -1
872296214 -1
872307912 1
872392975 -1
872524378 -1
872734935 1
872747381 -1
872853819 -1
872903853 1
873016964 -1
873029449 1
873499727 -1
873581714 -1
873640629 1
873649397 1
873667291 1
873711177 -1
873745706 1
873793262 1
873832980 -1
873841207 -1
873887881 -1
873939345 1
873990958 -1
874010532 -1
874165911 -1
874323574 -1
874391766 1
874446194 -1
874449854 -1
874449951 -1
874472153 -1
874573046 1
874642052 1
874770157 -1
874812105 1
874845405 1
874878538 -1
874996975 1
874997793 1
875061120 -1
875080341 1
875185625 -1
875226650 1
875243680 1
875252687 1
875265698 -1
875429633 -1
875446064 -1
875488205 -1
875490957 -1
875495853 -1
875514570 -1
875559770 1
875585721 1
875691998 1
875819307 1
875847545 1
875895543 1
875926358 -1
875953510 -1
876223305 -1
876233769 -1
876257975 -1
876373536 -1
876402621 1
876440200 1
876448867 1
876556060 -1
876657846 1
876803430 -1
876871295 1
876930523 1
876974260 -1
877100146 -1
877111956 -1
877121278 -1
877163357 1
877238245 -1
877297978 -1
877309648 1
877425279 -1
877429697 -1
877709311 1
877792885 1
877896878 1
877898170 1
877928942 1
877992151 -1
878036107 -1
878078033 1
878101223 -1
878107960 -1
878475170 -1
878489993 1
878516852 1
878668268 1
878683549 -1
878729764 -1
878773123 -1
878786492 -1
878871591 -1
878910679 -1
878941262 1
878945861 1
878972882 1
878994490 1
879055737 -1
879070105 -1
879116522 1
879153906 1
879221762 -1
879269905 1
879308678 1
879334475 1
879463947 -1
879472218 -1
879565629 1
879628294 -1
879669740 -1
879718149 1
879770839 -1
879845817 1
879916026 1
879995380 1
880031200 1
880036716 1
880056191 -1
880095197 -1
880103149 -1
880273200 -1
880350453 -1
880431821 1
880663834 1
880713070 -1
880820107 -1
880860667 -1
880867954 -1
880954564 -1
881052475 1
881235236 1
881277289 1
881349057 1
881353578 1
881407342 -1
881447308 -1
881594197 -1
881605738 -1
881639427 1
881696044 -1
881717874 -1
881832466 1
881924652 1
881970111 1
881994447 -1
882109508 -1
882166727 -1
882186456 -1
882259842 1
882277398 1
882283909 1
882320910 -1
882392456 1
882463095 1
882497534 -1
882615625 -1
882662639 1
882709804 1
882711585 1
882839464 1
883012487 -1
883289250 1
883403798 -1
883430050 1
883474399 -1
883747088 1
884020333 1
884258490 -1
884373015 -1
884419480 -1
884459793 1
884534288 1
884542645 1
884559331 1
884657054 1
884718750 -1
884725231 -1
884749488 -1
884754351 -1
884785439 1
884862601 -1
884871267 -1
884914097 1
884968809 -1
885020712 -1
885086264 1
885112927 -1
885133591 -1
885215506 1
885352504 -1
885387267 1
885469375 -1
885523040 1
885594840 -1
885623257 -1
885687455 1
885699318 -1
885735248 -1
885760380 -1
885778753 -1
885807730 1
885946108 -1
885975367 1
886124424 1
886139309 1
886316934 1
886347742 -1
886398867 -1
886402779 -1
886428450 1
886463712 1
886487023 -1
886493349 -1
886530991 -1
886537235 -1
886653306 -1
886660201 1
886912223 -1
887100598 -1
887306554 1
887370831 1
887387704 -1
887413392 1
887451553 -1
887580875 -1
887645209 1
887696990 -1
887771352 1
887822113 1
887893614 -1
887966793 -1
888032296 -1
888042768 -1
888151387 -1
888245662 -1
888342040 -1
888349254 -1
888493134 -1
888596736 -1
888599725 -1
888653530 -1
888679323 1
888796650 -1
888800366 -1
888813577 1
888845516 1
889044111 -1
889100977 -1
889125000 1
889455270 1
889526160 -1
889560825 1
889630891 1
889689019 -1
889719822 1
889842453 -1
889847352 -1
889899436 1
889990319 -1
890090710 -1
890100680 1
890254926 -1
890335007 1
890336115 -1
890436820 -1
890465664 1
890490542 1
890592002 -1
890714493 -1
890784589 1
890869103 -1
890950788 1
890996572 1
891197450 1
891200159 -1
891242934 1
891244696 1
891267526 1
891328069 -1
891356313 -1
891528847 1
891532956 1
891552082 1
891594072 1
891610907 1
891794608 -1
891963592 -1
892174018 1
892176962 1
892390117 -1
892412818 -1
892488926 1
892659800 1
892693202 -1
892726149 -1
892798497 -1
892825991 -1
892876113 -1
892878527 1
892978274 -1
892989626 -1
893039834 1
893242418 1
893283590 -1
893404562 1
893517633 1
893758661 -1
893784718 1
893870112 1
893932281 -1
894298595 -1
894508667 -1
894511916 -1
894547805 1
894566810 1
894822802 -1
894902484 -1
895095430 -1
895145454 -1
895185508 1
895361274 -1
895444406 -1
895566800 -1
895586078 -1
895592822 -1
895651117 1
895697928 1
895983553 -1
896011569 -1
896359880 1
896571901 -1
896650800 -1
896787702 -1
896867901 -1
896911424 -1
897056894 -1
897064926 -1
897103512 -1
897227058 -1
897282304 1
897307848 -1
897322953 -1
897330965 1
897399015 -1
897481773 1
897590371 1
897681492 -1
897745405 1
897796166 -1
897864152 -1
897874052 -1
897934608 -1
897936072 1
897940259 1
897941896 -1
897956062 1
897961204 1
898239476 1
898456888 1
898483106 -1
898599415 -1
898628493 -1
898731140 1
898770841 -1
898771110 -1
898899248 -1
899073965 -1
899177891 -1
899191748 -1
899206831 -1
899577076 1
899614954 1
899620630 -1
899713796 1
899786844 -1
899951447 -1
900000357 -1
900089822 -1
900123201 -1
900293970 -1
900309124 -1
900335502 1
900341645 -1
900397644 -1
900448342 -1
900612671 -1
900705407 -1
900755263 -1
900784331 1
900800635 1
900802099 1
900833585 -1
900878004 -1
900968158 1
901018980 -1
901077474 -1
901135821 1
901204675 -1
901209040 -1
901227648 1
901235618 1
901319847 -1
901453914 -1
901562881 1
901647481 -1
901661663 -1
901667987 -1
901767886 1
901787281 1
901789685 -1
901868092 1
901945372 -1
901980608 -1
902107260 -1
902143106 1
902179116 1
902300353 1
902307336 1
902321354 1
902410258 -1
902542150 -1
902635273 1
902888559 -1
902942185 -1
902988612 -1
903002556 1
903021322 -1
903035999 -1
903062701 1
903121670 -1
903288440 1
903298494 1
903332521 -1
903452639 -1
903661072 -1
903728140 -1
903809830 -1
903814303 -1
904023722 -1
904105666 -1
904161137 1
904255551 -1
904397948 -1
904447895 1
904481099 1
904506862 -1
904563631 -1
904610189 1
904647517 1
904670407 1
904721787 -1
904727433 -1
904742622 1
904750625 1
904771483 1
904790529 -1
904852279 -1
904859184 -1
905038512 -1
905206659 1
905214462 1
905229111 1
905230366 1
905365044 1
905370606 1
905510387 1
905569261 1
905585213 1
905608843 1
905627245 -1
905657417 -1
905670102 1
905676884 1
905736709 1
905753246 -1
905814432 1
905840905 1
906078075 -1
906189024 1
906200102 1
906213831 1
906262436 1
906312841 1
906316678 1
906367590 -1
906405713 -1
906426188 1
906440931 1
906494941 -1
906614150 1
906887257 1
906971973 1
907275414 1
907457065 -1
907618126 1
907676021 1
907803608 -1
907812086 1
907852009 1
907972837 1
907991932 1
908075241 -1
908102033 -1
908250257 -1
908320569 1
908422759 -1
908510527 -1
908564086 -1
908581938 1
908662648 -1
908680839 -1
908754545 1
908967646 -1
909008031 -1
909065802 1
909178151 -1
909323010 -1
909327109 -1
909331982 -1
909355950 1
909366821 1
909393385 1
909510161 1
909511680 1
909577729 -1
909738189 -1
909812514 1
909828696 1
909899127 1
909926374 -1
909941225 -1
909999705 1
910053482 -1
910128739 1
910189189 -1
910211265 -1
910300421 1
910406015 -1
910425118 1
910455311 1
910522227 -1
910543314 -1
910697787 -1
910725637 1
911002992 -1
911035010 -1
911035259 -1
911184924 -1
911204361 1
911246870 1
911758601 -1
911803028 -1
911814160 1
911827840 1
911870276 1
911947688 -1
911953252 1
911974383 1
912330743 1
912337351 1
912360089 -1
912444479 1
912593579 1
912638585 1
912711277 -1
912715700 -1
912759858 1
912820764 1
912835874 -1
912902127 1
912923679 1
912994767 -1
913009873 1
913049285 1
913107561 1
913159295 -1
913179737 -1
913260533 1
913329771 -1
913332717 -1
913380115 1
913495625 -1
913547832 -1
913617260 -1
913811371 -1
914153410 1
914188320 1
914283568 1
914479701 1
914543732 -1
914835551 -1
914897597 -1
914918747 -1
914994359 -1
915000495 -1
915126313 1
915356720 1
915412903 1
915512909 -1
915552987 1
915611228 -1
915716489 1
915781761 -1
915804227 -1
915807621 -1
915810093 -1
915951286 -1
915993702 1
916016669 -1
916092617 1
916094809 -1
916182455 1
916500828 1
916528722 -1
916530242 -1
916685459 -1
916689219 1
916689541 -1
916834217 1
917004125 1
917009054 -1
917049100 -1
917068357 -1
917227681 -1
917228922 1
917267445 1
917301583 1
917333094 -1
917415283 1
917419529 1
917687304 -1
917696932 1
917774897 -1
917807204 -1
917833860 -1
917910591 -1
917931218 1
917944508 1
917967375 -1
917989840 -1
918069770 1
918076616 -1
918139542 -1
918158079 -1
918170202 1
918199485 1
918249988 -1
918270611 -1
918380370 1
918494042 -1
918511463 1
918600797 -1
918620013 -1
918665885 1
918723735 -1
918748170 -1
918765066 -1
918803822 1
918946041 1
919062002 -1
919136209 1
919168603 -1
919262464 1
919283270 1
919329911 1
919384719 -1
919396573 -1
919404731 1
919415601 1
919453354 1
919483213 -1
919606478 1
919645334 1
919653068 -1
919836609 1
919860291 -1
919864208 -1
920000583 -1
920045873 1
920131503 -1
920161503 -1
920173833 -1
920181057 -1
920268507 1
920387731 1
920438399 -1
920488209 -1
920500613 1
920577796 -1
920712645 1
920814167 1
920847872 1
920865939 1
920879183 -1
921091036 -1
921258393 -1
921285172 1
921302170 1
921313238 1
921385454 -1
921385922 1
921595976 1
921745770 1
921817916 -1
921835367 1
921841595 -1
921843985 -1
921902583 1
921971101 1
922023982 -1
922098238 1
922292721 1
922369774 1
922378038 1
922401940 -1
922417018 1
922602882 1
922672049 -1
922689005 1
922818935 -1
922830093 -1
922832280 -1
922836185 1
922941880 -1
922942926 1
922962281 -1
922987333 -1
923054878 -1
923060495 1
923070845 -1
923184087 1
923188274 -1
923413419 -1
923430992 1
923488484 1
923570386 -1
923578794 -1
923594994 -1
923614027 -1
923647320 1
923730318 -1
923786269 1
923789203 1
923887640 -1
923892608 -1
923909540 -1
923911439 -1
923913268 -1
923923121 -1
923995193 -1
924036195 -1
924220975 -1
924268986 1
924346718 -1
924476873 1
924500079 -1
924560756 1
924703362 -1
924749262 1
924984652 -1
924991677 -1
925053231 1
925080548 -1
925117309 -1
925177905 -1
925327646 -1
925338360 1
925385739 1
925410996 -1
925428961 -1
925560843 1
925707622 -1
925739357 -1
925836895 1
925849272 -1
925886346 1
925936754 -1
925945327 -1
925960305 -1
926118127 -1
926197617 1
926349750 -1
926402123 -1
926472494 -1
926485670 1
926492301 1
926599655 1
926745050 -1
926784902 1
926989697 1
927173891 -1
927214513 -1
927267865 -1
927464542 1
927472374 1
927569737 1
927584085 1
927601239 -1
927760799 1
927795175 -1
927816251 -1
927820655 -1
927868266 1
927943682 1
927993865 -1
927996044 -1
928116048 -1
928120555 -1
928133703 -1
928142880 -1
928173527 1
928318370 -1
928335407 1
928360836 1
928389959 1
928462376 -1
928633414 1
928698451 1
928705329 -1
928798149 1
928892137 1
928928741 -1
928941896 -1
928942329 -1
929115521 1
929255207 -1
929305806 1
929317371 -1
929429215 1
929454567 1
929591490 1
929694286 -1
929706951 -1
929747009 1
929790700 1
929813090 -1
929834897 -1
929858360 -1
929925126 1
929960495 1
929974449 -1
930049659 1
930070290 1
930116982 1
930124699 -1
930373688 1
930480480 -1
930494937 -1
930526839 1
930619964 -1
930630038 -1
930671287 -1
930677898 1
930684551 1
930874853 1
930975212 -1
930978429 -1
931050405 -1
931130251 -1
931220344 -1
931255502 -1
931284828 -1
931350179 1
931382501 1
931493293 1
931538871 -1
931550932 -1
931602894 -1
931643744 1
931661044 1
931758445 -1
931773602 -1
931807378 -1
931848123 1
931925272 1
932037351 -1
932066318 -1
932175138 1
932175598 -1
932212305 -1
932215427 -1
932387478 -1
932675730 -1
932723479 -1
932813141 -1
932832674 -1
932879197 -1
932898394 1
932910445 1
932935938 1
932960972 1
933081619 -1
933108772 -1
933129772 -1
933157990 -1
933190332 -1
933246068 1
933349788 -1
933363842 1
933369106 1
933377488 -1
933497237 -1
933682243 1
933721684 1
933745401 1
933805514 -1
933962438 -1
933993915 -1
934046878 1
934142132 -1
934200983 -1
934276358 -1
934315283 1
934481959 1
934511220 1
934547527 -1
934564085 -1
934575207 1
934591112 -1
934644213 -1
934780873 1
934794958 1
934800301 1
934886263 1
934894338 -1
934953088 1
934988327 1
934989503 1
935121014 1
935122438 1
935311282 1
935430212 1
935442355 1
935569421 1
935631972 1
935632380 -1
935679153 -1
935737797 1
935797037 1
935851633 -1
935904165 1
935954440 -1
936030423 -1
936126999 -1
936142467 1
936159511 -1
936481875 1
936634566 -1
936699232 1
936741149 1
936880499 1
937007574 1
937052616 -1
937149859 -1
937163278 1
937327920 1
937518361 1
937523083 1
937569908 -1
937662452 1
937686153 1
937745100 -1
937788884 1
937835367 1
937910371 -1
938114421 1
938488188 -1
938559643 -1
938626320 1
938667031 -1
938689460 -1
938697002 -1
938728095 -1
938732583 -1
938752962 1
938851386 1
938856521 1
938891921 -1
938954279 1
938975581 1
939025463 -1
939029698 -1
939198156 -1
939245520 1
939345485 -1
939432740 -1
939458083 -1
939533308 -1
939547185 1
939589838 1
939742035 1
939864756 1
939881671 1
940081171 1
940167447 -1
940194009 1
940291580 -1
940493091 1
940494509 1
940610662 -1
940621195 -1
940650304 -1
940663076 1
940792197 -1
940822195 1
940881286 -1
940943103 -1
941018893 1
941054678 1
941089195 -1
941134726 1
941165145 1
941252874 -1
941268605 -1
941381638 -1
941424231 -1
941598089 -1
941709031 -1
941973599 1
942029115 1
942047841 -1
942190281 -1
942285607 1
942367914 -1
942369939 -1
942477834 1
942535077 -1
942567969 -1
942586443 1
942683459 -1
942829820 -1
942837469 -1
942894929 1
942913583 -1
942930010 1
943029613 -1
943079782 1
943092604 1
943152334 -1
943236048 1
943300379 -1
943375239 1
943450726 -1
943475825 -1
943486120 -1
943561969 -1
943856068 1
943903394 1
943922494 -1
943989579 -1
944033129 1
944067719 1
944349264 1
944371009 1
944427880 -1
944552710 -1
944588412 -1
944595315 -1
944608103 -1
944609947 -1
944633445 -1
944634765 -1
944652964 1
944653263 1
944834389 1
944878493 1
944925352 -1
944933701 -1
945037386 -1
945190353 -1
945251798 -1
945280433 1
945288699 1
945316099 1
945396477 -1
945455852 1
945532617 -1
945583279 -1
945729635 -1
945911292 -1
945920669 1
945945126 1
946092647 1
946207912 -1
946460737 -1
946461244 -1
946464336 -1
946654329 -1
946689301 1
946745775 1
946854999 -1
947091974 1
947177766 -1
947240945 1
947256981 1
947271474 1
947370292 1
947390815 1
947477840 -1
947483211 -1
947533258 1
947615212 -1
947636203 -1
947645541 -1
947671625 -1
947689161 1
947696764 1
947706141 1
947735237 1
947908043 1
948076006 -1
948110590 -1
948285395 -1
948339505 1
948519417 -1
948535089 1
948657322 1
948679022 1
948790484 -1
948828389 1
948835216 -1
948835360 1
948954829 -1
949280265 -1
949396756 -1
949465128 -1
949488152 1
949711100 -1
949827754 1
949890550 -1
949942736 1
949962791 1
950075101 -1
950079561 -1
950119934 1
950302337 -1
950398118 -1
950401529 -1
950406569 -1
950417204 1
950462312 1
950549001 -1
950576731 1
950577721 1
950807735 1
950826084 1
950846602 -1
950890088 -1
950904375 1
950994484 -1
951055479 1
951058130 1
951069770 1
951142827 -1
951458009 -1
951538257 1
951576406 1
951613221 -1
951648476 1
951756371 1
951780092 1
951839626 -1
951954127 -1
952025777 1
952035809 1
952097751 1
952202853 1
952268796 1
952408188 1
952438378 -1
952454513 1
952488179 -1
952640130 1
952711149 1
952809675 -1
952821083 -1
952834466 1
952868958 1
952933894 1
952988997 -1
953017203 1
953017229 1
953027219 1
953145001 -1
953153240 1
953174716 1
953315235 1
953392383 1
953411695 -1
953417753 -1
953425053 -1
953508433 1
953628692 -1
953784011 -1
953817294 1
953829749 1
953851244 1
953944262 -1
953962501 -1
953979394 1
953985996 1
954066638 -1
954088464 -1
954183512 -1
954298976 1
954308065 -1
954408657 -1
954570150 1
954757309 -1
954837004 -1
954838548 -1
954986751 1
955026038 -1
955056075 -1
955084635 -1
955166208 -1
955204254 1
955267455 1
955287949 1
955397692 -1
955525752 -1
955579757 1
955780677 1
955882288 -1
955988280 1
956005846 -1
956037622 1
956186664 -1
956587635 1
956752626 1
956807245 -1
956827722 -1
956831862 -1
956850388 -1
956857290 -1
957082135 1
957083102 -1
957130359 -1
957143016 -1
957143387 -1
957276110 -1
957297359 -1
957299635 -1
957365110 1
957516937 1
957571810 1
957591596 1
957634410 -1
957642706 -1
957684895 1
957695956 1
957791535 -1
957894851 -1
957911891 1
957941705 -1
957981608 -1
958037311 1
958197436 1
958199897 1
958208155 1
958254800 1
958467111 -1
958514708 1
958539461 -1
958578215 -1
958739419 1
958795420 -1
958814766 1
958845338 1
958920944 -1
959134591 -1
959211449 1
959411509 -1
959476684 1
959496191 1
959607742 -1
959633617 1
959664561 -1
959763497 -1
959775301 -1
959782995 1
959783304 -1
959802257 1
959817593 1
960012544 1
960062792 -1
960147908 1
960149545 1
960257151 1
960267083 -1
960294763 1
960325181 1
960374217 -1
960454055 1
960549461 -1
960559908 -1
960602366 1
960711100 -1
960920399 1
961019462 -1
961107066 1
961158805 -1
961168050 1
961175869 -1
961215800 -1
961376343 -1
961398311 -1
961421879 1
961445301 1
961571877 -1
961601028 1
961607227 1
961688130 -1
961696387 -1
961933348 1
962001878 -1
962009043 1
962035322 -1
962049856 -1
962052681 -1
962133511 -1
962142160 1
962151402 -1
962162545 1
962168535 -1
962223116 -1
962292675 1
962545825 -1
962554706 1
962560799 1
962588961 1
962602725 1
962751595 1
962842937 -1
962858248 -1
962876570 1
962973171 -1
963005755 1
963055380 1
963237276 1
963348140 -1
963380308 1
963455698 1
963491805 -1
963674423 -1
963924679 -1
963972614 -1
964020444 -1
964065244 -1
964080718 -1
964173845 -1
964189505 1
964241045 1
964293902 -1
964326183 -1
964368220 1
964432607 1
964452420 1
964480029 -1
964535198 1
964682718 1
964805407 -1
964917179 1
964945330 1
965022838 -1
965066448 1
965387774 1
965468808 -1
965579244 1
965580489 -1
965639108 -1
965720758 1
965775366 -1
965879952 1
965902384 1
965989375 1
965998664 1
966028885 -1
966059080 -1
966093872 1
966124492 -1
966168970 1
966438947 -1
966561181 1
966650799 1
966665336 1
966764817 1
966795295 1
966970079 1
967017238 1
967023961 1
967086649 -1
967121838 1
967136078 1
967137536 1
967146590 1
967201604 1
967278963 -1
967302723 1
967310205 1
967335390 1
967440615 -1
967471332 1
967521849 1
967580679 -1
967590479 -1
967607153 -1
967631810 -1
967663787 -1
967671936 1
967692464 1
967762096 -1
967788347 1
967903787 1
967912408 -1
967934601 -1
967945695 1
968000291 1
968076459 -1
968093953 -1
968127281 1
968186485 1
968264418 -1
968267242 -1
968413943 -1
968423540 -1
968470036 1
968502556 -1
968762506 1
968799710 1
968800632 -1
968876390 -1
969021852 -1
969100788 1
969214902 1
969219123 -1
969254575 1
969303013 -1
969521396 -1
969550133 -1
969558818 -1
969581494 1
969600278 1
969642219 1
969753755 1
969798287 1
969804898 1
969838682 -1
969895307 -1
970022150 -1
970064570 -1
970110353 1
970156130 -1
970303015 1
970382380 -1
970385636 -1
970471062 -1
970473259 1
970606381 1
970852872 -1
970862656 -1
970903601 1
971052082 1
971100528 1
971139432 -1
971176991 -1
971284251 1
971393647 -1
971539620 -1
971645850 -1
971684578 -1
971716512 1
971720613 1
971769204 1
971805168 1
971812960 -1
971817828 -1
971870256 -1
971967959 1
972018965 -1
972021230 1
972033318 -1
972038274 -1
972092314 1
972209321 1
972240730 1
972266336 -1
972297424 1
972425260 1
972443756 1
972447659 1
972519009 -1
972541662 1
972732132 1
972832468 -1
972918000 -1
972933326 1
973014112 -1
973022664 -1
973065792 -1
973285805 1
973432336 1
973517716 -1
973522396 -1
973525995 1
973764879 1
973813017 -1
973817266 -1
973824056 -1
973956534 1
974015491 -1
974065835 1
974081206 1
974214008 1
974252125 1
974285796 1
974292670 -1
974325354 -1
974349723 -1
974471531 -1
974482971 -1
974534979 1
974598245 -1
974661433 -1
974670898 -1
974762402 -1
974810459 -1
974827460 -1
974867766 1
974868185 1
974976628 1
974981428 -1
975069915 1
975072022 -1
975107347 1
975129956 -1
975135610 -1
975177474 1
975238322 1
975267992 1
975435889 1
975460493 -1
975559808 1
975654010 -1
975664539 -1
975666813 -1
975684885 1
975694882 1
975738988 1
975747816 1
975996928 -1
976010752 1
976027512 -1
976146840 -1
976294873 1
976334978 1
976405117 1
976411629 1
976451413 -1
976498718 1
976510430 1
976542419 1
976656663 -1
976682389 1
976708773 1
976840922 1
976941431 -1
976998407 1
977035936 1
977073732 1
977074220 -1
977084186 1
977139907 -1
977142301 -1
977335231 1
977394418 -1
977464824 -1
977520454 1
977537620 1
977678890 1
977797279 1
977894916 -1
977911041 -1
977937045 1
977945290 -1
977983471 1
978099660 -1
978139616 -1
978160491 1
978221427 -1
978248075 -1
978263758 1
978303982 -1
978402743 -1
978417942 -1
978468221 -1
978508645 1
978541401 -1
978572035 1
978610304 -1
978629970 -1
978671743 1
978744986 -1
978758444 -1
978774853 -1
978796891 -1
978801095 -1
978840779 1
978938424 -1
978982541 1
978987779 1
978992512 1
979147185 1
979152018 1
979169369 1
979170597 1
979316447 1
979427662 -1
979509091 1
979511363 -1
979573832 -1
979593119 -1
979606062 -1
979640715 1
979694950 1
979705398 1
979711284 1
979746182 -1
979818414 1
979818451 1
979877770 -1
979992990 1
979998870 1
980017749 1
980068366 1
980088234 -1
980136302 -1
980164891 1
980263528 -1
980450745 -1
980575712 1
980659410 -1
980854096 -1
980932752 -1
981022798 1
981057738 -1
981186247 1
981213889 1
981269858 1
981270030 -1
981276599 -1
981289396 -1
981334133 1
981354486 -1
981400994 -1
981404744 1
981457503 -1
981480061 -1
981524264 1
981569687 -1
981576375 1
981612822 -1
981624265 -1
981743471 -1
981789019 -1
981849724 1
981914503 -1
981934924 -1
982110806 -1
982155215 -1
982159993 1
982173164 1
982173610 1
982242290 1
982267159 -1
982270951 -1
982392960 -1
982413110 -1
982569372 -1
982610013 -1
982718134 1
982733218 -1
982779602 -1
982820504 1
982846167 1
982983069 1
983139041 1
983190271 -1
983262061 -1
983281822 -1
983321597 1
983452163 -1
983455056 -1
983482674 1
983483207 1
983522109 1
983574523 -1
983607454 -1
983645621 1
983652633 1
983680027 1
983778368 -1
983827908 1
983925342 -1
983936882 -1
983947438 -1
983965212 1
983977492 1
984185906 1
984236927 -1
984282335 1
984440363 -1
984447306 -1
984460863 1
984632372 1
984641801 1
984722704 -1
984744191 1
984775840 -1
984885771 1
984890806 -1
984903650 1
984937488 -1
984993310 1
985045076 -1
985242647 -1
985306377 -1
985330940 1
985523707 -1
985580282 -1
985671064 1
985729633 1
985742668 1
985819927 -1
985950500 -1
986064615 -1
986228675 -1
986291576 -1
986370345 1
986442303 1
986523842 1
986688471 1
986751407 -1
986825064 1
986878934 -1
986942270 -1
986948685 -1
986963573 -1
986967852 1
986980674 -1
987052769 1
987201175 -1
987218313 1
987336131 -1
987337614 1
987450273 -1
987569282 1
987591936 -1
987646074 -1
987657767 1
987722604 -1
987745096 -1
987886645 1
988036389 1
988118861 -1
988194125 1
988306148 1
988327522 -1
988365382 1
988453680 -1
988470062 1
988470257 1
988516154 1
988637156 1
988683050 1
988748080 -1
988833328 1
988974836 1
988975672 1
989216867 1
989227970 1
989310356 1
989328694 1
989642070 1
989667285 1
989696792 1
989742319 -1
989779499 -1
989831905 1
989851194 1
989868948 -1
989926451 -1
989944411 1
989973566 1
989999519 -1
990009612 1
990054758 -1
990055617 -1
990116283 -1
990152670 1
990241398 1
990296345 -1
990304485 -1
990308112 1
990318228 1
990328326 1
990392178 1
990428368 -1
990547491 -1
990605384 -1
990633169 -1
990641821 -1
990652796 1
990658536 -1
990717795 1
990773792 -1
990830418 1
990876890 -1
990927939 -1
990956587 -1
991001216 1
991030009 1
991106211 -1
991112794 1
991137322 -1
991328425 1
991332207 1
991346980 1
991364104 -1
991392299 -1
991427691 1
991441310 -1
991457907 -1
991473936 -1
991647133 -1
991670279 1
991719044 1
991782385 -1
991835368 1
991867595 1
991922746 -1
992041410 -1
992128393 -1
992269254 1
992335488 1
992367485 1
992393213 1
992491100 -1
992639002 -1
992682454 1
992682749 1
992684360 1
992710792 1
992716225 1
992735524 -1
992786564 -1
992849475 1
992960342 -1
992962236 1
992964946 -1
992969051 1
993095543 -1
993116465 -1
993141435 -1
993300098 -1
993335368 1
993351813 1
993356864 1
993436659 -1
993446162 -1
993569146 1
993596497 -1
993651825 -1
993675944 1
993866866 1
993946645 -1
993972646 1
994050088 1
994077759 1
994106165 -1
994132862 -1
994165770 -1
994182335 1
994202268 1
994297110 -1
994389718 1
994452831 1
994495134 -1
994679644 1
994729273 1
994774746 -1
994775635 -1
994798862 -1
994852295 1
994961300 1
995140210 -1
995203820 1
995348261 -1
995393377 -1
995458963 1
995477012 -1
995501187 -1
995503296 -1
995503380 -1
995564390 1
995606568 1
995720043 1
995786067 -1
995857745 1
995901599 -1
996224250 1
996233579 1
996261814 -1
996310423 1
996391508 1
996467262 1
996505128 -1
996508194 -1
996642000 1
996655167 -1
996883953 -1
996986161 -1
996996026 1
997016235 1
997105069 -1
997291311 -1
997295960 -1
997323517 -1
997387597 1
997409300 -1
997515920 -1
997611472 1
997645798 1
997713173 1
997843173 1
997859101 -1
997921193 1
997936917 -1
997981885 -1
998080230 1
998097628 1
998148601 -1
998155656 -1
998369558 1
998413499 1
998421037 1
998520327 -1
998588587 1
998594068 -1
998632775 1
998675575 1
998691955 -1
998739653 1
998924510 -1
998935971 1
998960869 -1
999120764 -1
999209543 -1
999288439 1
999320364 -1
999442266 1
999471153 -1
999495251 -1
999544486 -1
999586079 1
999662726 -1
999721188 -1
999764261 1
999811662 -1
999921875 1
999925697 1
1000080601 1
1000108934 1
1000203118 1
1000215793 -1
1000287226 1
1000335150 1
1000383573 -1
1000477208 1
1000531095 -1
1000566850 -1
1000639052 1
1000670456 -1
1000695115 -1
1000729488 -1
1000786104 -1
1000834177 -1
1000893187 -1
1000928786 1
1000968284 1
1000971304 1
1001163477 1
1001222161 -1
1001231134 -1
1001280838 1
1001356559 -1
1001384289 -1
1001470260 1
1001471163 1
1001557287 -1
1001610416 1
1001750395 -1
1001773102 1
1001779615 1
1001812070 1
1001825285 1
1001866203 1
1001894918 -1
1001907483 -1
1001954986 1
1002006021 1
1002114927 1
1002259285 -1
1002355913 1
1002425778 -1
1002512154 1
1002513864 1
1002631063 1
1002642173 1
1002680488 1
1002694870 1
1002737736 -1
1002773042 -1
1002980041 1
1003017243 -1
1003045559 -1
1003089693 -1
1003240879 -1
1003265662 -1
1003275147 -1
1003622721 1
1003651410 1
1003670382 1
1003672027 -1
1003689544 -1
1003710448 1
1003745143 -1
1003753843 1
1003761486 -1
1003795221 -1
1003813180 1
1004113728 -1
1004158276 1
1004187023 1
1004353506 1
1004432982 1
1004647573 -1
1004664717 1
1004769451 -1
1004837376 1
1004972645 -1
1004989621 -1
1005078408 -1
1005083229 -1
1005113426 -1
1005167433 1
1005195475 1
1005336271 1
1005342996 1
1005372587 1
1005480406 -1
1005568786 1
1005593194 -1
1005679338 -1
1005681664 -1
1005766236 1
1005845054 -1
1005934640 -1
1005984983 -1
1006009143 -1
1006009874 -1
1006176357 -1
1006192544 1
1006372982 1
1006503641 -1
1006513917 -1
1006520054 -1
1006525777 -1
1006548937 -1
1006675878 -1
1006685244 -1
1006876242 1
1006917529 1
1006926156 1
1007029820 -1
1007044229 1
1007079120 1
1007137479 1
1007149973 -1
1007192358 -1
1007212865 1
1007218605 1
1007360890 -1
1007487808 -1
1007514825 -1
1007541946 1
1007669309 -1
1007675785 -1
1007733370 1
1007868463 -1
1007877721 -1
1007932126 1
1007990826 1
1008035407 -1
1008040783 -1
1008156049 -1
1008210178 -1
1008292611 1
1008354674 1
1008365752 1
1008371158 1
1008384734 -1
1008389462 -1
1008419718 1
1008457602 1
1008497594 1
1008523614 -1
1008582700 1
1008587813 1
1008690934 1
1008701218 1
1008736917 -1
1008840313 1
1008919735 1
1009027067 -1
1009079874 1
1009219970 1
1009265763 1
1009385908 -1
1009440659 -1
1009483037 1
1009568049 1
1009571671 -1
1009573680 -1
1009633480 1
1009764463 -1
1009834806 -1
1010015184 -1
1010052319 1
1010085635 -1
1010122206 1
1010128389 1
1010199968 1
1010231837 -1
1010366190 -1
1010374275 1
1010393183 -1
1010438233 -1
1010530342 -1
1010646206 -1
1010673723 -1
1010679187 1
1010811774 1
1010815286 1
1010818007 1
1010912111 -1
1010934480 -1
1010948593 -1
1010959855 -1
1010976257 1
1010980913 1
1011104930 -1
1011287650 -1
1011411680 1
1011424889 -1
1011494349 1
1011831124 1
1011855302 1
1011863103 1
1011971976 -1
1011980498 -1
1011981744 -1
1012001534 1
1012016877 1
1012098640 1
1012141899 -1
1012149048 -1
1012313133 -1
1012326307 -1
1012404483 -1
1012428989 -1
1012483663 -1
1012605412 1
1012641599 -1
1012758342 1
1012847345 -1
1012849452 1
1012901671 1
1012912114 -1
1012992288 -1
1013003568 -1
1013017206 1
1013033681 1
1013227925 1
1013234411 1
1013245639 1
1013289151 -1
1013396153 1
1013499551 -1
1013500486 -1
1013526537 -1
1013568688 1
1013588972 1
1013609065 1
1013708331 1
1013807414 1
1013882414 1
1013910480 -1
1013913780 1
1014046150 -1
1014058229 1
1014128479 -1
1014128681 -1
1014225930 1
1014262416 1
1014301961 1
1014396935 1
1014423069 1
1014466689 -1
1014515457 -1
1014563558 -1
1014574387 1
1014702078 1
1014720236 -1
1014724083 -1
1015076605 -1
1015099441 1
1015275058 1
1015310035 -1
1015332532 1
1015342437 -1
1015431620 1
1015436608 1
1015516160 1
1015518595 -1
1015553582 -1
1015567151 -1
1015597916 1
1015701318 -1
1015748771 -1
1015767971 1
1015875584 1
1015894769 -1
1015902008 -1
1015922870 -1
1015925737 -1
1015951071 -1
1015954734 1
1016006349 1
1016082375 -1
1016099759 -1
1016133058 -1
1016219953 -1
1016230326 -1
1016230807 -1
1016305880 1
1016315117 1
1016347344 -1
1016396314 -1
1016470197 1
1016481786 1
1016488937 1
1016513840 1
1016838730 1
1016978933 1
1016981290 1
1016994403 1
1017083845 1
1017106527 -1
1017130874 -1
1017331924 -1
1017350196 1
1017353648 1
1017383351 -1
1017403742 -1
1017449669 -1
1017480033 -1
1017499333 1
1017537343 1
1017593579 -1
1017640283 -1
1017693734 1
1017731005 1
1017781315 -1
1017815005 -1
1017833879 1
1017932653 1
1017958500 -1
1017958713 -1
1017962061 -1
1017997931 -1
1018007295 1
1018045805 1
1018106754 -1
1018112284 -1
1018164543 -1
1018246751 -1
1018261037 1
1018271455 1
1018308404 -1
1018314741 -1
1018344904 -1
1018355229 1
1018471421 -1
1018487374 -1
1018513345 -1
1018611540 1
1018753763 1
1018772037 -1
1018873562 1
1018892200 1
1018912879 1
1018973669 1
1019030237 -1
1019102626 -1
1019122620 1
1019160371 1
1019195425 -1
1019205039 -1
1019410764 1
1019524902 -1
1019550570 -1
1019574468 -1
1019580996 1
1019584910 1
1019624819 -1
1019866112 -1
1019877247 -1
1020007339 -1
1020062799 -1
1020267399 1
1020523870 1
1020529403 -1
1020682812 1
1020761586 -1
1020853034 -1
1020900024 -1
1020905017 1
1021101176 -1
1021161554 1
1021294949 1
1021390348 -1
1021484677 1
1021546931 -1
1021582650 -1
1021633201 -1
1021666050 1
1021709701 1
1021729536 1
1021953003 -1
1021976882 1
1021979408 1
1021986281 1
1022337491 1
1022479295 -1
1022539921 1
1022754529 -1
1022830165 1
1022881328 1
1022987697 -1
1022993042 -1
1023137508 -1
1023224598 1
1023225292 1
1023358780 -1
1023410653 -1
1023604938 -1
1023622156 1
1023702002 -1
1023717743 1
1023821652 -1
1023822593 -1
1023843056 -1
1023847923 -1
1023867839 -1
1023904127 1
1023974927 1
1024043547 -1
1024047870 -1
1024050311 -1
1024069064 1
1024071335 1
1024182465 -1
1024210010 -1
1024333585 -1
1024335523 -1
1024579849 1
1024587817 1
1024644813 -1
1024648021 -1
1024655323 1
1024660396 1
1024753947 1
1024811325 1
1025001475 1
1025107105 1
1025125040 1
1025159223 -1
1025170337 -1
1025185838 -1
1025194880 -1
1025236671 -1
1025241889 -1
1025266215 1
1025319176 -1
1025329267 -1
1025426113 -1
1025431789 -1
1025459280 1
1025517219 -1
1025535208 -1
1025616947 1
1025703699 1
1025739659 -1
1025767281 -1
1025790549 1
1025792520 1
1025830846 1
1025869255 1
1025949868 -1
1026068688 1
1026096337 -1
1026105510 -1
1026199670 1
1026201064 -1
1026260030 -1
1026375986 1
1026453056 -1
1026502484 1
1026630224 -1
1026780740 -1
1026786646 -1
1026849903 1
1026987317 -1
1027001984 1
1027007820 1
1027095159 -1
1027116089 -1
1027130363 -1
1027377408 1
1027452211 -1
1027517902 -1
1027557846 1
1027587526 -1
1027592894 1
1027597364 -1
1027611524 -1
1027637769 1
1027649734 -1
1027707818 -1
1027726450 1
1027895308 1
1027919559 1
1028038737 -1
1028121380 1
1028193121 -1
1028274106 1
1028284894 1
1028373795 -1
1028405596 1
1028411517 1
1028421980 1
1028430011 1
1028495547 1
1028566413 -1
1028584255 1
1028655515 -1
1028665407 1
1028693529 -1
1028703133 1
1028737205 -1
1028798981 -1
1028900208 -1
1029161382 1
1029271301 1
1029276471 1
1029297378 1
1029302048 -1
1029322661 -1
1029350637 1
1029354612 -1
1029416161 -1
1029431243 -1
1029607253 -1
1029635181 1
1029838558 1
1029859115 1
1029892915 -1
1030066601 1
1030075640 -1
1030156122 -1
1030186996 1
1030302719 -1
1030408371 1
1030486726 1
1030547179 1
1030593969 -1
1030635180 -1
1030657003 -1
1030734765 -1
1030762973 -1
1030848684 1
1030867723 1
1030909254 1
1031015113 1
1031187521 1
1031216173 1
1031318166 -1
1031382956 1
1031392588 1
1031860751 -1
1031867794 1
1031888502 1
1031984802 -1
1032230037 -1
1032281579 1
1032287780 1
1032441054 1
1032764856 1
1032986041 1
1033066574 1
1033071688 -1
1033091503 -1
1033154174 1
1033154466 1
1033296302 1
1033376772 -1
1033450840 -1
1033475564 1
1033500913 1
1033542331 -1
1033687628 1
1033803386 1
1033806547 1
1033809247 1
1033815790 1
1033847886 1
1033979288 1
1034008454 1
1034026851 1
1034119255 -1
1034197171 1
1034203028 -1
1034252819 1
1034315877 -1
1034320089 -1
1034329522 1
1034336851 1
1034496164 -1
1034511867 1
1034564582 1
1034605645 -1
1034678853 1
1034683844 1
1034684404 1
1034687140 1
1034714556 1
1034844531 -1
1034886276 1
1034934130 1
1035179246 -1
1035364476 1
1035374144 -1
1035391361 1
1035399430 1
1035429410 1
1035518553 -1
1035675842 1
1035758762 1
1035760201 1
1035765866 1
1035801357 1
1035811861 1
1035875336 -1
1035884723 -1
1036059932 -1
1036110832 1
1036152479 1
1036241561 -1
1036274103 1
1036304921 1
1036360804 1
1036394741 1
1036425921 -1
1036432659 1
1036697967 1
1036702801 1
1036748844 -1
1036913543 -1
1037021050 1
1037025197 1
1037085664 -1
1037109635 1
1037120479 -1
1037124827 -1
1037225111 1
1037233345 -1
1037258417 -1
1037535433 1
1037556714 -1
1037584088 -1
1037590008 1
1037645148 -1
1037665945 1
1037780432 -1
1037782647 -1
1037836987 1
1037848478 1
1037868655 1
1038029665 1
1038131462 1
1038151084 -1
1038153856 -1
1038224827 -1
1038288036 -1
1038398795 1
1038406361 1
1038419493 1
1038429496 -1
1038459998 -1
1038463877 -1
1038481940 1
1038544870 1
1038557356 1
1038574222 1
1038602252 1
1038642806 -1
1038664041 -1
1038671924 -1
1038769021 -1
1038773401 1
1038799550 1
1038825707 -1
1038827962 -1
1038910493 1
1039052557 -1
1039269908 1
1039277803 1
1039282924 -1
1039388361 1
1039390343 -1
1039432507 1
1039434655 1
1039559800 -1
1039568790 -1
1039603013 1
1039604596 1
1039606872 -1
1039617249 1
1039778820 1
1039822950 -1
1039923638 -1
1039933581 -1
1039963265 1
1040004675 1
1040015422 1
1040078994 -1
1040120701 1
1040137055 -1
1040166087 1
1040268749 -1
1040316941 1
1040543945 -1
1040581751 -1
1040658982 1
1040667889 1
1040731752 1
1040740242 1
1040748432 1
1040806976 -1
1040941862 -1
1040990286 -1
1041001983 1
1041067890 1
1041149253 -1
1041155367 -1
1041274772 1
1041338215 -1
1041381296 -1
1041417269 1
1041516403 -1
1041521685 -1
1041529845 1
1041546248 -1
1041559409 1
1041853311 -1
1041878555 -1
1041939478 1
1041970254 1
1042065423 1
1042125267 1
1042223945 -1
1042226403 -1
1042285745 1
1042301846 1
1042340532 1
1042439928 -1
1042544021 -1
1042546001 -1
1042576427 -1
1042587908 1
1042677437 -1
1042705390 -1
1042845894 1
1042927591 -1
1043073105 -1
1043087715 -1
1043188859 1
1043226096 -1
1043248028 -1
1043268724 -1
1043301701 1
1043306895 -1
1043336203 1
1043349619 1
1043417125 -1
1043427516 -1
1043432170 -1
1043456057 -1
1043520333 -1
1043680132 1
1043760223 -1
1043780069 -1
1043815711 -1
1043820334 -1
1043866882 1
1043872451 1
1043955441 -1
1043977842 1
1044049130 -1
1044058789 1
1044145179 -1
1044160731 -1
1044175797 1
1044332347 -1
1044400168 -1
1044518812 -1
1044543787 1
1044544750 1
1044556901 1
1044642909 1
1044660659 -1
1044676145 1
1044687313 -1
1044712034 1
1044741673 -1
1044843759 -1
1044860613 -1
1044888589 1
1044900572 1
1044989865 -1
1045045831 -1
1045144443 1
1045183456 -1
1045191359 -1
1045221343 -1
1045221925 -1
1045236789 1
1045298153 -1
1045362781 -1
1045377508 1
1045382843 -1
1045386203 -1
1045424373 1
1045484702 -1
1045503656 -1
1045512111 -1
1045575482 -1
1045630383 1
1045705340 -1
1045768501 1
1045830710 1
1045862798 -1
1046021930 1
1046097958 -1
1046187150 1
1046342949 1
1046426244 -1
1046629456 -1
1046767788 -1
1046774278 -1
1046804608 -1
1046864755 1
1046955085 -1
1047025578 1
1047053865 -1
1047069067 1
1047228517 -1
1047233286 1
1047297814 -1
1047342849 -1
1047353540 -1
1047390421 -1
1047489673 -1
1047501523 1
1047505692 -1
1047523547 -1
1047545645 1
1047570342 1
1047716882 1
1047722048 1
1047753421 -1
1047775814 -1
1047807680 -1
1047847486 -1
1047872642 1
1047916724 1
1048019470 -1
1048061310 -1
1048092675 1
1048099599 1
1048158036 -1
1048164104 1
1048170258 -1
1048181649 -1
1048214844 -1
1048220047 -1
1048239356 -1
1048287071 1
1048288914 1
1048436602 1
1048442208 1
1048512565 1
1048601095 -1
1048667997 -1
1048724181 -1
1048817522 1
1048866358 -1
1048907746 -1
1048924590 -1
1048996430 1
1049089034 -1
1049162524 1
1049211156 1
1049358285 1
1049378631 1
1049434735 -1
1049673094 1
1049694298 1
1049769635 -1
1049846660 -1
1049874970 1
1049957525 -1
1050079431 1
1050099674 1
1050128479 -1
1050196562 -1
1050229917 1
1050302868 -1
1050409812 1
1050432325 1
1050445039 1
1050537650 -1
1050555804 -1
1050614115 1
1050657778 -1
1050668863 1
1050672096 1
1050683748 -1
1050689136 -1
1050855352 -1
1050863788 -1
1050890953 -1
1051090262 1
1051179067 -1
1051336270 -1
1051387095 1
1051397160 1
1051418188 -1
1051541409 -1
1051571412 -1
1051634451 1
1051670157 1
1051843084 1
1051854002 1
1051886080 -1
1051891141 1
1051891309 1
1051894615 -1
1051901409 1
1051934490 -1
1051959875 -1
1051967468 -1
1051967685 -1
1052032107 1
1052122589 -1
1052233731 1
1052236332 -1
1052265336 1
1052358532 1
1052385433 1
1052395060 -1
1052451300 1
1052619895 1
1052672632 -1
1052696194 1
1052706023 1
1052869728 1
1052881781 1
1052892027 1
1053071207 1
1053104565 1
1053115192 1
1053140254 1
1053255826 1
1053359595 -1
1053385733 -1
1053424712 1
1053436269 1
1053477314 -1
1053570288 -1
1053592865 1
1053594973 -1
1053754155 -1
1053801100 -1
1053817790 1
1053836761 1
1053869308 1
1054034061 1
1054035676 1
1054088890 -1
1054139907 1
1054195120 1
1054279232 -1
1054303569 1
1054313128 1
1054329600 -1
1054358066 -1
1054400348 -1
1054429339 1
1054471426 -1
1054494277 1
1054520087 -1
1054521653 1
1054531475 1
1054546379 1
1054571418 1
1054573181 1
1054605966 -1
1054607501 -1
1054644938 -1
1054775536 -1
1054798975 1
1054800205 -1
1054831019 -1
1054935816 -1
1055007388 -1
1055029030 1
1055037519 1
1055047483 1
1055073146 1
1055085042 -1
1055090275 -1
1055098408 -1
1055147193 1
1055151675 -1
1055151802 -1
1055165168 -1
1055172293 1
1055240507 1
1055265349 -1
1055505654 -1
1055728002 1
1055786247 -1
1055818488 -1
1055818704 1
1055885167 -1
1055926612 1
1055994321 1
1056005337 -1
1056020368 1
1056258686 -1
1056304720 1
1056329632 1
1056466692 -1
1056470825 1
1056476167 -1
1056564827 1
1056591363 -1
1056750942 -1
1056792627 -1
1056827217 1
1056866922 1
1056883295 1
1056917115 -1
1056932784 -1
1057140139 -1
1057224890 1
1057352998 1
1057402501 -1
1057570399 -1
1057657408 -1
1057676741 1
1057691729 1
1057698303 1
1057706311 1
1057739605 1
1057757064 -1
1057860960 -1
1057897839 -1
1058113351 1
1058207697 -1
1058208095 -1
1058215100 -1
1058218996 -1
1058249705 1
1058265779 1
1058277262 1
1058365680 -1
1058406790 -1
1058427366 1
1058454169 1
1058537601 -1
1058541630 -1
1058609041 1
1058659013 1
1058705541 -1
1058738955 1
1058793865 1
1058812663 1
1058903465 -1
1058908178 -1
1059006284 1
1059028982 1
1059040460 1
1059127854 1
1059137969 -1
1059197151 -1
1059309147 1
1059313684 1
1059337806 1
1059419663 -1
1059484193 1
1059493687 1
1059498382 1
1059575582 1
1059609690 -1
1059639131 -1
1059743407 1
1059824306 -1
1059843509 1
1059872084 1
1059910565 1
1059933886 1
1059948180 -1
1060027702 -1
1060110459 1
1060148272 -1
1060180839 -1
1060204756 1
1060216534 -1
1060389205 1
1060434707 1
1060576105 1
1060683477 -1
1060687426 -1
1060767796 1
1060810372 -1
1060905110 -1
1060930066 1
1060949453 1
1060994045 -1
1061190174 1
1061256170 1
1061408978 -1
1061495046 1
1061610897 -1
1061668152 1
1061703690 1
1061742191 -1
1061788544 -1
1061850086 -1
1061896619 1
1061989548 -1
1062035200 1
1062036985 1
1062180429 -1
1062215848 1
1062281469 1
1062396992 1
1062460911 -1
1062515380 -1
1062544184 1
1062561326 1
1062579242 1
1062812943 -1
1062886414 -1
1063012083 1
1063042985 -1
1063056813 -1
1063059516 -1
1063166988 -1
1063344399 1
1063599226 -1
1063791791 -1
1063799745 1
1063911822 -1
1063927729 -1
1063927915 -1
1063967225 -1
1064134472 1
1064405227 1
1064410876 1
1064418590 -1
1064465675 -1
1064518842 1
1064673109 -1
1064740771 -1
1064754872 -1
1064766401 1
1064896581 1
1064945484 1
1064997814 -1
1065071455 1
1065256931 1
1065291569 1
1065299987 -1
1065340676 1
1065346656 1
1065351543 -1
1065369471 -1
1065444949 1
1065503529 1
1065552409 -1
1065556823 -1
1065645680 1
1065651911 -1
1065848186 1
1065937964 -1
1066044221 -1
1066122525 -1
1066125670 -1
1066137536 1
1066173075 1
1066199813 -1
1066246481 1
1066247743 1
1066300693 -1
1066329951 1
1066330407 1
1066343763 1
1066413605 -1
1066481166 -1
1066515680 1
1066550642 1
1066566415 1
1066710108 1
1066721656 1
1066877958 1
1066886555 1
1066917721 -1
1066940452 -1
1066976068 1
1067003381 -1
1067206517 -1
1067273464 1
1067298065 -1
1067468932 1
1067479131 1
1067639129 1
1067682276 1
1067784517 1
1067803590 1
1067808207 -1
1067848796 1
1067882085 -1
1067899859 -1
1067904163 -1
1068038728 1
1068101486 -1
1068267806 -1
1068291398 -1
1068317166 1
1068370802 -1
1068372019 1
1068395915 -1
1068425582 -1
1068504200 1
1068525576 1
1068565195 -1
1068606805 1
1068613394 -1
1068681655 1
1068692786 1
1068783041 1
1068804137 -1
1068870946 1
1068985253 -1
1069066425 1
1069116505 -1
1069123294 -1
1069152569 -1
1069238431 1
1069253344 1
1069259072 1
1069281560 1
1069333216 -1
1069335806 -1
1069443047 1
1069636452 1
1069655030 1
1069695147 1
1069790273 1
1069833647 -1
1069880776 -1
1069956854 1
1069961439 1
1070082829 -1
1070165295 -1
1070169950 1
1070222433 -1
1070284421 -1
1070289170 -1
1070291068 -1
1070434236 -1
1070436911 1
1070571014 -1
1070572209 -1
1070740354 1
1070749590 1
1070771360 -1
1070852032 1
1070998666 -1
1071085227 1
1071126233 -1
1071188969 -1
1071259492 1
1071288475 -1
1071356905 -1
1071390916 1
1071406952 1
1071669180 -1
1071681141 -1
1071738199 -1
1071822386 -1
1071847044 1
1071911242 -1
1071926073 -1
1071969911 1
1071992131 1
1072011022 1
1072070041 -1
1072142946 1
1072279778 -1
1072302437 -1
1072316977 1
1072329758 -1
1072341765 -1
1072366700 1
1072414099 1
1072482512 1
1072619595 -1
1072686278 1
1072792374 -1
1072855715 1
1072994145 -1
1072997748 -1
1073018330 1
1073051644 1
1073064676 1
1073163073 -1
1073286546 1
1073358674 -1
1073404972 1
1073437514 -1
1073476982 1
1073491431 -1
1073501908 -1
1073554862 -1
1073645677 1
1073848948 -1
1073977300 1
1074007158 -1
1074074943 -1
1074288382 -1
1074393365 1
1074493200 -1
1074563124 -1
1074577982 -1
1074644974 -1
1074651818 1
1074669780 1
1074793736 -1
1074916265 -1
1075077065 -1
1075100591 -1
1075119276 1
1075287205 1
1075345569 -1
1075359991 -1
1075413526 1
1075425428 -1
1075427207 -1
1075451453 -1
1075457906 -1
1075470846 1
1075506046 -1
1075521090 -1
1075533953 1
1075595618 1
1075637985 -1
1075675225 1
1075722544 -1
1075744454 -1
1075991208 -1
1076243831 1
1076775554 -1
1076779377 1
1076794486 -1
1076919092 -1
1076981948 -1
1077006655 1
1077043560 1
1077099081 -1
1077209665 -1
1077508678 -1
1077721412 -1
1077737631 -1
1077772622 1
1077863901 1
1077909763 -1
1078011057 -1
1078017464 -1
1078085299 -1
1078178962 -1
1078199233 -1
1078480630 1
1078560979 -1
1078568170 1
1078757082 1
1078964665 -1
1079040001 1
1079108207 -1
1079250404 1
1079268554 1
1079331786 1
1079518312 1
1079629656 1
1079651620 -1
1079662310 -1
1079662384 -1
1079668498 -1
1079827471 1
1079880993 1
1079904923 -1
1079997509 -1
1080030170 1
1080212442 1
1080279526 -1
1080389311 -1
1080449409 -1
1080581684 1
1080599085 -1
1080680123 1
1080799012 1
1080893688 -1
1080938492 -1
1081050527 1
1081105205 -1
1081120172 -1
1081236013 -1
1081298185 -1
1081303644 -1
1081336398 1
1081343795 -1
1081467004 1
1081620683 1
1081663055 -1
1081759627 1
1081804589 1
1081842266 1
1081976481 1
1081995683 1
1082144692 1
1082248744 -1
1082306009 -1
1082330942 1
1082531893 1
1082568250 -1
1082569084 1
1082614368 1
1082619549 1
1082828503 -1
1082891347 -1
1082938880 -1
1083103973 1
1083250255 1
1083329037 1
1083440622 1
1083488792 -1
1083502380 -1
1083510632 1
1083669370 1
1083870694 -1
1083888513 1
1083919863 1
1084079952 1
1084102503 -1
1084102510 -1
1084177783 -1
1084236139 -1
1084352639 1
1084382350 1
1084418205 1
1084489914 -1
1084522107 1
1084666741 1
1084716847 1
1084865665 -1
1085066781 -1
1085138536 -1
1085316447 1
1085529897 1
1085561793 -1
1085705750 -1
1085759403 -1
1085823981 1
1085842621 -1
1085957004 -1
1086003971 1
1086064789 -1
1086217249 1
1086245150 -1
1086254012 -1
1086344124 -1
1086380481 1
1086517332 -1
1086542654 -1
1086693537 1
1086703762 -1
1086769304 1
1086826288 1
1086842488 1
1087092935 1
1087220685 -1
1087235059 -1
1087413947 -1
1087424243 1
1087483655 1
1087500333 1
1087537011 1
1087620830 -1
1087833198 -1
1087871393 1
1088019505 1
1088130169 1
1088187002 -1
1088266682 1
1088314489 1
1088396582 -1
1088410536 -1
1088504401 1
1088511693 1
1088653002 1
1088840242 1
1088865052 1
1088876107 1
1088954591 1
1089005585 -1
1089283001 -1
1089286167 -1
1089396371 1
1089578081 -1
1089649071 -1
1089655728 -1
1089718355 -1
1089756192 -1
1089823366 -1
1089860634 -1
1089949970 1
1090223288 1
1090243468 1
1090248740 1
1090840329 -1
1091360289 1
1091549590 1
1091602517 -1
1091715624 1
1091773384 -1
1091782200 -1
1091811781 1
1091869916 -1
1091905731 -1
1091984172 1
1092069955 1
1092086600 1
1092193778 1
1092428070 -1
1092626460 1
1092660150 1
1092692613 -1
1093083426 -1
1093137940 1
1093174847 -1
1093178928 1
1093208275 1
1093351938 -1
1093404691 -1
1093429982 -1
1093660422 1
1093660766 1
1093743913 -1
1093782106 -1
1093851737 -1
1094001895 -1
1094075140 -1
1094189545 -1
1094195126 1
1094245620 -1
1094254422 1
1094283528 1
1094324017 -1
1094358269 -1
1094489564 1
1094531725 1
1094563036 -1
1094661714 1
1094679095 1
1094771681 1
1095183911 -1
1095215678 1
1095235934 -1
1095424601 -1
1095471963 -1
1095636319 -1
1095658019 -1
1095698716 1
1095803583 1
1095857312 -1
1095901852 1
1095915635 -1
1096211122 1
1096244048 -1
1096465941 1
1096497804 -1
1096605395 1
1096635612 1
1096740191 1
1096756705 -1
1096940186 1
1096963906 -1
1097015806 1
1097034515 -1
1097065957 -1
1097101141 -1
1097238927 1
1097296542 1
1097365003 1
1097393329 -1
1097434518 -1
1097471542 1
1097560908 1
1097613045 -1
1097714104 -1
1097881336 -1
1098079910 -1
1098187585 1
1098247081 -1
1098304471 1
1098359003 -1
1098390447 1
1098490796 1
1098507048 -1
1098539743 -1
1098616631 1
1098624849 1
1098662415 1
1098805766 1
1098923327 -1
1098957843 1
1099017890 -1
1099038757 1
1099133612 1
1099352481 -1
1099484198 1
1099578879 1
1099591351 -1
1099625502 -1
1099703199 -1
1099791269 1
1099818356 -1
1100086455 -1
1100305700 -1
1100306247 -1
1100333812 -1
1100607268 1
1100689108 -1
1100775089 -1
1100801964 1
1100880461 1
1100977694 1
1101002278 1
1101018830 1
1101047815 1
1101122479 1
1101237289 -1
1101262802 1
1101322874 -1
1101406604 -1
1101555004 -1
1101578302 1
1101635901 1
1101693490 -1
1101953245 1
1102098230 1
1102144812 -1
1102159973 -1
1102183977 -1
1102476268 1
1102481163 -1
1102503821 1
1102556479 -1
1102796809 -1
1102864526 1
1103003320 -1
1103056991 -1
1103156502 1
1103206123 -1
1103249695 1
1103284310 -1
1103290460 -1
1103357172 -1
1103490165 1
1103510777 1
1103516700 1
1103558677 -1
1103586344 -1
1103649496 -1
1103698282 1
1103780827 1
1103862775 -1
1103868148 1
1103976809 1
1104128206 1
1104184001 -1
1104186139 1
1104229559 1
1104519415 1
1104583620 -1
1104620597 1
1104669047 1
1104675793 -1
1104829022 1
1104836113 1
1104877324 -1
1105017637 -1
1105037680 -1
1105176720 1
1105257072 -1
1105336693 -1
1105397892 -1
1105436690 -1
1105476969 -1
1105729000 -1
1105738200 1
1105840871 -1
1105847997 1
1105919156 -1
1106025696 -1
1106040352 1
1106070311 -1
1106108991 -1
1106112498 1
1106163316 -1
1106209110 1
1106284255 -1
1106596351 1
1106596434 1
1106726145 1
1106788515 1
1106934497 -1
1106942478 -1
1107283626 -1
1107309100 -1
1107321674 -1
1107335804 1
1107457974 1
1107535984 1
1107580639 -1
1107598710 -1
1107623697 1
1107635180 1
1108020225 1
1108058290 -1
1108087723 -1
1108230165 -1
1108439124 -1
1108466187 1
1108787541 -1
1108812222 -1
1108820899 -1
1108845406 -1
1108920528 1
1108995102 1
1109041469 -1
1109104795 -1
1109126770 1
1109151486 1
1109185578 -1
1109295710 -1
1109402906 -1
1109407395 1
1109513248 1
1109538340 1
1109585445 1
1109762024 -1
1109806378 -1
1109840000 -1
1109863333 1
1109907746 -1
1109976548 1
1109984922 -1
1110099244 1
1110160506 1
1110434430 1
1110435362 1
1110466651 1
1110632781 1
1110675995 -1
1110677467 -1
1110790937 -1
1111006475 1
1111049883 -1
1111062890 -1
1111142073 1
1111292234 -1
1111384565 1
1111530784 -1
1111575652 1
1111587637 -1
1111628172 -1
1111642937 -1
1111693469 1
1111800616 -1
1111857275 1
1111872291 1
1111921982 -1
1111974079 1
1111999227 -1
1112066282 1
1112119298 1
1112128550 1
1112375696 -1
1112475487 -1
1112497243 1
1112560826 -1
1112624345 -1
1112653282 -1
1112809285 1
1112930642 1
1112962004 -1
1113054368 -1
1113149427 -1
1113198863 1
1113411314 -1
1113451487 1
1113466646 -1
1113525093 -1
1113535795 1
1113861939 -1
1113884128 -1
1113956821 1
1114026133 1
1114028159 1
1114120135 1
1114177510 -1
1114189408 -1
1114414963 -1
1114428566 1
1114438894 1
1114533846 -1
1114966532 1
1115065598 -1
1115134913 1
1115250256 1
1115296294 -1
1115332518 1
1115400325 -1
1115490814 1
1115538616 1
1115588442 1
1115711334 1
1115887656 1
1115926564 1
1115967257 -1
1115977550 -1
1115996661 1
1115999344 1
1116053141 -1
1116100175 1
1116111014 1
1116171883 1
1116250854 -1
1116282654 -1
1116328683 -1
1116340557 -1
1116460984 -1
1116519566 -1
1116537537 -1
1116558011 1
1116692533 1
1116751894 1
1116977025 1
1117093581 -1
1117300202 -1
1117373496 1
1117460310 -1
1117504871 -1
1117507398 1
1117519594 -1
1117607849 1
1117715812 1
1117856846 -1
1117867337 -1
1117929558 -1
1117937274 -1
1118049391 1
1118089885 -1
1118093839 -1
1118135410 -1
1118267690 1
1118275898 1
1118321928 -1
1118352172 1
1118387280 -1
1118426597 -1
1118517100 1
1118536732 -1
1118879487 -1
1118914247 1
1118989156 -1
1119097326 1
1119289468 -1
1119542133 -1
1119645410 -1
1119697873 1
1119760186 -1
1119782299 1
1119949731 1
1119953528 1
1119961948 1
1120235817 -1
1120296781 -1
1120392631 1
1120428364 -1
1120445749 1
1120458659 1
1120471808 1
1120508453 -1
1120649892 1
1120882875 -1
1121039507 1
1121053368 -1
1121092814 1
1121111987 1
1121121322 1
1121123859 1
1121137712 -1
1121286153 1
1121390599 -1
1121498243 1
1121602280 1
1121707657 -1
1121762581 -1
1121911497 -1
1122007112 -1
1122086783 -1
1122111720 -1
1122169387 1
1122205740 -1
1122606836 -1
1122717024 -1
1122774533 -1
1122883897 1
1123123126 -1
1123250692 -1
1123317670 1
1123354602 1
1123783020 1
1123815925 1
1123859612 1
1123906737 -1
1123928179 -1
1124066635 1
1124076195 1
1124111789 -1
1124335796 -1
1124401031 -1
1124591768 -1
1124592736 -1
1124621131 1
1124790078 -1
1124838383 -1
1124893142 1
1125007404 1
1125009635 1
1125147957 1
1125194010 1
1125216481 -1
1125505766 -1
1125642470 -1
1125669183 -1
1125726689 1
1125781203 1
1125802633 -1
1125812026 -1
1126127894 -1
1126157186 -1
1126282503 -1
1126326269 1
1126339996 1
1126543912 1
1126556513 1
1126807070 1
1126818533 -1
1126830405 -1
1127168783 -1
1127271088 -1
1127389623 -1
1127415495 1
1127426838 -1
1127482571 1
1127623419 -1
1127698309 -1
1127923168 -1
1128041583 1
1128056827 1
1128162018 1
1128403909 -1
1128417371 -1
1128513342 -1
1128592011 -1
1128653630 -1
1128690944 1
1128786516 -1
1128885743 -1
1128890491 -1
1128944219 -1
1128966779 -1
1128998625 1
1129198049 1
1129249208 -1
1129270214 -1
1129291339 1
1129336142 1
1129360704 -1
1129412971 1
1129428508 -1
1129433782 1
1129435887 1
1129453992 -1
1129477917 1
1129630431 1
1129676877 1
1129870601 1
1129994781 -1
1130040185 -1
1130096610 -1
1130162139 1
1130475650 1
1130543834 1
1130598170 -1
1130604303 -1
1130672210 -1
1130673480 -1
1130997776 -1
1131078670 -1
1131227805 1
1131243646 1
1131325531 1
1131377622 1
1131777020 1
1131828377 -1
1131891194 1
1131916445 -1
1131959892 1
1132044418 -1
1132259808 -1
1132527126 -1
1132591628 -1
1132602459 -1
1132655544 1
1132663529 1
1132718674 -1
1132720797 -1
1132818161 -1
1133018370 1
1133205960 1
1133226574 1
1133297411 -1
1133545630 -1
1133562347 -1
1133721599 -1
1133777530 -1
1134011440 1
1134028060 -1
1134113027 1
1134308747 -1
1134455868 1
1134621929 -1
1134738006 1
1134758455 -1
1134763968 -1
1134860227 1
1134903795 -1
1134904001 -1
1135036777 1
1135118755 1
1135135550 1
1135135719 1
1135201787 -1
1135321575 -1
1135385499 1
1135432443 1
1135503519 -1
1135587049 -1
1135632654 1
1135671971 -1
1135796948 1
1135894719 1
1136001336 1
1136113060 1
1136301816 1
1136365434 -1
1136429378 -1
1136548723 -1
1136598213 -1
1136615530 -1
1136685660 1
1136707889 -1
1136761935 1
1136774865 1
1136815132 1
1136856955 1
1136872857 1
1136939226 -1
1136949593 1
1137000318 1
1137026799 1
1137135841 -1
1137157005 1
1137188003 -1
1137223328 -1
1137252847 -1
1137339162 1
1137466937 1
1137563075 1
1137579843 -1
1137717683 -1
1137757562 1
1137831063 1
1137908805 -1
1137922545 1
1137988807 1
1138236743 1
1138446343 -1
1138489929 1
1138500834 1
1138579337 -1
1138580043 -1
1138695055 1
1138742355 -1
1138843099 1
1138890485 1
1138975428 1
1138977762 1
1139073228 1
1139096635 -1
1139103316 1
1139309207 1
1139371609 1
1139452923 1
1139468634 1
1139564737 1
1139636278 -1
1139729229 -1
1139747744 1
1139853464 1
1139862727 1
1139874306 1
1140001854 -1
1140051482 1
1140071450 -1
1140397818 -1
1140564715 -1
1140573921 1
1140628158 1
1140639052 -1
1140679940 -1
1140713583 1
1140749777 -1
1140749967 -1
1140990646 -1
1141033907 -1
1141042482 1
1141361263 -1
1141364707 -1
1141380993 -1
1141391322 1
1141421016 1
1141543837 -1
1141571225 -1
1141628609 -1
1141755966 -1
1141906510 -1
1142095593 1
1142119580 1
1142132688 -1
1142242694 -1
1142303862 -1
1142422858 -1
1142434870 -1
1142512649 -1
1142534947 -1
1142540937 -1
1142554122 1
1142679651 1
1142686751 -1
1142712141 -1
1142762957 -1
1142768503 -1
1142817895 1
1142828091 -1
1142911553 -1
1142937419 -1
1143099234 1
1143221808 -1
1143265435 -1
1143302337 -1
1143308077 -1
1143357165 1
1143493594 -1
1143542012 -1
1143584445 -1
1143606738 1
1143722892 -1
1143771142 1
1143781027 1
1143871452 -1
1144150973 -1
1144228041 1
1144428289 -1
1144548908 1
1144652156 -1
1144720454 1
1144953657 -1
1144981884 1
1145027943 -1
1145175380 1
1145258311 1
1145337520 -1
1145417041 -1
1145563849 1
1145689397 1
1145789286 -1
1145830848 -1
1145918521 -1
1145922108 1
1146083848 1
1146203243 -1
1146204846 1
1146211785 -1
1146226949 1
1146285113 1
1146403463 -1
1146532645 -1
1146587300 1
1146599370 -1
1146601627 -1
1146613699 -1
1146687034 -1
1146687188 -1
1146708719 1
1146849495 1
1146892729 -1
1147177692 -1
1147186358 -1
1147270006 -1
1147633970 1
1147685258 1
1147751824 1
1147805705 -1
1147869781 -1
1147989847 1
1148140789 -1
1148146346 -1
1148149346 -1
1148200958 -1
1148241587 -1
1148278696 1
1148315765 -1
1148322485 1
1148344762 -1
1148405744 -1
1148558786 1
1148652958 -1
1148742125 -1
1148858145 1
1148940311 1
1148965996 -1
1149047437 1
1149122430 -1
1149198881 -1
1149224040 -1
1149227866 -1
1149426649 1
1149431917 1
1149499799 -1
1149632930 -1
1149824265 1
1149862035 -1
1149923377 1
1150027870 1
1150070638 -1
1150096292 -1
1150106118 -1
1150144498 1
1150292987 -1
1150303506 1
1150327612 1
1150417231 -1
1150499020 1
1150605171 -1
1150741409 1
1150801338 1
1150983031 -1
1151079183 -1
1151188730 1
1151281826 1
1151539333 -1
1151582262 1
1151656503 -1
1151696991 1
1151721371 -1
1151868038 -1
1151957290 -1
1152241805 1
1152254601 1
1152351863 -1
1152387969 1
1152544438 1
1152609513 -1
1152895396 -1
1153039006 1
1153053745 -1
1153166652 -1
1153170901 -1
1153283001 -1
1153380692 -1
1153639373 1
1153693658 -1
1153712950 -1
1153716359 1
1154247348 -1
1154301854 1
1154305452 1
1154305797 -1
1154319619 1
1154472794 -1
1154547051 1
1154772213 -1
1154854458 1
1155156859 -1
1155283606 -1
1155361058 -1
1155492507 1
1155668408 -1
1155720272 -1
1155771735 -1
1155831064 -1
1156034763 -1
1156085338 1
1156123927 1
1156155467 -1
1156164202 -1
1156228656 -1
1156280508 1
1156314583 1
1156379147 1
1156466939 1
1156501189 -1
1156548130 1
1156752599 1
1156992302 -1
1157344644 1
1157599627 -1
1157599920 -1
1157821183 -1
1157877599 -1
1158081906 -1
1158119197 1
1158146567 1
1158265499 1
1158311555 1
1158396457 -1
1158403857 -1
1158412727 1
1158428495 -1
1158432220 1
1158582739 -1
1158711191 -1
1158726372 1
1158805080 1
1158831198 1
1158862184 -1
1158989143 -1
1158990805 1
1159132830 -1
1159219697 1
1159251035 1
1159264130 -1
1159285565 -1
1159322874 1
1159423865 1
1159446985 1
1159670873 -1
1159973367 -1
1159996103 -1
1159998038 1
1159999351 1
1160247938 -1
1160273870 -1
1160325640 1
1160440557 -1
1160450073 1
1160608805 1
1160624439 -1
1160672267 1
1160770911 1
1160850561 -1
1160906959 1
1161020400 1
1161274508 1
1161358013 1
1161404076 -1
1161477020 -1
1161598046 -1
1161683641 -1
1161727312 1
1161801360 -1
1162161543 1
1162197555 1
1162231680 1
1162238186 -1
1162323368 -1
1162378339 1
1162631419 1
1162646820 1
1162687340 -1
1162727147 -1
1162730064 1
1162816729 1
1162889706 -1
1162951915 1
1163008089 -1
1163109906 -1
1163115985 -1
1163197700 -1
1163209375 -1
1163250931 1
1163379904 -1
1163407064 -1
1163527485 1
1163529112 1
1163585618 1
1163646848 1
1163667265 -1
1163709710 -1
1163755528 1
1163799363 -1
1163815419 1
1164178553 -1
1164276183 -1
1164300726 -1
1164501546 -1
1164671306 -1
1164700375 1
1164799788 -1
1164804951 1
1165101515 1
1165193149 1
1165232413 1
1165431830 -1
1165592640 1
1165606808 1
1165638894 -1
1165680512 -1
1165771908 -1
1165782426 -1
1165795942 -1
1166141546 -1
1166203298 1
1166275726 -1
1166388381 1
1166584405 1
1166664505 1
1166817986 1
1166822190 -1
1166890044 1
1166896756 1
1167107585 1
1167122880 -1
1167130594 -1
1167294848 1
1167497307 -1
1167521243 -1
1167545962 -1
1167611092 -1
1167740795 1
1167745654 -1
1167907628 -1
1167965253 1
1167995102 -1
1168047842 -1
1168052307 -1
1168121579 -1
1168122396 -1
1168180798 1
1168233122 1
1168238158 -1
1168241685 -1
1168286804 -1
1168309333 1
1168310220 -1
1168357257 -1
1168423821 -1
1168484493 1
1168508388 -1
1168737238 -1
1168765788 1
1168791127 -1
1168923963 1
1168942611 -1
1169067276 1
1169093109 1
1169151633 1
1169206114 -1
1169496632 -1
1169501136 -1
1169509232 1
1169647969 -1
1169755813 1
1169897466 1
1170027348 -1
1170119890 1
1170237751 -1
1170553993 1
1170598451 1
1170608912 -1
1170803376 -1
1170821677 1
1170844514 -1
1170858447 1
1170943246 -1
1170957073 1
1171000906 -1
1171035390 1
1171130736 1
1171145189 1
1171203999 1
1171310362 1
1171371989 -1
1171427031 1
1171546102 -1
1171628826 1
1171815404 -1
1172092355 -1
1172134768 1
1172277922 1
1172288352 1
1172331689 1
1172335217 1
1172515207 -1
1172684722 -1
1172791078 -1
1172836858 1
1172909364 1
1173338315 -1
1173345041 -1
1173611225 1
1173906219 1
1173913148 1
1174074355 1
1174082937 -1
1174087847 -1
1174139513 1
1174234868 1
1174347158 1
1174393835 -1
1174441155 1
1174641546 1
1174748514 1
1174802634 1
1174886750 -1
1175108411 1
1175222361 1
1175248743 -1
1175498145 1
1175506623 1
1175584617 -1
1175596558 1
1175699011 1
1175786353 -1
1175955574 -1
1175957807 -1
1176017406 1
1176061378 -1
1176084074 -1
1176116312 1
1176165637 -1
1176188651 1
1176190638 1
1176300127 1
1176462956 -1
1176490672 1
1176699722 1
1176852713 1
1176980004 -1
1176988890 1
1176990186 1
1177004450 -1
1177274564 -1
1177287365 1
1177288377 1
1177338968 1
1177365805 1
1177383188 1
1177423885 1
1177428229 -1
1177469590 1
1177487014 1
1177496900 1
1177553477 -1
1177566689 -1
1177646429 -1
1177666238 1
1177676957 1
1177708583 1
1177962726 1
1178249758 1
1178373483 -1
1178414844 -1
1178605507 -1
1178667869 -1
1178760392 1
1178805833 1
1178845685 -1
1178932195 1
1178949548 -1
1179005254 1
1179005348 1
1179018652 1
1179187219 1
1179226647 1
1179346966 -1
1179437433 1
1179488492 1
1179521395 1
1179589747 1
1179656953 -1
1179773572 -1
1179814812 1
1179972858 -1
1180061758 1
1180216372 1
1180371124 1
1180388320 1
1180530225 -1
1180588528 -1
1180608637 1
1180769655 1
1180879091 -1
1180902770 -1
1180950870 1
1180965180 -1
1181086494 1
1181137596 -1
1181229999 -1
1181253593 1
1181266447 -1
1181277961 1
1181421935 -1
1181553837 1
1181585658 -1
1181702262 1
1181773870 1
1181961917 -1
1181978941 1
1182131298 1
1182161372 -1
1182256090 1
1182260277 1
1182296134 1
1182381591 1
1182442248 -1
1182489766 1
1182514824 -1
1182525600 -1
1182768584 1
1182773620 -1
1182784210 1
1182972162 1
1183091592 1
1183103390 -1
1183137975 -1
1183181547 1
1183256285 -1
1183303827 1
1183333875 -1
1183351965 -1
1183415882 1
1183450619 1
1183490189 1
1183518273 1
1183533945 -1
1183578723 1
1183625654 1
1183637133 -1
1183641206 -1
1183772164 -1
1183843326 1
1183859460 -1
1183931115 -1
1183994786 -1
1184053819 -1
1184196289 1
1184225616 -1
1184229165 -1
1184235121 1
1184251793 -1
1184302838 -1
1184342976 -1
1184398803 1
1184433316 1
1184556958 -1
1184688902 1
1184699990 -1
1184707859 -1
1184717881 1
1184828801 -1
1184904624 -1
1184911831 1
1185066233 -1
1185196079 1
1185241524 1
1185287237 1
1185294265 1
1185295945 1
1185346070 1
1185389524 1
1185566699 -1
1185686611 1
1185774345 1
1185777174 -1
1185974481 1
1186011026 -1
1186194073 1
1186221383 1
1186273338 -1
1186483563 1
1186547696 -1
1186598831 1
1186716878 1
1186718718 1
1186740027 -1
1186870497 -1
1186885157 1
1186919833 1
1187089039 1
1187119249 1
1187136036 -1
1187165331 1
1187202089 1
1187235616 1
1187254122 -1
1187280540 -1
1187313122 1
1187322058 1
1187331765 -1
1187415527 -1
1187434020 -1
1187548857 1
1187588375 1
1187651758 1
1187670922 -1
1187751463 -1
1187851030 -1
1187861245 -1
1187933537 1
1187982585 -1
1188001246 -1
1188001782 1
1188032271 1
1188067762 -1
1188085369 -1
1188092981 1
1188106368 1
1188173759 -1
1188192795 1
1188273378 -1
1188288764 -1
1188428063 1
1188513591 1
1188535909 1
1188551472 -1
1188597411 -1
1188692223 -1
1188847255 1
1189093258 -1
1189156447 -1
1189167115 -1
1189183122 -1
1189205377 1
1189225445 1
1189417257 1
1189473776 1
1189591876 -1
1189603573 1
1189626011 -1
1189648149 1
1189706607 1
1189777727 -1
1189867540 -1
1189884693 -1
1189962311 -1
1190097942 1
1190173061 -1
1190292685 -1
1190391292 -1
1190548198 -1
1190573967 -1
1190642589 1
1190856820 1
1191048952 -1
1191102131 -1
1191106109 -1
1191144609 1
1191193431 -1
1191197511 -1
1191220329 1
1191284039 -1
1191383814 1
1191607496 -1
1191644519 -1
1192195646 -1
1192434163 1
1192451832 -1
1192560250 1
1192713968 -1
1192765586 -1
1192851564 1
1192932725 1
1192946011 1
1193036508 1
1193113952 -1
1193237986 1
1193926240 1
1193926973 -1
1194200106 -1
1194309633 -1
1194364928 1
1194520297 -1
1194617685 -1
1194705579 1
1194757394 -1
1194795944 -1
1194811808 -1
1194837451 1
1194845336 -1
1195067373 1
1195089715 1
1195149821 1
1195179399 -1
1195291371 -1
1195316800 1
1195440348 1
1195485640 -1
1195706152 1
1195820191 -1
1195833662 -1
1195877588 1
1196111460 1
1196229479 1
1196242892 -1
1196321726 1
1196461481 -1
1196547787 1
1196569576 1
1196578907 1
1196629559 1
1196808104 -1
1196836221 -1
1196983772 1
1197006456 1
1197048739 -1
1197141485 1
1197312170 1
1197548709 -1
1197653926 -1
1197754703 -1
1197801492 1
1197900674 1
1197916822 1
1197926306 -1
1197979621 -1
1198114229 1
1198205814 1
1198245409 1
1198342011 1
1198367649 -1
1198398035 1
1198435180 1
1198644255 1
1198652485 -1
1198730236 1
1198936610 1
1199424196 1
1199492706 -1
1199576542 1
1199611937 1
1199632532 1
1199639403 -1
1199741527 -1
1199776641 1
1199780607 -1
1199847769 1
1200166864 -1
1200283648 1
1200463108 1
1200474750 -1
1200525132 1
1200625256 1
1200688246 -1
1200693661 -1
1200739841 1
1200820667 -1
1200918188 -1
1201033619 1
1201060517 1
1201138618 1
1201150415 -1
1201212080 -1
1201234326 1
1201335007 1
1201406313 -1
1201495626 1
1201521409 -1
1201540095 1
1201681854 1
1201723694 -1
1201997326 -1
1202026946 -1
1202064213 1
1202090408 1
1202200923 -1
1202242043 -1
1202334763 -1
1202343778 1
1202391117 -1
1202439313 1
1202615037 1
1202662474 1
1202701212 1
1202706955 -1
1202905901 1
1203260926 -1
1203315635 1
1203345081 -1
1203384426 1
1203389547 1
1203442258 -1
1203501653 -1
1203519368 1
1203572782 1
1203581407 1
1203606774 -1
1203641826 -1
1203750657 -1
1203895780 1
1203949822 1
1203964409 1
1203994194 1
1204003105 1
1204014472 1
1204056061 -1
1204091869 1
1204155687 -1
1204158586 1
1204216402 1
1204281479 1
1204287275 1
1204368626 -1
1204456449 -1
1204565457 -1
1204581751 1
1204589435 1
1204743662 -1
1205002564 1
1205065485 -1
1205134855 -1
1205173523 1
1205297106 -1
1205523710 1
1205670373 -1
1205673617 -1
1205826195 1
1205908030 1
1205934960 1
1205977672 -1
1205986322 1
1206035582 1
1206110802 1
1206174685 1
1206216206 -1
1206325529 1
1206401565 -1
1206410147 1
1206600343 1
1206600579 1
1206726815 1
1206820628 -1
1206827344 -1
1206859256 1
1206897411 -1
1206914651 -1
1206999595 -1
1207021045 -1
1207090831 -1
1207340971 1
1207413887 -1
1207485353 -1
1207516921 1
1207564231 1
1207613979 -1
1207753566 1
1207767886 1
1207860671 -1
1208021087 1
1208049729 -1
1208078645 -1
1208086162 -1
1208114651 -1
1208163170 1
1208241597 -1
1208241872 -1
1208260091 -1
1208484754 1
1208546216 -1
1208555341 -1
1208698911 -1
1208780956 1
1208795147 1
1208859018 -1
1208914332 -1
1209039964 -1
1209079551 -1
1209110671 1
1209120294 -1
1209293500 1
1209530214 1
1209662649 -1
1209682450 1
1209798112 1
1209847108 -1
1209948163 1
1209994451 -1
1210011567 1
1210166258 1
1210215247 1
1210223224 1
1210257881 1
1210299131 -1
1210308523 1
1210350313 1
1210480206 1
1210544849 1
1210635543 1
1210699770 -1
1210703956 -1
1211025387 -1
1211182042 1
1211199913 1
1211341182 1
1211756599 1
1211854724 1
1211879697 -1
1211962634 1
1211985169 1
1212054472 1
1212251260 -1
1212293963 1
1212311346 -1
1212403671 1
1212542066 -1
1212558994 -1
1212660652 -1
1212720465 1
1212730210 -1
1212730594 1
1212763595 1
1212807414 -1
1212863145 -1
1213306317 1
1213373255 -1
1213451183 -1
1213591248 -1
1213613165 1
1213703445 1
1213755885 -1
1213780333 -1
1213803326 1
1213872553 1
1213904035 1
1213991562 -1
1214007305 1
1214059758 1
1214099314 -1
1214118958 1
1214135132 1
1214240292 1
1214273599 -1
1214273958 1
1214278091 -1
1214310872 1
1214332813 1
1214391713 -1
1214417189 1
1214436799 1
1214700231 -1
1214761308 1
1214796649 1
1214923639 -1
1214993514 -1
1215003886 1
1215100828 -1
1215154110 -1
1215165762 1
1215212864 -1
1215251854 1
1215316849 -1
1215444197 1
1215625815 1
1215764117 -1
1215813119 -1
1215816189 -1
1215938616 -1
1216042720 -1
1216124149 -1
1216235348 -1
1216389448 1
1216420787 1
1216477899 1
1216617537 1
1216673289 -1
1216995260 1
1217166945 -1
1217237404 -1
1217407808 1
1217474590 -1
1217585035 -1
1217605942 1
1217626944 1
1217674724 1
1217676592 -1
1217704698 1
1217825117 -1
1217928761 1
1217956266 1
1218017631 1
1218047757 -1
1218107336 1
1218254049 1
1218265570 1
1218426317 -1
1218426834 -1
1218498025 1
1218551365 1
1218551494 -1
1218638775 1
1218644770 1
1218703984 -1
1218737702 1
1219196480 1
1219215303 1
1219332019 -1
1219441310 1
1219472313 1
1219493572 1
1219683444 1
1219735379 -1
1219751634 -1
1219784911 1
1219819960 1
1220157116 -1
1220200862 1
1220324997 1
1220520271 1
1220542741 1
1220553611 -1
1220892898 -1
1220906983 1
1220953169 1
1221015395 1
1221078781 1
1221124986 1
1221412914 -1
1221483962 -1
1221698279 -1
1221750831 -1
1221861284 1
1221955955 -1
1222024902 -1
1222066375 1
1222131772 1
1222158671 1
1222289820 1
1222347910 1
1222380489 1
1222381612 -1
1222430577 -1
1222549828 1
1222567934 1
1222568278 1
1222613410 -1
1222710590 -1
1222716860 1
1222748089 -1
1222776151 1
1222861402 -1
1222914962 1
1223036743 1
1223066049 -1
1223072144 1
1223080039 1
1223159002 -1
1223198661 -1
1223252896 -1
1223273442 -1
1223298192 1
1223351017 1
1223383937 1
1223387492 1
1223505700 1
1223517092 -1
1223560962 1
1223594291 1
1223733389 1
1223789274 1
1223815651 1
1223943570 1
1223982454 -1
1224030202 1
1224135649 1
1224223149 1
1224239827 1
1224245688 1
1224587386 -1
1224620662 1
1224632843 1
1224663153 1
1225041926 -1
1225050187 1
1225055610 1
1225151619 1
1225196561 -1
1225272995 1
1225401810 1
1225719874 1
1225836781 1
1225962793 -1
1226060463 -1
1226082749 1
1226172044 1
1226202128 1
1226221110 -1
1226234093 1
1226239754 -1
1226243042 1
1226293245 1
1226338288 -1
1226344837 1
1226473915 1
1226525431 1
1226711213 1
1226719437 1
1226799084 -1
1226815604 -1
1226876114 1
1226907123 -1
1226982986 -1
1227240890 -1
1227282800 1
1227295613 -1
1227328805 1
1227381146 -1
1227513442 -1
1227552830 1
1227619432 -1
1227656627 1
1227662149 1
1227846078 1
1227909896 1
1227952085 1
1228068840 1
1228176689 1
1228268228 1
1228274755 1
1228331742 -1
1228339039 -1
1228688041 1
1228702028 -1
1228751818 1
1228753012 -1
1228772374 -1
1228864772 -1
1228874014 -1
1229096068 1
1229198117 1
1229304499 1
1229347159 -1
1229435208 1
1229500251 -1
1229520994 1
1229531151 1
1229715434 1
1229925062 1
1230325633 -1
1230489869 1
1230528478 -1
1230575396 1
1230625995 -1
1230647226 -1
1230698835 1
1230802545 1
1230804216 -1
1230853288 1
1230946867 -1
1230966913 1
1230995702 1
1231181825 1
1231207456 -1
1231318172 1
1231576829 -1
1231673363 -1
1231771460 1
1231934106 1
1231935439 1
1231983343 -1
1231995336 -1
1232025103 -1
1232060868 1
1232353311 1
1232539798 1
1232760677 1
1232809910 -1
1232891431 1
1233119565 -1
1233220311 -1
1233375364 1
1233397541 -1
1233407332 1
1233452667 -1
1233609691 -1
1233698887 1
1233736042 -1
1233811201 1
1233821647 -1
1233842884 1
1233896080 1
1233914784 1
1234220871 1
1234306589 1
1234364711 -1
1234399440 -1
1234471415 -1
1234528083 1
1234554506 1
1234641145 1
1234648681 1
1234827669 1
1235001741 -1
1235039552 1
1235129786 1
1235407186 1
1235483381 1
1235513918 1
1235524697 -1
1235530994 -1
1235797540 1
1235831478 1
1235835151 -1
1235879417 1
1235884671 1
1236041764 1
1236117162 -1
1236127352 1
1236173809 -1
1236395266 1
1236428844 1
1236451413 1
1236593299 -1
1236603979 1
1236832189 1
1236857341 1
1237136049 1
1237214224 -1
1237228602 1
1237344451 1
1237676049 -1
1237699721 -1
1237712269 -1
1237767128 -1
1237805950 1
1237806130 1
1238068842 1
1238076637 1
1238182164 1
1238205545 -1
1238334550 1
1238385435 1
1238409379 1
1238419026 -1
1238438698 1
1238520659 1
1238523296 1
1238657960 1
1238666538 -1
1238695334 -1
1238715520 1
1238761560 1
1238772743 -1
1238787961 -1
1238867836 1
1238927858 1
1239175813 -1
1239222065 1
1239227727 1
1239229947 -1
1239247250 -1
1239259106 1
1239276600 1
1239370624 1
1239382263 1
1239433599 1
1239511218 -1
1239537645 1
1239662084 1
1239773576 1
1239856131 1
1239951873 -1
1240055661 -1
1240087444 -1
1240132037 1
1240260595 -1
1240420304 -1
1240434404 -1
1240503249 1
1240700396 1
1240815466 1
1240972756 -1
1241102781 -1
1241128960 1
1241180191 1
1241191022 1
1241231733 1
1241351670 1
1241438453 1
1241556534 1
1241611178 -1
1241638033 1
1241773842 1
1241860963 1
1241961217 1
1242094424 1
1242178492 1
1242288631 -1
1242313740 -1
1242361888 -1
1242468850 -1
1242618662 1
1242623419 -1
1242696610 -1
1242702102 -1
1242758894 -1
1242841433 -1
1243052395 1
1243107355 1
1243225849 1
1243277136 -1
1243289395 -1
1243294778 1
1243332705 1
1243376168 -1
1243446775 1
1243552361 1
1243588319 -1
1243735346 -1
1243784179 1
1243786391 -1
1243876868 -1
1243938661 -1
1243958630 1
1243964685 1
1244014261 1
1244139032 -1
1244200666 -1
1244335934 -1
1244386655 1
1244392941 1
1244438778 1
1244523188 -1
1244542777 -1
1244668905 -1
1244703933 1
1244723156 1
1244801643 1
1244886833 -1
1244899487 1
1244960407 -1
1245007882 1
1245058756 1
1245083803 -1
1245175996 1
1245261702 -1
1245324738 1
1245416365 -1
1245457385 -1
1245614334 -1
1245616352 1
1245623337 -1
1245635765 1
1245670769 1
1245692483 1
1245791462 1
1245813674 1
1245857084 1
1245890731 -1
1246020315 -1
1246029922 1
1246031331 -1
1246055269 1
1246062740 1
1246064447 1
1246146753 -1
1246266771 1
1246272148 1
1246413441 1
1246455957 1
1246456141 1
1246558997 1
1246578136 -1
1246604922 1
1246668036 1
1246686443 -1
1246841538 -1
1246863149 1
1246892364 -1
1247130330 1
1247130558 1
1247215240 -1
1247247428 1
1247258511 1
1247413779 1
1247448063 1
1247454704 1
1247575133 1
1247702160 -1
1247758456 1
1247885580 1
1247956395 1
1247993012 1
1248292046 1
1248293734 1
1248306372 1
1248492165 1
1248564448 -1
1248609350 1
1248659539 1
1248719984 1
1248774909 -1
1248812536 -1
1248873632 1
1248955140 1
1248978366 -1
1248980181 -1
1249166912 -1
1249267014 1
1249494723 1
1249547803 1
1249659496 1
1249673736 1
1249701598 1
1249802884 1
1249850602 -1
1249874335 1
1249975711 1
1249977541 -1
1250055409 -1
1250078137 1
1250147131 -1
1250178887 1
1250241451 -1
1250384949 -1
1250406390 1
1250427507 1
1250654052 1
1250739154 1
1250848375 1
1250927742 1
1251046050 1
1251149616 1
1251188356 -1
1251805368 -1
1252013793 -1
1252025811 1
1252093207 1
1252100744 1
1252137412 1
1252246720 -1
1252428221 1
1252595763 -1
1252626413 1
1252680614 1
1252812876 -1
1252917627 -1
1253034791 1
1253043852 1
1253046851 1
1253262902 1
1253283878 -1
1253413510 1
1253444445 -1
1253562639 -1
1253593852 1
1253645200 -1
1253746916 -1
1253787723 1
1254013892 1
1254015332 -1
1254087352 -1
1254093862 -1
1254135442 -1
1254253875 1
1254317460 1
1254384079 1
1254437084 1
1254462212 1
1254518574 1
1254599169 -1
1254676283 -1
1254761037 1
1254817824 1
1254821055 -1
1254877716 1
1254951936 1
1255069507 1
1255251023 -1
1255469421 -1
1255521316 1
1255535305 -1
1255544224 1
1255622035 1
1255931391 -1
1255956028 1
1256057216 1
1256063178 1
1256121958 1
1256334853 1
1256345309 1
1256389660 1
1256429654 -1
1256544514 1
1256563996 1
1256663046 -1
1256712355 -1
1256760175 1
1256776814 -1
1256789346 1
1256870933 1
1257028686 1
1257051331 -1
1257279974 -1
1257368333 -1
1257399099 1
1257427974 1
1257583711 -1
1257731444 1
1257776616 -1
1257805924 -1
1257819776 1
1257855534 1
1257960096 1
1257962300 1
1257972494 1
1258001302 -1
1258079198 1
1258199183 -1
1258229589 -1
1258272469 1
1258288692 1
1258300811 1
1258454855 1
1258470117 1
1258477232 1
1258571929 1
1258664007 -1
1258666395 1
1258728639 1
1258953350 1
1259076107 -1
1259112445 1
1259113223 1
1259196598 -1
1259217223 1
1259270023 -1
1259487946 1
1259532926 1
1259631070 1
1259648939 1
1259863227 1
1259865938 1
1259940088 -1
1259965569 1
1260011370 -1
1260053676 1
1260284208 1
1260355406 -1
1260810315 1
1260981805 -1
1261548458 1
1261639082 -1
1261770861 1
1261829521 -1
1261832948 -1
1261944447 -1
1261989097 1
1262022622 1
1262146056 -1
1262176893 -1
1262200115 1
1262303856 1
1262339412 1
1262395036 -1
1262425815 1
1262499732 1
1262664563 1
1262743521 1
1262767388 -1
1262773319 -1
1262807409 -1
1262957911 1
1263014104 -1
1263053123 1
1263114635 -1
1263190761 -1
1263383969 1
1263464024 1
1263680343 -1
1263770299 -1
1263809723 1
1263912783 1
1263954626 1
1263961369 1
1264100371 -1
1264182717 1
1264242328 1
1264416652 -1
1264419419 -1
1264480358 1
1264703718 1
1264739484 -1
1264931830 -1
1264983260 1
1264997330 -1
1265000400 -1
1265013495 1
1265024697 -1
1265128399 1
1265153062 -1
1265240606 -1
1265285372 -1
1265341245 1
1265360825 -1
1265401013 1
1265460428 1
1265485757 -1
1265654302 1
1265690954 -1
1265753395 1
1265814175 -1
1265901260 -1
1265907549 -1
1266041581 1
1266138949 -1
1266265528 1
1266358852 1
1266422761 1
1266584199 1
1266648244 1
1266702060 1
1266760802 -1
1267013238 1
1267084702 -1
1267174860 1
1267192751 1
1267307792 1
1267648502 1
1267689669 1
1267775423 1
1267783825 1
1267844623 -1
1267906878 -1
1267959304 -1
1268137289 -1
1268160101 -1
1268210004 -1
1268218561 1
1268285879 -1
1268365659 -1
1268399087 1
1268406517 1
1268625590 1
1268656670 -1
1268666892 1
1268738045 1
1268860124 1
1268872794 1
1268892715 -1
1268991120 -1
1269045933 1
1269051914 1
1269078631 1
1269097039 1
1269110527 1
1269209162 1
1269296876 1
1269306808 1
1269341524 1
1269410283 1
1269464364 -1
1269478881 1
1269494527 1
1269629328 -1
1270156422 1
1270202787 -1
1270412342 -1
1270444414 1
1270460620 1
1270499169 1
1270623861 -1
1270729426 1
1270863370 -1
1270944829 -1
1271093932 1
1271166008 -1
1271223704 1
1271282748 -1
1271326068 1
1271364645 1
1271374436 -1
1271376705 -1
1271475351 -1
1271498195 -1
1271598850 1
1271697668 -1
1271714489 -1
1272033140 1
1272082378 1
1272092335 1
1272365780 -1
1272415394 1
1272437620 -1
1272448542 -1
1272569975 -1
1272618580 -1
1272633344 -1
1272753519 1
1272934732 1
1272993977 -1
1273292134 1
1273446557 -1
1273474506 1
1273545872 -1
1273549313 -1
1273710978 -1
1273881663 -1
1273887404 1
1273975264 -1
1273982309 -1
1273987252 -1
1274118808 1
1274164653 -1
1274227851 1
1274413678 1
1274414552 -1
1274423343 1
1274487408 -1
1274671078 1
1274730108 -1
1274846108 -1
1274859812 1
1275054105 -1
1275168860 -1
1275252680 -1
1275366377 1
1275502547 1
1275516814 1
1275525013 1
1275771168 -1
1275935598 1
1276029215 -1
1276149604 1
1276177419 -1
1276297328 1
1276355968 -1
1276459911 1
1276599095 -1
1276653861 1
1276801390 1
1276814192 1
1276858558 1
1276896614 1
1276953002 1
1277033714 -1
1277077973 1
1277130516 -1
1277148685 1
1277273868 -1
1277366315 -1
1277368964 -1
1277456903 1
1277619897 1
1277766371 1
1277796212 1
1277903834 1
1277927101 1
1277981201 -1
1278048076 1
1278231886 1
1278241566 -1
1278276854 -1
1278424744 1
1278429842 1
1278441884 1
1278469372 1
1278612121 -1
1278618580 -1
1278799840 1
1278843509 -1
1278871712 -1
1279033929 -1
1279099269 1
1279133325 -1
1279278253 -1
1279295992 1
1279436057 1
1279578225 -1
1279971012 1
1279993440 1
1280092278 1
1280125738 -1
1280264797 1
1280304038 1
1280379174 1
1280459185 -1
1280485966 1
1280553806 -1
1280606748 1
1280659053 -1
1280705507 1
1280843908 -1
1280959338 -1
1281158657 -1
1281232191 1
1281263479 1
1281352795 1
1281356691 1
1281380461 1
1281402697 -1
1281534899 -1
1281707774 1
1281758938 -1
1281774339 1
1281809146 -1
1281810344 1
1281852438 -1
1281856741 -1
1281866853 -1
1282210987 1
1282275018 1
1282310339 -1
1282314320 -1
1282318682 1
1282324210 1
1282451387 1
1282526284 -1
1282633354 -1
1282963737 -1
1283057427 -1
1283083220 -1
1283123445 -1
1283133314 1
1283198522 1
1283248298 -1
1283280572 -1
1283387370 -1
1283509081 1
1283541210 1
1283572165 1
1283621709 -1
1283641680 1
1283700510 -1
1283831176 -1
1283860907 1
1283880473 1
1283887097 -1
1283942417 -1
1283959488 1
1283963654 1
1284042818 -1
1284056309 1
1284066639 1
1284072546 1
1284095370 1
1284184528 -1
1284263379 -1
1284320952 1
1284354929 1
1284486363 1
1284509169 1
1284510585 1
1284597404 1
1284680273 -1
1284881391 -1
1285021210 -1
1285062002 1
1285071516 1
1285220959 -1
1285231926 -1
1285346489 -1
1285389796 -1
1285392657 1
1285465344 1
1285544008 -1
1285578126 1
1285638152 -1
1285643792 -1
1285744702 -1
1285830638 1
1285853239 1
1285860467 -1
1285864047 -1
1285892259 -1
1285908135 1
1285959864 1
1285979120 -1
1286021013 1
1286031415 1
1286235229 1
1286235723 -1
1286265288 1
1286305537 -1
1286551358 -1
1286740443 -1
1286790604 1
1286815324 -1
1286859738 -1
1286877769 -1
1286974001 -1
1287006884 1
1287025411 1
1287237312 1
1287241369 1
1287248341 1
1287384084 1
1287634800 -1
1287852243 -1
1287869703 1
1287879886 1
1287911142 1
1287950471 -1
1287973544 1
1287999433 1
1288190970 1
1288530255 -1
1288544364 -1
1288573551 1
1288682891 -1
1288684049 -1
1288707901 -1
1288750624 1
1288750811 1
1288871635 1
1288903481 1
1288934866 -1
1288954636 1
1289051530 -1
1289111873 1
1289160993 -1
1289183190 1
1289209824 1
1289221174 1
1289259421 -1
1289284254 -1
1289299200 -1
1289452304 1
1289487058 -1
1289499021 1
1289548854 1
1289566752 -1
1289604564 -1
1289612812 1
1289767029 -1
1289770347 -1
1289954114 1
1289991066 -1
1290015637 -1
1290031961 -1
1290099783 1
1290129384 -1
1290138120 1
1290382828 1
1290394711 -1
1290507048 1
1290640601 1
1290655858 -1
1290719760 1
1290767755 1
1290925556 1
1291145663 1
1291207793 -1
1291207865 -1
1291230395 -1
1291315551 -1
1291406777 1
1291452553 -1
1291491951 1
1291811027 -1
1291889796 -1
1291897916 -1
1291982808 -1
1292011511 1
1292108846 1
1292297858 1
1292340875 1
1292533146 1
1292571159 1
1292672918 1
1292679901 1
1292695760 -1
1292836839 1
1292901792 1
1292921648 -1
1292998973 -1
1293002491 1
1293285950 -1
1293573586 1
1293580257 1
1293591545 1
1293671521 1
1293708792 -1
1293744046 -1
1293854998 -1
1293922630 1
1293985360 -1
1294113696 1
1294161643 1
1294194608 -1
1294258862 1
1294292158 -1
1294298254 -1
1294341150 1
1294344483 1
1294514989 -1
1294530957 1
1294633740 -1
1294771479 1
1294806058 1
1294936340 -1
1294939439 1
1295032795 1
1295079773 1
1295126550 1
1295298688 1
1295413031 1
1295430401 1
1295535194 -1
1295597463 -1
1295600060 -1
1295612673 -1
1295675285 1
1295680816 -1
1295848564 1
1295882818 1
1295891198 1
1295899857 -1
1295903083 1
1295914963 -1
1295962492 1
1295997692 -1
1296166876 -1
1296190294 1
1296244719 -1
1296472768 -1
1296593307 -1
1296934126 -1
1296947519 1
1297158058 1
1297215096 1
1297247771 -1
1297270271 1
1297298478 1
1297299715 1
1297313553 -1
1297360628 1
1297433396 1
1297491914 1
1297506164 1
1297616166 1
1297828639 1
1297944042 -1
1297982795 -1
1297994791 -1
1298067626 1
1298077415 -1
1298175143 1
1298263794 1
1298433278 -1
1298485764 1
1298699225 1
1298784210 1
1298795539 -1
1298926759 1
1299107405 -1
1299134240 1
1299281842 -1
1299318491 -1
1299336683 1
1299459656 1
1299462764 -1
1299619025 1
1299645679 -1
1299706753 -1
1299710847 1
1299720902 1
1299804223 1
1299839550 1
1299846022 1
1299920498 1
1299928214 1
1300038773 1
1300287359 1
1300368871 1
1300475126 -1
1300545396 -1
1300581047 1
1300653399 -1
1300970333 -1
1301054014 1
1301077158 -1
1301159624 1
1301241550 1
1301258763 -1
1301353680 1
1301365914 1
1301397154 1
1301412938 1
1301420829 1
1301435619 1
1301482293 1
1301557908 1
1301714397 -1
1301794054 1
1301869435 -1
1301912121 1
1302010380 1
1302054871 -1
1302090436 1
1302137510 -1
1302202802 -1
1302222731 1
1302372992 1
1302445796 1
1302519594 -1
1302902314 1
1302924420 1
1302981499 -1
1303049867 -1
1303105971 1
1303190793 -1
1303217728 -1
1303409869 -1
1303462333 1
1303643680 -1
1303757007 1
1303893986 1
1304095317 1
1304100230 1
1304306621 1
1304473790 1
1304507216 -1
1304527810 -1
1304553304 1
1304573835 1
1304754090 1
1304809244 1
1304880829 1
1304894750 1
1304982220 1
1304993623 1
1304995245 1
1305085828 -1
1305106481 1
1305139408 1
1305244463 -1
1305299485 -1
1305311954 1
1305383344 -1
1305418109 1
1305463225 1
1305617292 -1
1305724531 1
1305820243 -1
1305822526 -1
1305826641 -1
1305967800 1
1305989688 1
1306006345 1
1306069540 -1
1306180459 -1
1306192620 1
1306271151 1
1306302995 1
1306325174 1
1306369305 1
1306567393 -1
1306626017 -1
1306748761 1
1306818999 1
1306851680 1
1306867800 1
1306875572 -1
1306927993 1
1307010177 1
1307051616 1
1307091713 1
1307242324 1
1307267152 -1
1307363733 1
1307545055 1
1307636129 1
1307679755 1
1307731243 1
1307732902 -1
1307837472 -1
1307996593 1
1308010553 1
1308100751 -1
1308105952 -1
1308287491 -1
1308336518 1
1308338238 1
1308603192 -1
1308608404 -1
1308629296 1
1308802797 -1
1308805668 1
1308952739 -1
1309071463 1
1309153585 -1
1309324691 1
1309340199 -1
1309460288 1
1309624081 1
1309690168 -1
1309715310 -1
1309732264 1
1309931262 -1
1309950401 -1
1309996898 -1
1310022848 -1
1310189117 1
1310267719 -1
1310375400 -1
1310454472 -1
1310516236 1
1310700428 -1
1310785392 -1
1310818568 -1
1310890622 1
1310925007 -1
1311050492 -1
1311096153 -1
1311108447 1
1311145326 1
1311160732 -1
1311287469 1
1311482436 -1
1311732503 1
1311744910 1
1311797371 -1
1311933630 -1
1311952857 1
1312033311 -1
1312059747 1
1312181294 1
1312189421 -1
1312206153 1
1312208525 -1
1312212631 -1
1312288389 1
1312299873 -1
1312633134 1
1312694276 1
1312813450 -1
1312854500 1
1312909877 1
1312949136 1
1312988966 1
1313016692 1
1313054900 1
1313265333 -1
1313351879 -1
1313400916 1
1313483282 1
1313489564 1
1313759291 1
1313836701 1
1313921686 -1
1313934650 -1
1313971180 1
1313973963 1
1314054141 -1
1314232487 1
1314258112 -1
1314312087 1
1314423749 1
1314460986 -1
1314470451 1
1314525851 -1
1314535417 1
1314703013 -1
1314719105 1
1314900001 -1
1314968917 1
1315012758 1
1315091427 -1
1315261290 1
1315300031 1
1315385930 1
1315647913 1
1315664843 -1
1315692208 1
1315711715 -1
1315843017 1
1315958188 -1
1315996880 1
1316011661 -1
1316158618 -1
1316248561 -1
1316264538 -1
1316269528 1
1316394751 -1
1316408111 1
1316435489 1
1316617826 1
1316750149 -1
1316769242 1
1316830789 -1
1316837593 -1
1316871725 1
1316889438 -1
1316909666 -1
1316956943 1
1317070556 1
1317125784 -1
1317357324 1
1317388917 -1
1317496258 -1
1317563895 1
1317620682 -1
1317740935 1
1317830488 -1
1317932500 -1
1318104460 1
1318269082 -1
1318269457 1
1318324061 -1
1318374010 -1
1318417661 -1
1318430704 1
1318512217 1
1318572903 1
1318708277 1
1319061826 -1
1319081463 1
1319083458 -1
1319234206 1
1319253281 1
1319257827 1
1319273119 -1
1319284506 1
1319305240 1
1319486541 -1
1319495061 1
1319528418 1
1319567354 -1
1319680883 1
1319740664 -1
1319789337 1
1320084744 1
1320142470 -1
1320143449 -1
1320157814 -1
1320262706 -1
1320394114 -1
1320427979 1
1320474364 -1
1320494311 1
1320625053 -1
1320625906 -1
1320749298 1
1320764772 1
1320812903 1
1320819653 1
1320867907 1
1320929173 1
1320983223 1
1321000888 -1
1321240083 1
1321272555 -1
1321286907 -1
1321301300 -1
1321344827 1
1321368190 -1
1321500139 1
1321517043 -1
1321647010 1
1321906476 1
1322091420 1
1322101767 1
1322588393 1
1322713478 1
1322878441 1
1322982981 -1
1322987675 1
1323018920 1
1323141443 1
1323250402 1
1323291339 -1
1323317451 -1
1323365660 1
1323539898 -1
1323575969 1
1323635933 -1
1323658775 -1
1323658917 1
1323672785 1
1323735036 -1
1323923859 1
1324027520 1
1324172417 1
1324191773 -1
1324214891 1
1324310854 -1
1324475907 1
1324485988 -1
1324499068 -1
1324549807 -1
1324756613 -1
1324793358 1
1324965370 -1
1324980294 -1
1324993477 -1
1325092731 -1
1325193299 -1
1325215559 -1
1325243366 1
1325308727 -1
1325471549 1
1325542562 1
1325580168 1
1325645590 -1
1325713259 1
1325926310 1
1325983776 -1
1325991947 1
1326028671 1
1326029179 1
1326096844 -1
1326141118 1
1326222231 -1
1326326885 -1
1326354048 1
1326465326 1
1326494107 1
1326565490 -1
1326604907 -1
1326610337 1
1326718045 -1
1326770780 -1
1326787028 -1
1326857039 -1
1326875153 -1
1326921641 1
1327001986 -1
1327040214 1
1327050872 -1
1327097238 -1
1327105524 -1
1327126780 -1
1327254252 1
1327293190 1
1327300293 1
1327418708 -1
1327420365 -1
1327526488 1
1327817655 1
1327834986 1
1327849085 1
1328038913 1
1328040806 -1
1328379217 -1
1328465843 1
1328515093 1
1328536089 1
1328573703 -1
1328601632 1
1328718688 1
1328795476 -1
1328809082 -1
1328949449 1
1329030971 1
1329053989 1
1329149004 1
1329150901 -1
1329307318 1
1329383730 1
1329404726 1
1329464006 -1
1329465696 -1
1329526409 1
1329568081 -1
1329723920 1
1329731163 1
1329817781 -1
1329834181 1
1329934381 -1
1329945764 1
1329982053 1
1330068722 -1
1330085092 1
1330158482 -1
1330216487 1
1330308375 -1
1330406221 1
1330450326 1
1330522122 1
1330686082 -1
1330689185 1
1330749707 1
1330821820 1
1331067846 1
1331298871 1
1331303948 1
1331409651 -1
1331436548 1
1331440315 -1
1331625061 -1
1331632767 1
1331666913 -1
1331809920 -1
1331938494 -1
1331990658 1
1331996421 1
1332048408 -1
1332078924 -1
1332179607 -1
1332255109 -1
1332291474 -1
1332332426 1
1332456092 1
1332537732 1
1332655818 1
1332721518 -1
1332794827 1
1332876377 1
1332920649 -1
1332931068 -1
1333036638 -1
1333610816 1
1333644682 -1
1333650627 -1
1333767905 -1
1333779691 1
1333808427 1
1334106109 -1
1334176297 -1
1334235125 1
1334357966 1
1334479821 1
1334576983 1
1334627907 1
1334809210 1
1334847666 1
1334938101 1
1334998811 -1
1335046706 1
1335097013 -1
1335214876 -1
1335330747 1
1335352235 -1
1335388921 -1
1335398879 1
1335550656 -1
1335566085 -1
1335700663 1
1335760651 -1
1335890294 -1
1336002764 -1
1336027954 -1
1336172656 1
1336228704 1
1336293725 1
1336379740 1
1336487083 1
1336590749 -1
1336819287 -1
1336863325 1
1336911955 -1
1336925774 -1
1336932917 -1
1336951695 1
1336974994 1
1336988192 -1
1336994883 -1
1337029574 -1
1337058190 1
1337108089 1
1337119272 1
1337195275 1
1337297424 1
1337381049 -1
1337400857 1
1337459970 1
1337508231 1
1337572905 -1
1337755971 1
1337759834 -1
1337921774 -1
1337964009 1
1338020382 -1
1338072101 1
1338199916 1
1338354419 1
1338520068 -1
1338640618 1
1338799442 1
1338890722 1
1338892747 -1
1338936810 -1
1338937446 -1
1338947902 -1
1338953501 -1
1339203946 1
1339214110 1
1339269657 -1
1339280565 -1
1339411541 -1
1339475671 1
1339538097 -1
1339666087 1
1339782769 1
1340064608 1
1340112184 1
1340175205 -1
1340434643 -1
1340435470 1
1340507081 1
1340634766 -1
1340812426 -1
1340882941 -1
1340918525 1
1340974598 -1
1340997872 -1
1341166863 1
1341252213 -1
1341271665 1
1341277742 1
1341360348 1
1341413505 1
1341455453 -1
1341593559 1
1341593928 1
1341610990 1
1341691029 -1
1341693223 -1
1341762732 1
1341917181 -1
1341990019 1
1342039392 1
1342204784 1
1342253761 -1
1342277735 -1
1342403809 -1
1342430092 1
1342473904 -1
1342620138 -1
1342775100 1
1342845021 1
1342925958 -1
1342935364 -1
1343041646 -1
1343088401 1
1343173769 1
1343290000 1
1343303870 1
1343424170 1
1343446404 1
1343501111 -1
1343524879 1
1343527401 1
1343622128 -1
1343714766 -1
1344045067 -1
1344051530 -1
1344188273 -1
1344199118 1
1344258546 -1
1344294099 -1
1344404077 -1
1344470441 -1
1344616394 -1
1344644295 -1
1344701888 1
1344985979 -1
1345204553 1
1345354060 1
1345416402 -1
1345547761 -1
1345553513 -1
1345838877 1
1345901092 -1
1345904224 1
1346002884 -1
1346010170 -1
1346019930 1
1346020482 1
1346287836 -1
1346346350 -1
1346382728 1
1346467674 -1
1346474881 1
1346721371 1
1346731271 1
1346788937 -1
1346795656 -1
1346928350 -1
1346958949 1
1347017439 -1
1347136917 -1
1347145086 -1
1347162680 1
1347168973 1
1347317508 1
1347365074 -1
1347376231 -1
1347395427 1
1347637582 1
1347697620 -1
1347844142 1
1348087995 1
1348101071 -1
1348105842 1
1348257556 -1
1348258950 -1
1348556930 1
1348770665 1
1348878851 1
1348881065 1
1348895016 1
1348975275 1
1348977910 -1
1349058598 -1
1349113075 1
1349129910 1
1349224611 1
1349238190 -1
1349442550 1
1349539487 1
1349589919 1
1349761971 -1
1349798306 1
1349847410 -1
1349892689 -1
1350057185 -1
1350096423 1
1350170704 -1
1350195535 1
1350332546 -1
1350360365 1
1350477398 1
1350609311 1
1350632925 1
1350648148 1
1350670226 -1
1350762624 -1
1350800101 -1
1350809171 -1
1351025571 -1
1351059700 1
1351318929 1
1351332051 -1
1351471313 -1
1351513427 1
1351521996 1
1351532195 1
1351533871 -1
1351966587 1
1352079169 1
1352318367 1
1352353565 -1
1352368383 -1
1352469876 -1
1352494623 -1
1352495774 -1
1352591896 -1
1352619485 -1
1352643458 1
1352676173 1
1352708437 -1
1352720892 -1
1352773329 1
1352774727 1
1352803594 1
1352839510 -1
1352851891 -1
1352862709 -1
1352880279 1
1352890014 1
1352919618 1
1353048603 -1
1353086520 -1
1353105634 1
1353206207 -1
1353224734 1
1353549622 -1
1353658229 -1
1353670646 1
1353697282 1
1353770351 -1
1353773195 -1
1353868444 1
1353877291 -1
1353882426 -1
1353903105 1
1353993185 -1
1354049012 1
1354189810 1
1354210942 -1
1354350533 -1
1354351220 -1
1354377546 1
1354381898 1
1354403962 -1
1354466286 -1
1354666051 1
1354668238 -1
1354676705 -1
1354677241 -1
1354682880 -1
1354809386 -1
1355144234 1
1355152623 -1
1355248904 -1
1355339045 -1
1355438228 1
1355443206 1
1355506135 1
1355510186 1
1355648945 -1
1355693995 -1
1355809933 -1
1355822754 -1
1356008601 1
1356080255 1
1356204670 1
1356297087 -1
1356315518 1
1356356685 1
1356372139 1
1356429364 -1
1356575140 -1
1356723836 -1
1356766268 1
1356789944 1
1356956558 1
1357152221 -1
1357199227 1
1357267749 -1
1357324980 -1
1357332942 -1
1357500184 -1
1357531396 1
1357557888 -1
1357628871 -1
1357669969 -1
1357803008 1
1357840411 -1
1357874828 -1
1357990772 -1
1358002337 1
1358121340 -1
1358126839 1
1358134105 -1
1358285403 1
1358286506 1
1358549661 -1
1358600049 -1
1358684010 1
1358851265 1
1358928056 -1
1358930814 -1
1359065814 1
1359104114 1
1359208939 1
1359307522 1
1359309560 1
1359414882 1
1359737139 -1
1359745699 -1
1359809955 -1
1359873254 1
1360041345 1
1360081978 -1
1360215222 1
1360242572 1
1360351518 -1
1360460934 1
1360876455 1
1360915812 1
1361071668 -1
1361142151 1
1361321827 1
1361335379 -1
1361402717 1
1361426202 -1
1361435669 1
1361515652 1
1361550028 1
1361558759 1
1361594791 -1
1361905035 -1
1361941360 -1
1362114174 -1
1362192324 1
1362248731 -1
1362288073 1
1362310337 -1
1362405332 -1
1362428984 1
1362498927 -1
1362660048 1
1363066121 1
1363107935 1
1363172283 -1
1363184466 -1
1363186267 -1
1363191792 -1
1363242232 1
1363507219 -1
1363560669 1
1363645085 -1
1363674699 1
1363889665 -1
1363897143 -1
1364028162 1
1364062373 1
1364118690 1
1364163178 1
1364206271 -1
1364209675 -1
1364248195 1
1364331658 -1
1364369705 1
1364573545 -1
1364598955 1
1364642905 1
1364821227 1
1364822211 -1
1364906305 -1
1364930405 -1
1365129389 -1
1365189897 -1
1365516164 -1
1365745864 -1
1365766505 1
1365770481 1
1365797296 -1
1365840356 -1
1365892702 1
1365912053 -1
1365994363 1
1366046236 -1
1366108033 1
1366308477 -1
1366367277 -1
1366387415 1
1366389399 -1
1366448259 1
1366561027 1
1366702737 -1
1366751483 -1
1366890076 1
1367026759 -1
1367086342 1
1367124919 -1
1367140582 1
1367165414 1
1367374246 1
1367422743 1
1367528728 -1
1367550346 1
1367553288 -1
1367562929 -1
1367671547 -1
1367907412 -1
1367918199 -1
1367935348 -1
1368074633 -1
1368188897 1
1368259001 -1
1368301590 1
1368389900 -1
1368430524 1
1368443814 1
1368593652 1
1368630938 -1
1368646852 1
1368847742 -1
1369268533 -1
1369281543 -1
1369383956 1
1369592600 1
1369707614 -1
1369710260 1
1369754264 -1
1369825351 1
1369869727 1
1369874491 1
1369950512 -1
1370012480 1
1370097021 -1
1370166662 1
1370178273 -1
1370279065 1
1370365351 -1
1370475447 -1
1370509277 1
1370546192 -1
1370571691 1
1370723729 -1
1370727890 1
1370827511 -1
1370839290 -1
1371033270 1
1371362503 -1
1371487351 -1
1371537611 -1
1371597464 -1
1371632187 -1
1371713419 1
1371784459 1
1371958761 -1
1372083272 -1
1372109027 -1
1372109355 -1
1372180778 -1
1372375679 1
1372433134 1
1372455915 1
1372456349 -1
1372479963 -1
1372529660 -1
1372584564 -1
1372835975 1
1372997901 -1
1373016391 -1
1373148922 -1
1373191409 -1
1373201026 -1
1373382622 -1
1373390476 -1
1373499062 1
1373501725 -1
1373528241 1
1373754756 1
1373765963 1
1373786710 1
1373858560 -1
1373923475 1
1373974910 -1
1374067412 -1
1374130411 -1
1374182326 -1
1374201867 1
1374222526 1
1374243744 1
1374308134 -1
1374426334 -1
1374438183 -1
1374582247 1
1374609621 -1
1374765361 -1
1374834908 1
1374882539 -1
1374886076 -1
1374895471 -1
1374917530 1
1374973721 -1
1374988991 -1
1375003457 -1
1375026755 1
1375079158 -1
1375355578 -1
1375386176 1
1375438315 -1
1375567851 -1
1375743543 1
1375787370 -1
1375808583 1
1375809598 -1
1375857445 1
1376020771 1
1376027489 1
1376164506 -1
1376294270 1
1376381345 -1
1376476818 -1
1376554137 1
1376561199 1
1376568956 -1
1376739332 1
1376927617 1
1376977794 -1
1376982000 1
1376984004 -1
1377026802 -1
1377113041 -1
1377125664 1
1377171393 1
1377210280 -1
1377302475 1
1377490084 1
1377492279 1
1377567438 -1
1377588760 1
1377719758 1
1377770791 -1
1377772108 -1
1377781753 -1
1377872128 -1
1377911355 -1
1378012383 -1
1378060433 1
1378067535 1
1378140927 -1
1378144711 -1
1378162318 -1
1378331354 -1
1378335633 1
1378425507 1
1378425530 1
1378719313 -1
1378797688 -1
1378858203 -1
1378869768 -1
1378905955 1
1379407727 -1
1379479673 1
1379534008 -1
1379558705 1
1379594207 1
1379676144 -1
1379734806 1
1379832811 -1
1379881735 -1
1379980097 -1
1380006806 1
1380072758 1
1380141937 -1
1380244797 -1
1380253556 -1
1380286226 1
1380433055 -1
1380481134 1
1380500733 -1
1380580899 -1
1380674958 1
1380731448 -1
1380806256 -1
1380844349 -1
1380934650 -1
1380980981 1
1381020929 -1
1381204785 -1
1381215086 1
1381303759 -1
1381310340 -1
1381327874 1
1381479294 1
1381512715 1
1381670393 -1
1381686187 1
1381686728 -1
1381699904 -1
1381797819 1
1381849535 -1
1381860148 1
1382095440 1
1382139088 -1
1382179013 1
1382181501 1
1382196490 -1
1382221432 -1
1382451735 -1
1382472156 1
1382567336 1
1382578814 -1
1382691156 -1
1382701719 -1
1382763889 -1
1382945929 -1
1382966405 1
1383039378 1
1383224659 -1
1383304884 -1
1383307976 1
1383311435 1
1383420838 -1
1383435247 1
1383493000 1
1383500620 -1
1383753348 1
1383867900 -1
1383965011 -1
1384140932 -1
1384190752 1
1384373705 1
1384432517 1
1384454678 1
1384487012 1
1384491644 1
1384525099 -1
1384584749 1
1384946382 -1
1384979665 1
1385030061 1
1385063485 1
1385097090 -1
1385283634 -1
1385283748 -1
1385473231 -1
1385494937 -1
1385510064 -1
1385524018 -1
1385551696 -1
1385663958 1
1385740418 -1
1385916387 -1
1385965466 -1
1385994821 -1
1386247894 1
1386370361 1
1386447344 -1
1386587139 -1
1386689267 -1
1386695377 -1
1386700325 -1
1386701762 -1
1386752154 1
1386829707 -1
1386857915 1
1386875139 1
1387164917 1
1387238073 1
1387250452 -1
1387407297 -1
1387498336 -1
1387599208 -1
1387637929 -1
1387641017 -1
1387729258 -1
1388014045 1
1388137219 1
1388299712 1
1388326299 -1
1388448418 -1
1388503278 1
1388510136 1
1388700653 -1
1388710313 1
1388782617 1
1388928653 -1
1389002063 1
1389190844 1
1389327020 1
1389626007 -1
1389754039 -1
1389756359 -1
1389789203 1
1389840422 1
1389867934 -1
1389975881 -1
1389993016 -1
1390077548 -1
1390106646 -1
1390109826 -1
1390125666 1
1390217916 -1
1390275483 1
1390375231 1
1390478401 -1
1390522996 1
1390603338 1
1390604266 1
1390626617 -1
1390694522 -1
1390832984 -1
1390932679 -1
1391020976 -1
1391040164 1
1391149421 1
1391238459 1
1391365059 -1
1391371187 -1
1391503192 -1
1391651279 1
1391751066 1
1391973388 -1
1392117559 1
1392208326 -1
1392236701 -1
1392342273 -1
1392405940 1
1392601782 1
1392706434 -1
1392735276 1
1392758846 1
1392804408 -1
1393000893 1
1393118610 1
1393120937 -1
1393258667 -1
1393343989 1
1393379703 1
1393398770 -1
1393442304 1
1393510591 -1
1393565608 -1
1393699347 1
1393727467 -1
1393823480 1
1393832149 -1
1393860551 -1
1393876144 1
1393879927 -1
1393920201 -1
1394001383 -1
1394038653 1
1394112552 -1
1394135103 1
1394221539 1
1394314274 -1
1394347110 -1
1394368961 1
1394402518 1
1394591049 -1
1394618903 1
1394775064 1
1394804203 1
1395003246 -1
1395049077 1
1395075620 1
1395099365 1
1395283090 -1
1395312149 -1
1395324415 1
1395434353 1
1395446418 1
1395458454 1
1395546936 1
1395588508 1
1395633303 -1
1395925938 1
1395926647 -1
1395926886 1
1395967628 -1
1396035351 1
1396094498 -1
1396142970 1
1396161232 -1
1396249067 1
1396253200 1
1396313085 -1
1396356770 -1
1396570832 1
1396578256 1
1396678043 -1
1396827954 -1
1396840435 1
1396866895 1
1396941907 -1
1396949527 -1
1397198026 1
1397221121 1
1397260640 -1
1397348572 1
1397407756 1
1397438424 -1
1397443797 1
1397579645 -1
1397685507 -1
1397764942 -1
1397817721 -1
1397846238 -1
1397953522 1
1398111753 -1
1398131032 -1
1398144265 1
1398235519 1
1398261689 -1
1398453382 -1
1398486187 -1
1398739559 -1
1398791715 -1
1398874562 1
1398881481 1
1399101693 1
1399318515 -1
1399325057 1
1399361387 1
1399378567 -1
1399463624 -1
1399679050 1
1399743596 -1
1399751956 -1
1399783076 -1
1399812893 1
1399897252 -1
1399946507 -1
1399975521 -1
1400034544 1
1400160890 1
1400172503 -1
1400546620 1
1400606793 -1
1400650872 -1
1400715032 -1
1400832315 -1
1400893058 -1
1400941994 -1
1400997540 -1
1401127498 1
1401174578 -1
1401379217 -1
1401454561 1
1401604951 1
1401705060 1
1401710646 1
1401740084 -1
1401769343 -1
1401781805 -1
1401886233 -1
1401919750 -1
1402014650 -1
1402069777 -1
1402076276 -1
1402088924 1
1402149661 -1
1402165925 1
1402372320 -1
1402634298 -1
1402730686 1
1402738208 -1
1402789170 1
1402807390 1
1402841946 -1
1402906082 -1
1403269977 1
1403285911 1
1403287408 1
1403316293 -1
1403330516 -1
1403332874 -1
1403375386 1
1403698511 1
1403779089 1
1403813042 -1
1403885242 1
1403904110 1
1403935378 -1
1403949248 1
1404011515 1
1404114558 1
1404130429 1
1404212340 1
1404220175 -1
1404234800 -1
1404277310 -1
1404422628 1
1404510842 -1
1404545536 1
1404640314 -1
1404785152 1
1404857282 1
1404905557 1
1405029104 1
1405044220 1
1405050161 1
1405145313 1
1405320002 -1
1405339636 -1
1405364633 -1
1405382843 1
1405388542 -1
1405492449 1
1405566840 1
1405580758 -1
1405661215 -1
1405737304 1
1405762219 1
1405872285 1
1405896134 1
1405911137 -1
1406221561 1
1406239394 1
1406290899 1
1406312334 -1
1406371801 1
1406487490 1
1406551156 -1
1407085913 -1
1407162878 1
1407170294 1
1407324244 1
1407367154 -1
1407552415 1
1407702865 1
1407707038 1
1407799984 1
1407882740 1
1408033685 1
1408046118 1
1408099651 -1
1408118775 1
1408232372 1
1408284116 1
1408289719 -1
1408310978 -1
1408331171 -1
1408341891 -1
1408363389 1
1408364936 1
1408412218 1
1408688735 -1
1408752124 1
1408783621 1
1408820545 -1
1408922860 -1
1409000931 1
1409055670 -1
1409164521 -1
1409217726 1
1409315298 1
1409414024 -1
1409448554 -1
1409490240 -1
1409704032 -1
1409817278 1
1409866631 1
1409896094 -1
1409908496 1
1410144695 1
1410146417 1
1410194420 -1
1410210386 1
1410213649 -1
1410235754 -1
1410328194 -1
1410459515 -1
1410494876 -1
1410592719 -1
1410608173 -1
1410639098 -1
1410691363 1
1410739988 1
1410749829 1
1410899908 1
1410907931 1
1411079505 -1
1411092431 1
1411128326 1
1411221987 1
1411223842 1
1411316967 -1
1411361587 1
1411429546 1
1411435306 -1
1411565202 -1
1411647645 -1
1411667371 1
1411726270 1
1411742335 1
1411762394 -1
1411769297 1
1411928758 1
1412009636 1
1412140678 -1
1412142739 -1
1412152794 -1
1412187577 1
1412262904 -1
1412414910 1
1412460231 -1
1412619210 -1
1412695548 1
1412802642 1
1412894687 1
1412927515 1
1412973309 -1
1412983786 -1
1413036508 1
1413249692 -1
1413378406 1
1413413986 1
1413479720 -1
1413486611 1
1413698185 -1
1413830239 1
1413896397 1
1413931436 -1
1413993463 1
1414151541 1
1414160555 -1
1414256073 1
1414315313 -1
1414360524 1
1414380335 -1
1414424002 -1
1414481425 1
1414497089 1
1414581470 1
1414918361 1
1414969664 -1
1415073952 1
1415145185 -1
1415267627 -1
1415397119 1
1415409494 1
1415450138 1
1415486275 -1
1415688538 1
1415744210 -1
1415875632 -1
1415931413 1
1415954882 -1
1415958709 -1
1416030734 -1
1416034637 1
1416041606 1
1416110110 -1
1416147588 1
1416177769 1
1416261629 1
1416295092 -1
1416385844 1
1416449781 -1
1416508377 1
1416701237 -1
1416805902 1
1416807920 -1
1416815542 -1
1416841240 1
1417038338 -1
1417091851 1
1417143316 1
1417163726 -1
1417336939 -1
1417340301 1
1417378855 -1
1417392688 -1
1417430645 -1
1417498891 -1
1417541298 -1
1417546060 -1
1417718615 1
1417765764 1
1417815693 1
1417827471 -1
1417832029 -1
1417917976 1
1417934124 1
1417984570 -1
1418053663 1
1418153863 -1
1418174944 -1
1418180268 1
1418357877 -1
1418412511 1
1418615389 -1
1418692578 1
1418695796 -1
1418806198 -1
1418853236 1
1419303032 1
1419324631 -1
1419396920 1
1419502504 1
1419523523 1
1419598504 1
1419745706 1
1419762253 1
1419770116 1
1419818155 -1
1419835746 1
1419869362 -1
1419915552 1
1419977249 1
1420023075 -1
1420220977 1
1420365633 -1
1420429844 -1
1420449111 1
1420504024 -1
1420563755 1
1420592642 1
1420828296 -1
1420874193 -1
1420976225 1
1421005275 -1
1421061537 1
1421066992 -1
1421080262 1
1421128958 1
1421189076 1
1421397332 -1
1421397684 -1
1421402576 1
1421408310 1
1421437200 1
1421458867 1
1421593127 1
1421659335 1
1421674018 -1
1421763866 -1
1421836044 -1
1421861570 -1
1421864589 -1
1421966538 -1
1422080294 -1
1422125641 1
1422155217 1
1422230698 -1
1422428483 -1
1422457156 1
1422510557 1
1422540210 -1
1422561166 -1
1422575310 1
1422829711 -1
1422834830 -1
1422843391 1
1422880005 1
1422934929 -1
1422966615 -1
1423063964 -1
1423198871 -1
1423220927 1
1423450343 1
1423556814 1
1423679496 -1
1423694999 1
1423751307 -1
1423853304 1
1424016110 1
1424041724 -1
1424102727 1
1424155482 -1
1424190564 1
1424238972 -1
1424284331 -1
1424347997 -1
1424384910 -1
1424434908 1
1424529153 1
1424566126 1
1424631015 -1
1424778515 1
1424919225 1
1424939355 1
1424984476 -1
1425007052 -1
1425008340 -1
1425038179 1
1425135578 -1
1425184891 1
1425451743 1
1425513206 1
1425516357 1
1425585815 1
1425627964 1
1425716479 1
1425916188 -1
1426132443 -1
1426134684 1
1426502408 1
1426602407 1
1426820538 1
1426868617 -1
1426911244 1
1427098254 1
1427136519 1
1427153624 1
1427176624 -1
1427219789 -1
1427232411 -1
1427282294 1
1427392204 -1
1427430528 1
1427454858 1
1427472927 1
1427482822 1
1427548978 1
1427610401 1
1427655903 1
1427823873 -1
1427864267 1
1427897393 -1
1428176851 1
1428191375 1
1428199637 -1
1428272968 1
1428308204 1
1428353525 1
1428438502 -1
1428499341 -1
1428750205 -1
1428754004 1
1428770836 1
1428779403 1
1428855731 -1
1428881357 1
1428960264 1
1428965517 -1
1429013089 1
1429040441 1
1429173829 -1
1429217706 -1
1429227464 -1
1429448034 -1
1429495584 1
1429615530 1
1429620604 1
1429785017 1
1430070826 -1
1430149465 1
1430341690 1
1430453208 1
1430463990 1
1430572826 1
1430608021 1
1430615100 1
1430661186 -1
1430845555 1
1430961455 -1
1431019631 1
1431139514 1
1431155589 -1
1431177767 -1
1431206527 1
1431207655 1
1431280596 -1
1431341154 1
1431394939 -1
1431395409 -1
1431446929 1
1431497435 1
1431684775 1
1431739817 1
1431816642 1
1431967019 -1
1432050640 1
1432054104 1
1432069525 1
1432132482 -1
1432134159 -1
1432174536 1
1432280953 1
1432435767 1
1432449527 -1
1432782662 1
1432795507 -1
1432833291 -1
1432856665 -1
1432917367 1
1433015674 -1
1433016825 -1
1433045830 1
1433080940 -1
1433084038 -1
1433110620 -1
1433135940 -1
1433185238 -1
1433245742 1
1433342855 -1
1433379806 1
1433597394 1
1433606276 1
1433628131 1
1433634419 1
1433669447 1
1433874324 1
1434037466 -1
1434086953 1
1434226144 1
1434302887 1
1434590259 1
1434890744 1
1434929094 -1
1435070784 1
1435087803 1
1435124576 1
1435152725 1
1435171641 -1
1435284186 -1
1435293341 -1
1435313311 1
1435368867 1
1435379035 -1
1435447810 1
1435553727 1
1435677271 1
1435689593 1
1435738980 -1
1436263995 1
1436389654 1
1436416721 1
1436550635 1
1436654796 1
1436743481 -1
1436788353 1
1436890500 -1
1436890882 1
1436914874 1
1437031798 1
1437036921 -1
1437054560 1
1437096075 1
1437099959 -1
1437154450 -1
1437325784 -1
1437333120 -1
1437354471 -1
1437372238 1
1437478580 -1
1437537802 -1
1437565258 1
1437579010 -1
1437723322 -1
1437752883 1
1437766577 1
1437850841 1
1437908673 1
1437973196 1
1437980666 1
1437999840 1
1438045463 1
1438071863 -1
1438086896 -1
1438097017 -1
1438207897 1
1438419691 -1
1438526301 -1
1438724987 1
1438799345 -1
1438810981 1
1438847196 1
1438966996 -1
1439148127 1
1439204394 1
1439271312 -1
1439379228 1
1439429369 -1
1439550636 -1
1439681608 1
1439775230 -1
1439787447 -1
1439975736 -1
1439985125 1
1440026237 -1
1440054815 1
1440126338 1
1440134027 -1
1440146290 -1
1440257365 -1
1440272945 -1
1440281905 -1
1440524290 -1
1440552050 1
1440612122 1
1440691353 -1
1440729356 -1
1440818421 1
1440852454 -1
1440885550 -1
1440900787 -1
1440914223 1
1441080971 1
1441144995 1
1441294898 -1
1441413807 1
1441452108 -1
1441505849 1
1441682584 -1
1441704186 -1
1441715299 -1
1441823250 1
1442028810 -1
1442041390 1
1442062355 -1
1442082851 -1
1442192600 1
1442285498 -1
1442287855 -1
1442356354 -1
1442360400 -1
1442487303 1
1442585318 -1
1442669408 -1
1442785349 -1
1442945559 -1
1442949019 -1
1443082630 -1
1443103113 -1
1443120447 1
1443133106 -1
1443165661 -1
1443271536 -1
1443274527 1
1443379373 1
1443464226 1
1443495107 1
1443561581 1
1443727014 1
1443731220 1
1443756861 1
1443876674 1
1444053000 -1
1444251063 -1
1444299326 1
1444314400 1
1444320181 1
1444365498 1
1444467465 1
1444487837 1
1444533870 -1
1444708086 -1
1444812481 -1
1444903820 -1
1444955138 1
1444975563 1
1444985145 -1
1445142679 -1
1445175454 1
1445225238 1
1445343737 1
1445380403 1
1445396944 -1
1445596641 1
1445860348 -1
1445884019 1
1445946776 1
1445974298 1
1446019644 -1
1446024434 1
1446238904 -1
1446243821 1
1446539673 1
1446657211 1
1446678745 1
1446906467 1
1447127202 1
1447136048 1
1447243435 -1
1447278008 1
1447300748 -1
1447328458 -1
1447342258 -1
1447386294 1
1447395605 1
1447404626 -1
1447474122 -1
1447640293 1
1447751852 -1
1447900659 -1
1448122774 1
1448178762 -1
1448258163 1
1448290276 1
1448297038 -1
1448520293 1
1448544962 -1
1448739444 1
1448845176 1
1448922918 -1
1448978964 -1
1448997248 1
1449344724 1
1449456114 1
1449504797 1
1449522519 -1
1449669788 -1
1449708323 1
1449802481 -1
1449913516 1
1449976946 1
1450037541 -1
1450181840 -1
1450213868 1
1450248275 1
1450323406 1
1450394318 1
1450536520 -1
1450633324 1
1450652584 -1
1450730913 1
1450785413 -1
1450835612 1
1450860147 -1
1450889163 1
1451198498 -1
1451235822 1
1451258732 1
1451369675 -1
1451385152 -1
1451419482 1
1451454321 1
1451533836 -1
1451616920 -1
1451913832 1
1452027804 1
1452059855 1
1452084055 -1
1452180477 -1
1452198136 1
1452387509 -1
1452394039 -1
1452409543 1
1452416797 1
1452509555 -1
1452539249 1
1452569293 -1
1452628458 1
1452756629 1
1452769073 1
1452883126 -1
1453023855 1
1453039504 1
1453050801 1
1453070454 1
1453093404 -1
1453261457 1
1453280056 -1
1453498378 -1
1453531438 1
1453640718 1
1453860713 -1
1453923878 1
1454106995 -1
1454189464 1
1454224134 -1
1454327281 -1
1454330986 -1
1454365052 -1
1454626279 1
1454930733 -1
1454936872 1
1455009896 1
1455013293 1
1455018091 1
1455091764 -1
1455146555 1
1455228723 1
1455254515 1
1455327005 -1
1455358800 1
1455567209 -1
1455584812 -1
1455646473 1
1455650678 1
1455749569 1
1455756299 1
1455781779 -1
1455924531 1
1455943701 -1
1456126539 1
1456195750 -1
1456243694 1
1456270645 1
1456278531 1
1456445803 1
1456503333 1
1456617092 1
1456713886 1
1456758865 -1
1456827848 -1
1456831020 1
1456832575 1
1456851812 1
1456857039 1
1456905062 1
1457074003 1
1457196280 -1
1457229069 1
1457364967 1
1457684634 1
1457729754 -1
1457767197 -1
1457844292 1
1457863232 1
1458042835 -1
1458101872 -1
1458173839 -1
1458327785 1
1458332787 1
1458384157 -1
1458438836 1
1458465053 1
1458534186 -1
1458563266 -1
1458611419 1
1458662248 -1
1458680746 1
1458711336 1
1458767051 -1
1458790814 -1
1458813140 1
1458886022 -1
1458892953 -1
1458924400 -1
1458948793 1
1458965500 1
1459003663 -1
1459010986 1
1459022548 -1
1459057883 1
1459068874 1
1459144956 -1
1459179950 1
1459205220 1
1459214499 1
1459274140 -1
1459292525 -1
1459312990 -1
1459344313 1
1459360450 -1
1459544829 1
1459605277 1
1459615168 -1
1459624183 -1
1459651119 -1
1459824477 -1
1459970579 1
1460096441 1
1460189193 1
1460293422 1
1460294704 1
1460296126 1
1460427102 1
1460455779 -1
1460480093 1
1460494340 -1
1460571857 1
1460574292 1
1460631183 -1
1460731896 -1
1460811747 1
1460874197 1
1460966034 1
1461043905 1
1461120863 -1
1461130277 -1
1461239088 -1
1461239551 -1
1461252996 -1
1461261059 -1
1461293078 1
1461426976 1
1461511076 -1
1461516487 -1
1461535856 1
1461639034 -1
1461672057 1
1461753262 -1
1461763182 1
1461777831 1
1461920325 1
1462001635 -1
1462012782 -1
1462019616 1
1462083988 1
1462098118 -1
1462147225 1
1462284110 -1
1462340354 1
1462381353 1
1462456170 1
1462746489 -1
1462794376 -1
1462803827 1
1462843883 -1
1462886318 1
1462923823 1
1462947049 1
1463137934 1
1463179306 1
1463214610 -1
1463350127 -1
1463356526 -1
1463417919 1
1463500706 -1
1463540172 1
1463592722 1
1463604926 -1
1463667329 1
1463735976 -1
1463755422 -1
1463785592 1
1463785841 1
1463834770 -1
1464074985 1
1464085097 1
1464401822 1
1464462990 1
1464477987 1
1464541889 -1
1464611000 -1
1464643904 1
1464671071 1
1464994845 1
1465040510 -1
1465132593 1
1465138739 1
1465357265 -1
1465363182 1
1465523515 1
1465611395 1
1465709206 -1
1465792123 -1
1465878778 1
1465972395 -1
1466058332 1
1466113026 -1
1466158442 1
1466321253 -1
1466371050 1
1466434761 1
1466463852 1
1466478089 1
1466729092 1
1466838255 -1
1466853669 1
1467048056 1
1467571908 -1
1467685138 1
1467722073 1
1467781562 -1
1467888738 1
1468028143 -1
1468063753 1
1468068385 -1
1468165692 -1
1468203485 -1
1468383027 -1
1468418765 -1
1468449190 1
1468846838 1
1468868893 1
1468965584 1
1468983800 1
1468989636 1
1469072257 -1
1469209734 1
1469223914 1
1469332198 -1
1469360992 1
1469394715 -1
1469480152 1
1469520591 -1
1469596329 1
1469653784 -1
1469745410 1
1469759974 1
1469886593 1
1469941323 -1
1470082971 1
1470157132 -1
1470268260 1
1470393099 -1
1470417933 -1
1470515525 -1
1470564282 -1
1470568520 -1
1470690165 -1
1470713113 1
1470819284 -1
1470919256 -1
1470937624 -1
1471061584 -1
1471121264 1
1471158471 -1
1471446262 -1
1471614813 -1
1472085332 1
1472123366 1
1472246373 1
1472311364 -1
1472643098 1
1472756257 1
1472846583 -1
1472863083 1
1472926447 -1
1472957352 1
1473131489 -1
1473205710 1
1473275206 -1
1473288394 -1
1473337857 -1
1473436153 -1
1473453036 1
1473493267 1
1473552138 -1
1473657571 -1
1473764518 -1
1473773592 1
1473851371 1
1474087205 -1
1474165021 -1
1474181546 -1
1474195717 -1
1474220414 1
1474244723 1
1474531989 -1
1474606328 1
1474661881 -1
1474675409 -1
1474694112 1
1474861128 1
1474861438 1
1474920501 -1
1474946509 1
1474984619 1
1475058927 -1
1475260840 1
1475311014 -1
1475625355 1
1475692232 1
1475706069 1
1475798247 -1
1475847924 -1
1475886313 1
1475889004 1
1475962522 1
1476029858 1
1476144246 1
1476159283 -1
1476172458 -1
1476191230 1
1476274109 -1
1476316834 1
1476324307 1
1476421127 -1
1476447610 1
1476536459 -1
1476610812 1
1476695495 1
1476914871 -1
1476957367 1
1477162485 1
1477165423 -1
1477184229 -1
1477278339 -1
1477298172 -1
1477298927 1
1477305532 -1
1477312526 1
1477342139 1
1477349893 1
1477851795 1
1478086328 1
1478183561 -1
1478340315 1
1478363043 1
1478419875 1
1478451366 1
1478511721 -1
1478564619 1
1479031104 -1
1479209702 1
1479210638 1
1479292348 -1
1479301740 -1
1479307324 1
1479500112 -1
1479548524 -1
1479578562 1
1479878048 1
1479949327 1
1480049117 -1
1480147156 -1
1480201213 -1
1480398145 1
1480498288 1
1480575013 1
1480730185 1
1480869571 -1
1480916863 -1
1480958552 1
1480984846 1
1481068866 1
1481081923 -1
1481135576 -1
1481279818 -1
1481316311 -1
1481326990 1
1481540741 -1
1481560970 -1
1481604130 1
1481668191 -1
1481841282 1
1481908382 -1
1481917281 -1
1481946805 1
1481953496 1
1481976276 1
1482187772 -1
1482194218 -1
1482224004 1
1482283178 1
1482344709 1
1482473815 1
1482531808 -1
1482603489 1
1482623751 -1
1482640713 -1
1482721605 1
1482822166 1
1482858292 1
1482981345 1
1483085817 1
1483155264 -1
1483180092 1
1483219786 1
1483341272 1
1483494764 -1
1483534527 1
1483680377 -1
1483745327 -1
1483759862 -1
1483938413 -1
1484042710 -1
1484196230 -1
1484227079 1
1484498233 -1
1484678654 -1
1484850551 1
1485078101 -1
1485104256 1
1485275702 -1
1485335720 1
1485350579 1
1485544109 -1
1485578655 -1
1485636345 1
1485644243 -1
1485673948 1
1485829971 1
1485842139 1
1486066637 -1
1486207612 -1
1486322487 -1
1486338388 -1
1486416229 -1
1486490681 1
1486521679 1
1486558834 -1
1486705660 -1
1486717163 1
1486729522 1
1486851674 1
1486924109 -1
1487104397 1
1487333536 -1
1487340374 -1
1487412254 -1
1487426073 1
1487519910 -1
1487643916 1
1487689540 1
1487694934 -1
1487809359 1
1487871483 1
1488288732 1
1488306714 -1
1488342450 1
1488361755 1
1488375610 1
1488443867 -1
1488452535 1
1488472474 -1
1488731422 1
1488783188 1
1488844747 -1
1488862685 1
1489082952 1
1489280635 1
1489302127 1
1489349044 -1
1489492796 1
1489503376 1
1489586776 -1
1489631074 1
1489721825 1
1489786078 1
1489938336 1
1489944818 1
1490115592 -1
1490118529 1
1490201259 1
1490540880 1
1490545189 1
1490608907 -1
1490633754 -1
1490889720 1
1491137711 1
1491184187 -1
1491344438 -1
1491505713 1
1491517528 1
1491551571 1
1491574105 -1
1491869945 -1
1492044767 1
1492136863 1
1492274556 1
1492308925 1
1492370129 -1
1492474964 -1
1492479812 -1
1492562800 1
1492565968 1
1492619289 -1
1492777537 1
1492779193 1
1492790969 -1
1492816773 1
1492874760 1
1492914591 1
1492935132 1
1492963147 -1
1493123960 -1
1493182391 -1
1493284907 1
1493316025 1
1493394872 -1
1493479908 -1
1493508385 -1
1493680688 1
1493775867 -1
1493780515 1
1493953832 1
1493971270 -1
1493981080 -1
1494120096 -1
1494176238 1
1494190695 1
1494195771 1
1494220564 1
1494278486 -1
1494311805 -1
1494598355 -1
1494613002 1
1494725196 1
1495114668 1
1495183800 1
1495186510 -1
1495209364 -1
1495226920 1
1495443683 1
1495516987 1
1495547915 -1
1495834933 1
1495841560 -1
1495889032 -1
1495954268 1
1495982800 1
1496032149 -1
1496033010 -1
1496083702 -1
1496122864 1
1496240715 1
1496301410 -1
1496460531 1
1496543864 -1
1496609194 -1
1496626834 1
1496808908 -1
1497172525 -1
1497196353 -1
1497253950 1
1497327052 1
1497454702 1
1497503369 1
1497613282 -1
1497638032 1
1497654554 -1
1497697780 -1
1497702825 1
1497910974 1
1497927339 -1
1498073259 -1
1498085482 1
1498128766 1
1498144219 1
1498206354 -1
1498273655 1
1498337920 1
1498381517 -1
1498404517 -1
1498476734 1
1498530022 1
1498665195 1
1498791242 -1
1498853500 1
1498871763 1
1498925432 1
1498964987 -1
1498980654 1
1499000244 1
1499009044 1
1499051394 1
1499072804 -1
1499075814 -1
1499127136 1
1499220958 -1
1499322387 -1
1499581102 -1
1499591023 -1
1499755593 1
1499818958 -1
1499899908 1
1500069961 1
1500145230 1
1500169346 -1
1500214143 -1
1500239574 1
1500250118 1
1500255205 -1
1500608842 1
1500780412 -1
1500813686 1
1500828872 1
1500910988 1
1500950247 -1
1501002112 1
1501178009 1
1501204613 1
1501205356 1
1501500055 -1
1501504512 -1
1501512632 -1
1501539668 -1
1501593814 -1
1501659028 1
1501725671 -1
1501738350 1
1501778120 1
1501900596 1
1502001903 -1
1502013845 -1
1502269559 1
1502309950 1
1502536237 1
1502701503 -1
1502733058 -1
1502784584 1
1502802298 1
1502899724 -1
1502982677 -1
1503142404 -1
1503207286 1
1503222776 -1
1503235885 -1
1503278111 -1
1503347231 -1
1503392260 -1
1503460414 1
1503526487 1
1503629179 1
1503629680 1
1503723402 1
1503825729 1
1504050615 -1
1504050736 1
1504176399 -1
1504193101 1
1504198722 1
1504275862 -1
1504324476 1
1504341695 1
1504427045 -1
1504661605 -1
1504672621 -1
1504720584 1
1504782283 1
1504858472 1
1505206975 1
1505291631 -1
1505327092 1
1505860873 1
1505880588 1
1505963513 1
1506072411 -1
1506096742 1
1506112105 1
1506336458 -1
1506554529 1
1506654618 1
1506686826 1
1506738811 1
1506751611 1
1506785216 1
1506840955 -1
1506856217 1
1506880045 1
1507008051 1
1507228789 -1
1507241459 1
1507289364 -1
1507333789 -1
1507421186 -1
1507632258 1
1507672843 1
1507858346 -1
1507973741 -1
1508053608 -1
1508056022 1
1508115158 -1
1508247430 -1
1508364783 -1
1508497762 -1
1508518172 1
1508548785 1
1508591094 1
1508618865 -1
1508642696 1
1508702511 1
1508903774 1
1508919135 1
1508981950 -1
1509067075 1
1509135687 -1
1509303864 1
1509310225 -1
1509424586 1
1509428820 1
1509433926 -1
1509544401 1
1509557471 1
1509667487 1
1509693420 1
1509755444 1
1509956842 -1
1510045896 1
1510164643 -1
1510287069 -1
1510377787 -1
1510444418 1
1510544487 -1
1510585010 -1
1510660384 -1
1510684241 1
1510747973 -1
1510815887 1
1511015981 1
1511075177 1
1511138119 1
1511357845 1
1511425707 -1
1511490240 1
1511500951 1
1511550566 1
1511564985 -1
1511798731 -1
1511828471 1
1511968284 1
1512097739 1
1512209004 1
1512219984 1
1512293219 1
1512322142 -1
1512326988 -1
1512330299 -1
1512333841 -1
1512336994 1
1512353706 1
1512371884 1
1512576542 -1
1512607438 1
1512654945 -1
1512660615 -1
1512664560 1
1512758970 1
1512813525 -1
1512830575 -1
1512858092 1
1512888084 1
1512895114 1
1512986698 1
1513044461 1
1513251954 1
1513419333 1
1513536006 1
1513552406 -1
1513786277 -1
1513796355 -1
1513802924 1
1513894563 1
1513904258 1
1513905582 1
1513910292 1
1513963589 -1
1514077276 -1
1514127562 -1
1514153538 1
1514236270 -1
1514241543 1
1514686038 1
1514708976 -1
1514719841 -1
1514722638 -1
1514803254 1
1514914599 1
1515128136 -1
1515150415 -1
1515167629 1
1515339703 1
1515347459 1
1515444200 1
1515555173 1
1515608224 -1
1515648369 -1
1515913497 -1
1515939473 1
1515948924 1
1516004680 -1
1516019641 1
1516026598 -1
1516073940 1
1516147107 1
1516228160 1
1516351283 1
1516476874 1
1516518964 -1
1516543659 1
1516673504 -1
1516676157 -1
1516695607 -1
1516830742 -1
1516839910 1
1516887050 -1
1516924999 -1
1516983759 1
1517059125 -1
1517061085 -1
1517093165 1
1517122223 1
1517180002 -1
1517193242 -1
1517318501 1
1517520391 1
1517597355 -1
1517664331 1
1517701915 -1
1517795619 -1
1517845678 -1
1517859785 1
1517973102 -1
1517982001 -1
1518333258 -1
1518336618 1
1518374050 1
1518377659 1
1518386823 1
1518442596 -1
1518500368 -1
1518528327 1
1518591195 1
1518617244 -1
1518813183 -1
1518843072 -1
1518895395 1
1519177997 -1
1519204067 -1
1519232814 -1
1519262428 -1
1519274343 1
1519285603 1
1519298067 1
1519372090 -1
1519375741 1
1519385551 -1
1519510940 -1
1519526427 -1
1519546036 1
1519682964 1
1519754424 -1
1519892892 -1
1519909506 -1
1519939212 -1
1520037780 -1
1520075741 1
1520088106 1
1520227840 1
1520264690 -1
1520658653 -1
1520811725 -1
1521042242 -1
1521102455 1
1521121017 -1
1521172075 -1
1521262074 1
1521415515 -1
1521420586 1
1521462307 1
1521471851 1
1521488676 -1
1521520887 1
1521524550 1
1521534798 -1
1521833475 -1
1521941061 1
1521942189 1
1521969436 -1
1521980453 1
1522116694 -1
1522145619 -1
1522203954 -1
1522234360 1
1522573295 -1
1522578098 -1
1522670266 -1
1522685148 -1
1522765555 1
1522972304 -1
1523128899 -1
1523163882 1
1523257153 -1
1523375886 -1
1523377835 -1
1523391459 -1
1523552372 1
1523617027 -1
1523798351 1
1523860316 -1
1523930793 -1
1523941306 1
1524031992 1
1524104116 -1
1524162685 -1
1524168753 1
1524173579 1
1524198367 1
1524402795 1
1524537588 -1
1524598927 -1
1524713310 1
1524892073 -1
1524902088 1
1524992912 1
1525088418 1
1525107082 1
1525116801 1
1525187416 1
1525194797 -1
1525197047 1
1525208744 1
1525299160 -1
1525325162 -1
1525359457 1
1525387396 1
1525413980 -1
1525574402 -1
1526063705 1
1526225270 1
1526229216 1
1526376243 -1
1526424630 1
1526596558 -1
1526601659 -1
1526780948 1
1526796747 1
1526858706 -1
1527010586 -1
1527210964 -1
1527401570 1
1527409130 1
1527426026 -1
1527551996 1
1527558526 1
1527609026 1
1527617925 -1
1527644091 -1
1527789269 1
1527841615 -1
1527863249 1
1527985813 1
1528014706 -1
1528035195 -1
1528225524 1
1528296946 1
1528509362 -1
1528659934 -1
1528665333 -1
1528667936 -1
1528745927 -1
1528958660 1
1528966798 1
1528982104 1
1529016078 1
1529061188 -1
1529132700 -1
1529198806 -1
1529207048 1
1529282712 -1
1529352418 1
1529414339 -1
1529420568 -1
1529482018 1
1529589702 -1
1529697625 -1
1529732162 1
1529741943 1
1530126572 1
1530216884 -1
1530316943 -1
1530376179 1
1530384646 -1
1530416725 1
1530471142 -1
1530510160 1
1530535395 -1
1530593100 -1
1530611426 -1
1530752281 -1
1530772113 1
1530787315 1
1530826044 1
1530839749 -1
1530846295 -1
1530892435 1
1531132369 1
1531266667 -1
1531276640 1
1531305172 1
1531307414 1
1531352667 -1
1531366251 -1
1531390752 -1
1531407385 -1
1531428797 -1
1531577994 1
1531623857 -1
1531655640 -1
1531724946 1
1532220876 -1
1532311844 1
1532462767 1
1532523216 -1
1532622465 1
1532727389 -1
1532826088 -1
1532839434 1
1532907704 -1
1533043865 -1
1533198351 -1
1533235272 1
1533253113 1
1533514075 -1
1533551437 -1
1533769292 1
1533786078 1
1533795647 1
1533853296 -1
1533861378 -1
1533910789 1
1533996455 -1
1534033879 1
1534213106 -1
1534239162 1
1534264298 1
1534716499 -1
1534753671 -1
1534873749 -1
1535015626 -1
1535073324 1
1535281958 1
1535382076 -1
1535392507 -1
1535441335 1
1535746272 -1
1535794111 -1
1536015798 1
1536031522 -1
1536124727 1
1536255562 1
1536328674 -1
1536338199 1
1536444852 -1
1536741983 1
1536784725 1
1536839529 -1
1536896748 1
1536960806 -1
1536965876 -1
1537074665 -1
1537194245 -1
1537196286 1
1537341483 -1
1537366106 -1
1537390654 1
1537648914 1
1537754978 -1
1537847180 -1
1538028196 1
1538044736 1
1538047507 1
1538106104 -1
1538135449 -1
1538380331 -1
1538506351 -1
1538546118 -1
1538553340 1
1538604367 -1
1538700011 -1
1538806865 -1
1538815260 1
1538885889 -1
1538954522 1
1539050752 -1
1539059416 -1
1539165532 -1
1539179888 -1
1539185385 -1
1539208141 1
1539221015 1
1539315679 -1
1539362633 1
1539492184 -1
1539587264 -1
1539648567 -1
1539715183 -1
1539821096 1
1539845840 -1
1539851362 1
1539856484 -1
1539892817 -1
1539976301 -1
1540110151 1
1540124075 1
1540339758 -1
1540657589 1
1540760616 -1
1540771729 1
1540947939 1
1540956353 1
1541034042 1
1541048989 -1
1541066956 1
1541088454 1
1541095178 -1
1541116923 -1
1541118550 1
1541129110 -1
1541151705 -1
1541342241 -1
1541396748 1
1541432387 1
1541440748 1
1541467706 1
1541653112 -1
1541722267 1
1541766280 -1
1541766970 -1
1541783737 -1
1541903393 -1
1541975902 -1
1542310554 -1
1542388575 1
1542434885 -1
1542460661 -1
1542477825 1
1542569202 -1
1542690480 -1
1542819925 -1
1542883179 -1
1542912390 -1
1542966558 -1
1542996929 1
1543078714 -1
1543224167 -1
1543239704 -1
1543757643 -1
1543844063 -1
1543931939 -1
1543993776 -1
1544071593 1
1544144075 -1
1544247168 -1
1544283594 -1
1544442994 1
1544493502 -1
1544538513 -1
1544600183 1
1544823909 1
1544914956 -1
1545054884 -1
1545258752 1
1545326050 -1
1545390087 1
1545429524 -1
1545602979 1
1545736853 1
1545792054 1
1545809316 -1
1545881020 1
1545910459 -1
1545911490 1
1545934606 1
1545953738 -1
1546326936 -1
1546422439 -1
1546620394 1
1546631587 -1
1546672572 1
1546756368 -1
1546762672 -1
1546892667 -1
1546926758 1
1546967222 -1
1547044138 1
1547136671 -1
1547215970 1
1547248758 -1
1547257164 -1
1547287563 1
1547364791 1
1547407290 -1
1547413894 -1
1547470094 1
1547633670 1
1547694429 1
1547748582 -1
1547859341 -1
1547867720 -1
1547918913 -1
1547926255 -1
1547943361 1
1548071897 -1
1548185180 -1
1548205815 -1
1548315114 -1
1548335794 -1
1548417227 1
1548457709 -1
1548462304 -1
1548464384 -1
1548570258 1
1548660762 -1
1548663922 1
1548674489 1
1548729156 -1
1548774217 -1
1548790485 -1
1548838103 -1
1548902983 1
1549033129 -1
1549080587 1
1549138587 1
1549182632 -1
1549215072 -1
1549368420 -1
1549394640 1
1549396589 1
1549416462 -1
1549517894 -1
1549654703 1
1549701398 1
1549705996 1
1549779332 -1
1549839539 1
1549930501 1
1550046081 1
1550079991 1
1550099677 1
1550165102 -1
1550199025 1
1550270555 -1
1550326468 1
1550411145 -1
1550541701 -1
1550544110 -1
1550602268 1
1550697739 -1
1551011436 1
1551142058 1
1551208917 -1
1551438169 -1
1551487413 1
1551558301 -1
1551615427 -1
1551736900 -1
1551807308 -1
1551880396 -1
1551961780 -1
1552090198 -1
1552126453 -1
1552130327 -1
1552139754 -1
1552250960 -1
1552280677 1
1552291796 1
1552363819 -1
1552370590 -1
1552371783 -1
1552557567 1
1552635454 -1
1552657395 -1
1552659275 -1
1552674509 1
1552690080 1
1553034425 -1
1553296643 -1
1553298385 -1
1553350655 -1
1553365751 1
1553429799 -1
1553548263 -1
1553592358 1
1553609688 1
1553668124 -1
1553684558 1
1553778085 -1
1553839436 -1
1553986978 1
1554008015 -1
1554063420 -1
1554078678 -1
1554101841 -1
1554227146 -1
1554252708 1
1554314192 -1
1554327453 1
1554366331 -1
1554446242 1
1554535519 1
1554770150 -1
1554864037 1
1554996514 -1
1555052242 1
1555115554 -1
1555176266 1
1555187236 1
1555289706 -1
1555298004 -1
1555357303 -1
1555372433 -1
1555412894 -1
1555424821 -1
1555495869 -1
1555561322 -1
1555561872 -1
1555580726 1
1555618797 -1
1555621390 -1
1555640461 -1
1555677268 -1
1555702629 1
1555716326 1
1555735968 1
1555831267 1
1555909483 -1
1555973201 1
1555989211 1
1556121762 1
1556125614 -1
1556174973 1
1556213605 1
1556213778 -1
1556236911 1
1556311992 -1
1556366063 1
1556426870 -1
1556454756 1
1556555923 -1
1556629556 1
1556687205 1
1556733318 -1
1556746902 -1
1556747536 -1
1556849865 -1
1556914131 1
1556962432 -1
1556971378 -1
1556975102 -1
1557006387 -1
1557008485 -1
1557090944 -1
1557135057 -1
1557256911 -1
1557573348 1
1557579447 1
1557752497 -1
1557769006 -1
1557770164 -1
1557780781 -1
1557840517 1
1557868375 -1
1557905304 1
1557932963 1
1557934855 1
1558019486 1
1558161028 -1
1558174826 -1
1558244579 1
1558300711 -1
1558310640 -1
1558541200 1
1558623958 1
1558632491 -1
1558736255 -1
1558742363 1
1558747523 1
1558852502 -1
1559059351 1
1559106152 -1
1559206523 1
1559359139 -1
1559505579 -1
1559532311 1
1559584519 1
1559724043 1
1559727279 1
1559766327 -1
1559775763 -1
1559897276 -1
1560050465 1
1560129689 -1
1560170822 -1
1560286828 -1
1560307752 -1
1560315725 1
1560371141 -1
1560452840 1
1560567337 -1
1560586321 1
1560587678 1
1560909558 -1
1561000970 1
1561140378 -1
1561232597 -1
1561298947 -1
1561344848 -1
1561384750 1
1561392003 1
1561393832 -1
1561469320 -1
1561597570 -1
1561605614 1
1561781979 1
1561868952 -1
1561887693 -1
1561910235 1
1561961184 -1
1561992225 -1
1562046146 -1
1562066442 1
1562153875 -1
1562247494 1
1562274982 -1
1562300168 1
1562528627 1
1562531348 -1
1562588385 -1
1562618404 -1
1562681902 -1
1562809047 -1
1562916167 -1
1562992458 1
1563130079 1
1563169217 -1
1563233119 1
1563238106 1
1563311138 -1
1563378505 1
1563395339 -1
1563545027 -1
1563576095 -1
1563586175 1
1563605519 -1
1563809750 -1
1563852233 -1
1563858595 -1
1563873084 -1
1564043387 1
1564466977 1
1564471290 -1
1564490059 1
1564506873 -1
1564624989 -1
1564633956 -1
1564769808 -1
1564875062 -1
1564925773 -1
1564948287 1
1565100803 1
1565119475 1
1565148354 -1
1565149923 -1
1565248344 1
1565432684 -1
1565441046 -1
1565558249 -1
1565705109 -1
1565721005 -1
1565758514 1
1565909124 1
1566289873 -1
1566415712 -1
1566446275 1
1566493310 -1
1566545783 1
1566595506 -1
1566753600 -1
1566800539 1
1566808216 1
1566905777 -1
1566984910 -1
1567036349 -1
1567118489 -1
1567164332 -1
1567215642 -1
1567354654 1
1567645510 -1
1567698753 -1
1567896786 -1
1568134351 1
1568243795 -1
1568417893 -1
1568472039 -1
1568603025 -1
1568662091 -1
1568675146 1
1568709089 -1
1568823305 1
1568913476 -1
1569019093 -1
1569173943 -1
1569187451 -1
1569238407 1
1569271154 -1
1569300633 -1
1569321902 1
1569366408 -1
1569386399 -1
1569417773 -1
1569536566 -1
1569743864 1
1569834253 -1
1569834802 -1
1570045496 -1
1570048771 1
1570220828 -1
1570247009 1
1570375378 1
1570430348 -1
1570459790 -1
1570476628 -1
1570517058 1
1570673225 1
1570719397 -1
1570930794 -1
1571074583 1
1571085724 1
1571261175 -1
1571263800 -1
1571306221 1
1571330731 1
1571527842 -1
1571659703 -1
1571669261 1
1571669965 -1
1571690999 -1
1571693177 -1
1572062668 1
1572071394 -1
1572103666 1
1572162620 1
1572170276 -1
1572190991 1
1572232744 -1
1572233779 -1
1572426636 -1
1572438440 1
1572450278 -1
1572808751 1
1572816144 1
1572851101 -1
1572891392 -1
1573012149 1
1573159928 -1
1573163552 -1
1573197870 1
1573352317 -1
1573398538 -1
1573432915 -1
1573679187 -1
1573686151 -1
1573752832 1
1573786582 -1
1573830552 -1
1573869184 1
1573987018 1
1574097295 -1
1574152189 1
1574192005 1
1574211758 -1
1574349787 -1
1574524103 1
1574530868 1
1574554397 1
1574567252 -1
1574636268 1
1574896230 1
1575092436 -1
1575113986 -1
1575223555 -1
1575286807 -1
1575292572 -1
1575310867 -1
1575448493 1
1575527216 -1
1575586133 -1
1575612984 1
1575696435 -1
1575775611 -1
1576066809 -1
1576083705 -1
1576210141 -1
1576236690 1
1576240153 1
1576281260 1
1576351006 -1
1576355381 -1
1576362381 -1
1576395843 -1
1576455242 1
1576467402 -1
1576656803 1
1576745969 1
1576950064 1
1576959787 1
1577220532 -1
1577252888 1
1577447140 1
1577456019 1
1577551228 -1
1577557356 -1
1577569906 1
1577573748 1
1577715691 -1
1577724414 -1
1577792024 -1
1577843743 1
1578027371 -1
1578087408 -1
1578104831 1
1578255897 1
1578274347 1
1578439560 -1
1578544222 1
1578569283 -1
1578641484 -1
1578644658 1
1578663185 -1
1578743073 -1
1578827482 1
1579146371 -1
1579168461 -1
1579218342 -1
1579275496 -1
1579309456 1
1579354044 1
1579408871 -1
1579443020 1
1579567479 -1
1579590555 1
1579679387 -1
1579712927 1
1579743517 1
1579829584 -1
1579908414 1
1579909450 -1
1580050096 -1
1580057670 1
1580059831 -1
1580207623 -1
1580227769 -1
1580466025 -1
1580467275 -1
1580522445 1
1580531615 1
1580574373 1
1580577514 -1
1580621574 -1
1580655743 1
1580811442 -1
1580838426 1
1580862210 -1
1580912730 1
1580920806 1
1581226790 -1
1581246284 -1
1581307978 -1
1581322998 1
1581406307 -1
1581453295 1
1581459604 1
1581683643 -1
1581731623 1
1581796329 1
1581911184 1
1581926573 1
1582216007 -1
1582313624 -1
1582436833 1
1582441806 1
1582467827 -1
1582483329 1
1582529671 -1
1582578361 -1
1582706049 1
1582748724 -1
1582986643 -1
1583037183 -1
1583112682 1
1583196413 1
1583205206 1
1583282224 -1
1583668034 -1
1583689139 -1
1583798419 -1
1583958020 -1
1584065541 -1
1584219857 -1
1584220246 -1
1584322646 -1
1584351652 -1
1584384893 -1
1584478264 -1
1584513049 -1
1584559084 1
1584576635 -1
1584591629 1
1584652919 -1
1584773920 -1
1584774050 -1
1584922906 -1
1584931937 1
1585021537 -1
1585024759 -1
1585097751 -1
1585143560 -1
1585193973 1
1585269709 -1
1585309068 -1
1585317828 -1
1585592696 -1
1585822101 -1
1585920216 -1
1585960832 -1
1586201810 1
1586397628 -1
1586399609 -1
1586458914 -1
1586593503 1
1586600406 1
1586650752 -1
1586799357 -1
1586933432 -1
1587121464 1
1587144106 1
1587417109 -1
1587463928 -1
1587471781 -1
1587476078 1
1587497926 -1
1587735211 -1
1587739415 -1
1587747211 1
1587902298 1
1587949922 -1
1588001061 -1
1588015925 -1
1588119118 -1
1588127472 -1
1588149927 1
1588338604 -1
1588357365 -1
1588451017 1
1588472427 1
1588530745 -1
1588580955 1
1588696715 1
1588747266 1
1588784579 -1
1588825833 1
1588931653 -1
1588970630 -1
1588994725 1
1589067315 1
1589090351 1
1589123042 1
1589207072 -1
1589314449 1
1589340354 1
1589522712 1
1589537049 1
1589596937 -1
1589611393 -1
1589711614 -1
1589931448 -1
1590040642 1
1590086124 -1
1590202461 -1
1590254237 -1
1590267861 -1
1590289776 -1
1590314251 1
1590409836 -1
1590588197 1
1590652619 -1
1590679866 -1
1590707877 1
1590919054 -1
1590950109 -1
1591136037 1
1591376877 1
1591396310 1
1591415012 1
1591568137 1
1591686090 1
1591705405 1
1591900192 -1
1592360716 -1
1592617763 1
1592728160 1
1592771297 -1
1592970233 -1
1593007401 1
1593008761 1
1593021955 -1
1593115049 -1
1593168807 1
1593259177 -1
1593325119 -1
1593351748 1
1593542029 1
1593557894 1
1593586625 1
1593707999 1
1593723381 1
1593723951 1
1593865391 1
1593882297 -1
1593901160 -1
1594107732 1
1594129393 1
1594319526 -1
1594322473 -1
1594340349 -1
1594345228 1
1594429697 -1
1594490237 1
1594555028 -1
1594571223 -1
1594681857 -1
1594733988 -1
1594855411 -1
1594938478 -1
1595022208 -1
1595218932 -1
1595450749 -1
1595487348 1
1595722878 -1
1595777215 1
1595813864 -1
1595845634 1
1596027063 1
1596043057 -1
1596050181 -1
1596072019 -1
1596086990 -1
1596087063 -1
1596104417 1
1596318121 1
1596358453 -1
1596375110 1
1596553742 1
1596697911 1
1596742969 -1
1596763374 -1
1596774732 1
1596996262 -1
1596999635 -1
1597153378 1
1597200197 -1
1597227265 1
1597236580 -1
1597481343 1
1597649275 1
1597899617 1
1598096605 -1
1598396203 1
1598472220 -1
1598484181 -1
1598516577 1
1598650292 1
1598703860 -1
1598730767 -1
1598795687 -1
1598892060 -1
1598908224 1
1598987682 1
1599096952 1
1599174904 -1
1599199205 -1
1599321736 -1
1599351458 1
1599360089 1
1599589417 -1
1599618891 -1
1599780496 1
1599786428 1
1599844485 -1
1599888471 1
1599946510 -1
1599978048 -1
1600019472 1
1600028748 1
1600044799 1
1600164037 -1
1600340433 1
1600629794 -1
1600681306 -1
1600771933 -1
1600821664 -1
1600870313 1
1600928881 -1
1600986583 1
1600992923 1
1601085254 -1
1601099469 -1
1601132817 1
1601200599 -1
1601250637 -1
1601459455 -1
1601642919 1
1601661056 1
1601681346 -1
1601713230 -1
1601790764 1
1601865533 -1
1601984944 1
1602020566 -1
1602087803 1
1602124764 -1
1602161889 -1
1602395236 -1
1603040022 -1
1603257917 -1
1603377451 -1
1603413086 1
1603564722 1
1603721358 -1
1603778407 1
1603833860 1
1603935008 -1
1604022988 1
1604047387 -1
1604071913 -1
1604418098 1
1604455202 -1
1604463213 -1
1604651015 1
1604695375 -1
1604741051 -1
1604773887 1
1604779185 1
1604800088 1
1604863579 1
1604890363 -1
1605155317 -1
1605218634 -1
1605397122 -1
1605400432 1
1605439954 -1
1605457554 -1
1605461562 1
1605584235 1
1605837350 1
1605858613 1
1605899160 -1
1606111443 -1
1606175973 1
1606245744 -1
1606265501 1
1606385528 -1
1606393956 1
1606506039 -1
1606531252 1
1606785519 -1
1606895014 1
1606916883 -1
1606969206 1
1606987877 1
1607013334 1
1607098540 1
1607210294 1
1607215250 1
1607559996 1
1607871461 -1
1607882496 -1
1608040554 1
1608133291 -1
1608145372 -1
1608394684 -1
1608406844 -1
1608438471 1
1608491423 -1
1608515770 -1
1608535748 -1
1608569643 1
1608650229 1
1608722294 1
1608733674 1
1608889031 1
1608942259 1
1609099445 -1
1609113064 1
1609222878 -1
1609287782 -1
1609620858 -1
1609639230 -1
1609775466 -1
1609819226 1
1610071987 1
1610093578 1
1610165373 -1
1610185047 -1
1610216753 1
1610373606 1
1610411413 1
1610580075 1
1610592276 -1
1610598891 -1
1610760611 1
1610762322 1
1611119996 1
1611149419 -1
1611175526 1
1611270960 -1
1611312380 1
1611516600 -1
1611587496 -1
1611664074 -1
1611704997 1
1611752359 1
1611856064 1
1612117659 1
1612234145 -1
1612274363 1
1612350041 -1
1612374837 -1
1612379840 -1
1612397068 1
1612426121 1
1612491904 -1
1612653542 1
1612737956 1
1612742112 -1
1612831892 1
1612853220 1
1613049202 -1
1613074647 1
1613085639 1
1613094338 1
1613164933 -1
1613185334 1
1613210740 1
1613217960 1
1613337579 -1
1613343159 1
1613458784 -1
1613474291 -1
1613540833 1
1613601417 -1
1613649640 1
1613699915 -1
1613710833 -1
1613822813 -1
1613980917 -1
1613987091 -1
1614038292 -1
1614207576 -1
1614330591 -1
1614397155 -1
1614557752 -1
1614614394 1
1614623011 1
1614911208 1
1614992395 1
1615012865 1
1615243015 -1
1615255627 1
1615464606 -1
1615528010 1
1615662477 -1
1615672554 1
1615800878 1
1615977660 1
1616186231 -1
1616246304 1
1616270238 1
1616324285 -1
1616336287 -1
1616350004 1
1616399427 1
1616434849 -1
1616438518 -1
1616459954 1
1616477060 -1
1616542803 -1
1616582441 1
1616657585 1
1616761397 1
1616789860 1
1616885844 -1
1616901744 1
1616911005 1
1617085066 -1
1617208889 1
1617229651 1
1617455603 1
1617569917 -1
1617647445 1
1617683593 1
1617727418 -1
1617731056 1
1617744715 1
1617831614 -1
1617838035 -1
1617856727 1
1618032043 1
1618101760 -1
1618124265 1
1618360770 -1
1618380381 -1
1618391968 -1
1618443721 -1
1618486509 -1
1618559839 1
1618635381 -1
1618690686 1
1618806313 -1
1618915349 -1
1619068860 -1
1619172302 -1
1619225649 1
1619929363 1
1620132589 1
1620164812 -1
1620165130 -1
1620255398 -1
1620338921 1
1620545821 -1
1620629738 1
1620674874 -1
1620702857 -1
1620703883 -1
1620827301 -1
1620838848 -1
1620882917 1
1620907313 1
1621033202 1
1621193734 -1
1621195804 1
1621297669 1
1621308326 1
1621349881 -1
1621475756 -1
1621478128 -1
1621507396 -1
1621510247 -1
1621539664 -1
1621599492 1
1621662659 1
1621761266 1
1621789551 1
1622112401 1
1622122433 1
1622419389 -1
1622481350 -1
1622498029 -1
1622569910 -1
1622613144 -1
1622624022 -1
1622802642 1
1622807547 1
1622908901 -1
1622924757 1
1622969323 1
1623097480 1
1623269475 1
1623328549 -1
1623766551 1
1623803127 -1
1623835455 -1
1623839112 -1
1623918505 1
1623927506 1
1623941886 -1
1623962628 1
1623997985 -1
1624024485 1
1624036270 1
1624039558 -1
1624085599 -1
1624108993 -1
1624145236 -1
1624196645 -1
1624235261 1
1624290358 -1
1624406079 -1
1624462785 1
1624493237 -1
1624529814 1
1624564954 -1
1624715226 1
1624861982 1
1624864983 1
1624908023 -1
1625226109 -1
1625418834 1
1625519004 -1
1625525284 -1
1625623824 1
1625666168 -1
1625698246 1
1625907934 -1
1626082285 -1
1626095569 1
1626221445 -1
1626233990 1
1626236038 1
1626263372 1
1626272858 -1
1626285846 1
1626329406 -1
1626421007 -1
1626491603 -1
1626644023 1
1626745941 -1
1626775516 1
1626781698 1
1626883940 -1
1627175874 -1
1627195821 1
1627198718 1
1627333891 -1
1627409149 -1
1627523303 -1
1627601697 1
1627639826 1
1627795906 1
1627797229 1
1627894595 1
1627966491 1
1628008816 -1
1628011897 1
1628099120 1
1628144885 -1
1628219861 -1
1628854144 1
1629184530 1
1629207916 -1
1629222031 -1
1629349759 -1
1629351941 -1
1629361161 -1
1629419594 1
1629538829 1
1629605813 -1
1629720109 -1
1629794273 -1
1630062588 -1
1630076729 -1
1630137607 1
1630242801 1
1630244105 1
1630357489 1
1630722601 -1
1630761174 -1
1630769206 1
1630842454 1
1630872658 -1
1630896146 -1
1630933029 1
1631065931 1
1631094780 1
1631097705 -1
1631343190 1
1631461661 1
1631531400 -1
1631865766 -1
1631917165 1
1632141817 -1
1632264325 -1
1632278817 -1
1632347723 1
1632635543 1
1632702342 1
1632738169 -1
1632798104 1
1632837306 -1
1632992352 1
1633019372 1
1633262191 1
1633300251 1
1633518056 -1
1633621568 -1
1633627588 -1
1633793757 -1
1633811894 1
1633907045 -1
1633920768 -1
1633948663 1
1633956122 1
1633964462 -1
1634078535 -1
1634142521 1
1634158905 -1
1634257692 1
1634358904 -1
1634416629 -1
1634434663 1
1634476917 -1
1634736040 -1
1634778897 1
1634896433 -1
1634953212 -1
1635206292 -1
1635278986 -1
1635287810 -1
1635378398 1
1635401283 -1
1635433527 -1
1635526545 1
1635535451 1
1635791366 1
1635808070 -1
1635945331 1
1635991481 -1
1636024067 1
1636047121 1
1636219032 -1
1636252525 -1
1636286719 -1
1636307089 1
1636381244 1
1636406767 -1
1636487442 1
1636808054 1
1636822949 -1
1636839046 1
1636843920 -1
1636846285 -1
1636874517 -1
1636915649 -1
1637103731 -1
1637128432 -1
1637269004 1
1637306547 1
1637409810 1
1637500055 -1
1637502500 -1
1637582827 1
1637710301 1
1637790880 -1
1637872497 -1
1637907401 -1
1637917496 -1
1637949500 -1
1637987903 1
1638023766 -1
1638157490 -1
1638216049 -1
1638248531 1
1638259965 1
1638409370 -1
1638525470 1
1638690558 1
1638760361 -1
1639106654 1
1639274592 -1
1639347115 1
1639421579 -1
1639427512 -1
1639467252 -1
1639479260 -1
1639485863 1
1639680929 -1
1639740472 -1
1639755257 -1
1639840169 1
1639853135 -1
1639911441 1
1640014583 -1
1640085568 1
1640203743 1
1640248138 1
1640451623 -1
1640599007 1
1640612312 1
1640647058 1
1640827230 -1
1640873709 1
1640948649 -1
1641025757 1
1641078973 1
1641113437 -1
1641124880 -1
1641138018 -1
1641289925 1
1641445472 1
1641470152 1
1641516217 1
1641840140 -1
1641964418 -1
1641993142 1
1642090426 -1
1642199308 1
1642259960 -1
1642261629 -1
1642337835 -1
1642399611 -1
1642455101 1
1642521377 -1
1642541916 1
1642615289 -1
1642632399 -1
1642648461 -1
1642664839 -1
1642681303 1
1642769541 -1
1642786673 -1
1642809698 -1
1642932080 -1
1642993108 1
1643093742 -1
1643139522 -1
1643156836 -1
1643184449 -1
1643225650 -1
1643346112 -1
1643366169 -1
1643472035 -1
1643777953 -1
1643966014 -1
1644073207 1
1644200478 -1
1644299418 -1
1644331661 -1
1644466810 1
1644821646 1
1644831983 -1
1644867040 -1
1644888321 -1
1644918087 1
1645243364 -1
1645433769 -1
1645454599 -1
1645471965 1
1645512483 1
1645600222 -1
1645682461 -1
1645714393 -1
1646000104 -1
1646017155 -1
1646030212 1
1646122796 -1
1646161125 1
1646171045 1
1646210866 1
1646235223 1
1646245682 1
1646632559 -1
1646742751 1
1646750712 1
1646923983 1
1646934975 -1
1647090451 -1
1647110525 -1
1647112691 -1
1647211948 1
1647221189 1
1647323725 1
1647333688 -1
1647557703 1
1647678256 -1
1647695764 -1
1647723677 1
1647727234 -1
1647874996 -1
1647938580 -1
1648226213 -1
1648411999 1
1648425247 1
1648438062 1
1648534809 1
1648578841 1
1648579494 -1
1648612367 1
1648690590 1
1648705377 -1
1648819136 1
1648949119 1
1648995810 1
1649221402 -1
1649285326 1
1649293015 -1
1649659875 1
1649735731 -1
1649789378 1
1649957213 1
1649979372 1
1650053120 -1
1650076430 1
1650164622 -1
1650283336 1
1650326400 -1
1650481573 1
1650481891 1
1650558079 1
1650639410 1
1650737847 -1
1650757238 -1
1650821885 -1
1650825850 1
1650884033 -1
1651058332 -1
1651155353 1
1651236928 1
1651264838 -1
1651321504 -1
1651334438 1
1651553294 -1
1651738169 -1
1651892974 1
1652017898 1
1652183746 1
1652231831 1
1652244096 1
1652250669 -1
1652300027 1
1652303063 1
1652323916 1
1652354913 1
1652552391 -1
1652618383 1
1652852331 -1
1652868533 1
1652992092 -1
1653091676 -1
1653134199 -1
1653397167 -1
1653400034 -1
1653458048 1
1653499384 1
1653534484 -1
1653572190 1
1653642206 1
1653703893 1
1653725598 1
1653727643 1
1653737424 1
1653793582 -1
1653796084 -1
1653849428 1
1654011418 -1
1654043741 1
1654075085 -1
1654095871 -1
1654138714 1
1654168391 -1
1654197323 -1
1654245535 -1
1654347955 1
1654360043 1
1654386618 1
1654420547 1
1654442510 1
1654548512 1
1654551612 1
1654598625 1
1654605809 -1
1654645190 1
1654654187 -1
1654674063 -1
1654733820 -1
1654864424 1
1654913117 -1
1654961813 1
1655032782 1
1655180760 -1
1655595827 -1
1655599630 -1
1655621734 -1
1655659664 1
1655729693 1
1655799836 1
1655977480 1
1656096998 1
1656161505 -1
1656218096 1
1656623757 1
1656635228 -1
1656646145 1
1656652137 1
1656714104 -1
1657102302 1
1657307729 -1
1657309972 -1
1657441383 -1
1657459457 -1
1657532393 1
1657615236 -1
1657715897 -1
1657899045 1
1658001563 1
1658030752 -1
1658043799 1
1658067436 1
1658187796 1
1658293662 -1
1658524011 1
1658552289 -1
1658632497 1
1658640362 1
1658675392 -1
1658733889 -1
1658752023 1
1658754494 1
1659022552 1
1659039945 1
1659086955 -1
1659096539 1
1659125546 -1
1659149621 -1
1659181216 1
1659298233 -1
1659524444 -1
1659542105 -1
1659578979 -1
1659625111 1
1659643881 1
1659749488 1
1659762239 -1
1659865158 1
1659992871 -1
1660049744 1
1660079448 -1
1660114015 -1
1660124628 -1
1660160090 1
1660266020 -1
1660417030 -1
1660487492 -1
1660541519 -1
1660576003 1
1660609120 1
1660678355 -1
1660718532 1
1660723481 1
1660725400 1
1660915158 -1
1661022559 1
1661061568 1
1661105937 -1
1661106075 -1
1661170898 -1
1661267320 -1
1661304633 1
1661364062 -1
1661398799 -1
1661405653 -1
1661431747 1
1661470875 1
1661731224 1
1661877257 1
1661992468 1
1662025173 1
1662099649 -1
1662245710 -1
1662271254 1
1662302035 1
1662327175 -1
1662365279 -1
1662373963 -1
1662515673 1
1662925410 1
1663012647 -1
1663051069 1
1663088348 -1
1663264377 1
1663370275 -1
1663380833 1
1663463111 -1
1663632833 -1
1663796662 -1
1663842734 -1
1663921851 -1
1663922180 -1
1664255279 1
1664261753 1
1664266605 1
1664322968 -1
1664453004 -1
1664589014 -1
1664595879 -1
1664634142 -1
1664718243 1
1664731059 1
1664775649 -1
1664784573 -1
1664970116 1
1665046801 -1
1665071165 1
1665346651 -1
1665371450 -1
1665515197 1
1665515892 1
1665783938 -1
1665944434 1
1666106745 -1
1666136673 -1
1666191300 -1
1666272624 1
1666293275 -1
1666296302 -1
1666360626 1
1666363040 1
1666370872 1
1666427199 -1
1666442108 -1
1666477346 -1
1666515406 1
1666521891 1
1666527008 1
1666533304 1
1666539607 1
1666566941 -1
1666591488 -1
1666625287 1
1666655153 -1
1666688531 -1
1666905445 1
1667144593 -1
1667550063 -1
1667764876 -1
1667879447 -1
1667906340 1
1668028246 -1
1668038438 1
1668087196 -1
1668089334 1
1668245240 -1
1668289019 -1
1668506461 1
1668733090 -1
1668866227 -1
1668907264 1
1668959999 -1
1668961820 1
1668992542 -1
1669041869 1
1669054113 -1
1669056297 -1
1669060096 1
1669073940 1
1669088290 -1
1669089740 -1
1669278767 1
1669304995 1
1669314929 1
1669338353 1
1669396813 -1
1669483631 1
1669644525 -1
1669696425 -1
1669710531 -1
1669720832 -1
1669797211 1
1669811126 -1
1669840102 -1
1669881763 1
1669974838 -1
1670169719 1
1670221379 -1
1670411379 -1
1670498250 -1
1670711946 -1
1670716282 1
1670932278 1
1671020451 1
1671023931 1
1671054695 1
1671108790 -1
1671283594 1
1671430500 1
1671600417 1
1671864404 1
1671989156 1
1671998426 1
1672068114 1
1672126883 -1
1672219920 -1
1672322359 -1
1672350809 1
1672378786 -1
1672396464 -1
1672420223 -1
1672438565 1
1672462002 1
1672475013 -1
1672647860 -1
1672667693 -1
1672812472 -1
1672819983 -1
1672892776 1
1672989820 1
1673007484 1
1673009392 1
1673017150 1
1673210306 -1
1673228660 -1
1673311247 -1
1673311883 1
1673324986 1
1673547450 -1
1673584195 1
1673653697 -1
1673906478 -1
1674088342 -1
1674139465 1
1674185589 -1
1674222887 1
1674295713 -1
1674351686 -1
1674456079 1
1674491595 1
1674797291 -1
1674955274 -1
1674960408 1
1675116684 1
1675260079 1
1675370847 -1
1675396885 1
1675431056 1
1675539073 1
1675709117 1
1675755792 1
1675977950 1
1676036372 -1
1676394942 -1
1676467507 -1
1676498740 -1
1676500943 -1
1676525803 1
1676601937 -1
1676694746 -1
1676758823 -1
1676835869 1
1676873585 1
1676944070 -1
1677106402 1
1677213109 -1
1677430816 -1
1677562059 1
1677701236 -1
1677922667 -1
1677934484 1
1677943243 1
1678018376 -1
1678021039 -1
1678025851 -1
1678094320 1
1678116892 -1
1678227277 1
1678262319 1
1678382942 1
1678418001 -1
1678490631 -1
1678507364 1
1678511976 1
1678710416 1
1679021352 -1
1679153415 1
1679154367 -1
1679243572 1
1679352386 -1
1679369871 1
1679448834 1
1679606925 -1
1679665143 1
1679706183 1
1679708776 -1
1679904651 -1
1680022431 -1
1680032082 -1
1680196424 -1
1680215656 1
1680352314 1
1680506206 1
1680536076 1
1680750491 -1
1680878116 -1
1680879574 -1
1680880592 1
1681053134 -1
1681376372 1
1681507324 1
1681523381 1
1681591718 1
1681609160 -1
1681640295 1
1681688173 1
1681794077 1
1681833192 -1
1681834481 1
1681895599 -1
1681924341 1
1681975204 1
1682201696 -1
1682344202 -1
1682377033 1
1682388008 1
1682469592 -1
1682601105 -1
1682955117 -1
1683023192 -1
1683115009 1
1683161973 1
1683171697 -1
1683254889 1
1683296776 1
1683327092 -1
1683387389 1
1683436843 -1
1683483694 -1
1683545098 -1
1683592820 -1
1683642994 1
1683853983 -1
1683991549 1
1684070107 1
1684152856 -1
1684252316 1
1684433328 -1
1684518925 1
1684618074 -1
1684634275 1
1684677842 1
1684721888 1
1684739020 -1
1684836029 -1
1684846583 1
1684971566 1
1685051625 -1
1685171649 -1
1685212708 1
1685310004 -1
1685409130 1
1685572175 -1
1685579173 1
1685613406 -1
1685694316 1
1685696241 -1
1685724760 -1
1685775334 1
1685848024 1
1686002607 -1
1686015248 -1
1686152462 -1
1686233918 1
1686320395 -1
1686344793 -1
1686390886 1
1686646785 1
1686728720 -1
1686781419 1
1686817835 -1
1686822527 1
1686911269 1
1686960667 1
1687045831 -1
1687107512 1
1687123286 -1
1687178981 1
1687224418 1
1687235960 1
1687244088 1
1687266917 1
1687888743 -1
1687898590 -1
1687981098 -1
1687986992 -1
1688005284 -1
1688014446 -1
1688379672 1
1688409514 -1
1688411625 1
1688413286 1
1688542604 1
1688548779 1
1688549362 1
1688566410 -1
1688643873 1
1688944071 1
1688946035 -1
1688967599 -1
1689100330 1
1689119137 1
1689132911 -1
1689243422 -1
1689311759 -1
1689312153 -1
1689376222 1
1689410656 1
1689432040 1
1689468991 -1
1689478817 1
1689588746 -1
1689720406 -1
1689811514 1
1689920212 1
1690106821 -1
1690135256 1
1690151552 -1
1690179737 -1
1690209313 1
1690325692 -1
1690360734 1
1690473510 -1
1690497477 1
1690525775 1
1690704551 -1
1690806040 1
1690898508 -1
1691163739 -1
1691211741 1
1691212331 1
1691241336 1
1691458775 -1
1691508955 1
1691535791 -1
1691592537 -1
1691593179 -1
1691624767 1
1691793623 1
1691810096 1
1691841677 -1
1691879825 1
1691917157 1
1692151764 -1
1692262666 -1
1692281666 -1
1692361837 1
1692507776 1
1692633521 1
1692763440 -1
1692772999 1
1692804423 1
1692917265 1
1693056404 1
1693115414 1
1693164144 -1
1693204230 1
1693363272 -1
1693551446 1
1693642094 1
1693660965 1
1693701862 1
1693716805 -1
1693773169 1
1693870897 -1
1693922618 1
1694100807 1
1694209818 1
1694258956 1
1694282255 1
1694460233 -1
1694504850 1
1694899344 -1
1695029875 -1
1695047131 -1
1695055455 -1
1695056424 -1
1695191927 -1
1695300137 1
1695343051 -1
1695451227 -1
1695542952 1
1695582427 1
1695649649 -1
1695713182 1
1695729463 1
1695807162 1
1695874918 -1
1695896347 -1
1695906173 -1
1695931303 1
1695983467 1
1696109071 1
1696197671 -1
1696202864 -1
1696387995 -1
1696585012 -1
1696598782 -1
1696649073 1
1696820270 1
1696867399 1
1696867686 1
1696950499 1
1697047304 -1
1697113050 1
1697131900 1
1697302244 -1
1697322227 -1
1697393154 1
1697492535 -1
1697502551 -1
1697590352 -1
1697594235 -1
1697608777 -1
1697633396 -1
1697840371 1
1697843871 1
1698081956 1
1698138759 1
1698189765 -1
1698310508 1
1698393716 -1
1698396973 1
1698416663 1
1698480249 -1
1698495309 -1
1698616546 -1
1698655067 1
1698682316 1
1698684597 1
1698698399 -1
1698701338 1
1698860675 1
1698934425 -1
1699053739 -1
1699126288 1
1699235841 1
1699328086 -1
1699413205 1
1699589289 1
1699664024 1
1699795728 -1
1699803123 1
1699931388 -1
1700050681 -1
1700054458 -1
1700061002 1
1700075122 -1
1700094721 -1
1700102378 1
1700107918 -1
1700110691 1
1700288442 1
1700451122 1
1700582044 1
1700624805 -1
1700668075 1
1700844516 1
1700942149 -1
1701130349 1
1701262042 1
1701291999 1
1701423190 1
1701484146 -1
1701518583 -1
1701624961 1
1701672475 -1
1701714873 1
1701730675 1
1701810754 -1
1701977925 1
1701985178 1
1702079823 1
1702108084 1
1702184003 -1
1702224360 -1
1702254684 1
1702290077 1
1702337520 -1
1702426795 1
1702498215 -1
1702546922 1
1702601131 1
1702756998 -1
1702825027 -1
1702976370 1
1703007083 -1
1703135436 1
1703146168 -1
1703168652 -1
1703557586 1
1703651744 -1
1703661974 -1
1703863865 1
1704123768 1
1704213963 -1
1704324880 1
1704494794 1
1704542452 -1
1704848938 1
1704882425 1
1705089814 -1
1705106902 -1
1705130435 -1
1705157973 1
1705303005 1
1705420687 1
1705448968 1
1705622034 1
1705755467 1
1705848450 -1
1705938686 1
1706010994 1
1706092967 -1
1706122976 -1
1706131383 1
1706289969 1
1706380277 -1
1706387725 -1
1706397779 -1
1706461913 1
1706610100 1
1706624612 -1
1706726872 1
1706838818 -1
1706879044 1
1706901267 1
1706956445 -1
1707070902 -1
1707086637 -1
1707170043 1
1707287311 -1
1707428886 -1
1707471737 1
1707563690 -1
1707605406 1
1707623171 1
1707678816 -1
1707701858 -1
1707720366 -1
1707742065 1
1707833241 -1
1707873852 -1
1707978682 1
1708068798 1
1708175558 1
1708269949 -1
1708277100 1
1708386339 -1
1708459482 1
1708617903 -1
1708706998 -1
1708925617 1
1708934635 1
1709046448 1
1709091149 -1
1709251692 1
1709409750 -1
1709619632 1
1710053262 1
1710312870 -1
1710335193 1
1710482923 1
1710618812 -1
1710711774 -1
1710753622 -1
1710759145 -1
1710818365 1
1710835926 -1
1710955819 1
1710970242 1
1711016317 -1
1711142244 1
1711283142 1
1711297706 -1
1711355704 1
1711440893 -1
1711601938 -1
1711697176 -1
1711789511 1
1711922077 -1
1712081993 1
1712424492 1
1712533612 1
1712630402 -1
1712843562 1
1712852735 1
1712932112 -1
1712933212 -1
1712991672 -1
1713026475 1
1713043978 1
1713065584 -1
1713096172 1
1713157765 1
1713212295 1
1713310089 1
1713319695 -1
1713342146 -1
1713369370 -1
1713380052 1
1713477257 -1
1713648654 -1
1713649109 1
1713816256 1
1713904059 1
1713905128 -1
1713962810 1
1714076848 -1
1714193587 1
1714286002 -1
1714416958 1
1714461533 1
1714576122 1
1714599702 1
1714683961 1
1714800595 -1
1714851727 1
1714944898 -1
1714960351 -1
1715017200 1
1715061693 -1
1715109663 -1
1715193949 -1
1715260149 -1
1715366095 -1
1715423970 1
1715442937 1
1715492058 -1
1715525932 -1
1715556236 1
1715641567 -1
1715696165 -1
1715697310 1
1715711239 1
1715789186 1
1715793061 -1
1715833137 1
1715838585 -1
1716080362 -1
1716143027 1
1716152168 1
1716247208 -1
1716262814 -1
1716285959 1
1716320192 1
1716326381 1
1716406733 -1
1716458812 1
1716504560 -1
1716533153 -1
1716700298 -1
1716730446 1
1716854054 -1
1716922092 1
1716951331 1
1716973606 -1
1717402868 -1
1717525216 -1
1717560971 -1
1717640136 1
1717641485 -1
1717725785 -1
1717732155 1
1717836011 -1
1717865424 -1
1717985107 -1
1718042807 1
1718094337 -1
1718168450 1
1718170192 1
1718263281 -1
1718303227 -1
1718307266 -1
1718391036 1
1718463106 1
1718562432 -1
1718614686 1
1718699797 -1
1718712096 1
1718806741 1
1718843779 -1
1719039401 1
1719133206 -1
1719204136 1
1719236493 1
1719251635 1
1719433125 -1
1719507480 1
1719529977 1
1719562618 -1
1719579100 -1
1719598005 -1
1719604595 -1
1719615561 -1
1719732398 -1
1719759883 -1
1719772095 1
1719788548 -1
1719801363 1
1719815158 1
1719847143 -1
1719901719 -1
1719957867 1
1720139428 1
1720219460 1
1720266300 1
1720423254 -1
1720473498 -1
1720495995 1
1720607271 -1
1720608892 -1
1720610001 -1
1720616000 -1
1720621241 -1
1720838795 1
1720957061 1
1721090239 1
1721098030 1
1721191283 -1
1721246679 1
1721294004 -1
1721489088 -1
1721592903 1
1721673048 1
1721832593 1
1721909074 1
1722078326 -1
1722082226 -1
1722118781 -1
1722123572 -1
1722190519 -1
1722329058 -1
1722431294 1
1722434034 1
1722443051 1
1722499490 -1
1722814679 -1
1722821005 -1
1722834932 1
1722868159 1
1722993716 1
1723123955 1
1723146409 1
1723160114 1
1723206915 -1
1723298232 1
1723334929 1
1723401836 -1
1723433974 1
1723578813 1
1723662953 -1
1723717285 1
1723819897 -1
1723841929 -1
1723898835 -1
1724045763 -1
1724129026 -1
1724144588 1
1724376045 -1
1724392039 -1
1724399698 -1
1724459360 1
1724474252 1
1724484169 -1
1724523888 1
1724556981 -1
1724559462 -1
1724570993 -1
1724715832 -1
1724754731 -1
1724781684 1
1724832757 -1
1724906285 1
1725005884 -1
1725037791 1
1725142045 -1
1725159475 1
1725641448 1
1725743550 1
1725848946 -1
1725861646 -1
1725961280 1
1725994443 -1
1726003667 -1
1726093796 -1
1726097314 1
1726278462 -1
1726279622 1
1726365508 1
1726455114 -1
1726534357 1
1726594097 -1
1726626614 1
1726757755 -1
1726954940 1
1727057087 -1
1727134087 -1
1727164004 -1
1727170196 -1
1727291583 1
1727327427 -1
1727378983 1
1727407675 1
1727443449 1
1727573530 -1
1727731934 -1
1727958476 1
1727979637 1
1728135716 1
1728270758 1
1728351530 -1
1728354706 -1
1728539403 1
1728659138 -1
1728745347 -1
1728802700 -1
1728887450 1
1728889472 1
1728893744 1
1728895430 1
1728938436 -1
1728982413 1
1729057990 -1
1729143693 1
1729151459 1
1729237447 1
1729397749 1
1729411615 1
1729445622 1
1729584855 1
1729615233 -1
1729662732 -1
1729665839 -1
1729746178 -1
1729931280 -1
1729997998 -1
1730096226 -1
1730132115 1
1730276421 1
1730288923 1
1730336824 1
1730402886 -1
1730571642 1
1730658067 -1
1730775121 -1
1731017241 1
1731017976 1
1731071126 -1
1731082257 -1
1731131261 -1
1731312581 1
1731324572 1
1731409108 -1
1731474689 1
1731476164 1
1731750325 1
1731780984 -1
1731879975 -1
1731917215 1
1732046328 1
1732137159 -1
1732140941 -1
1732234803 1
1732251549 -1
1732294490 1
1732385907 1
1732415599 -1
1732443910 -1
1732558864 -1
1732618265 -1
1732676672 1
1732706227 -1
1732778878 1
1732782813 1
1732830891 -1
1733143356 -1
1733203654 -1
1733208344 1
1733219833 -1
1733409154 1
1733461370 -1
1733466700 -1
1733482442 -1
1733547380 1
1733614113 -1
1733648289 1
1733653715 1
1733705133 1
1733858359 1
1734063898 -1
1734070303 -1
1734070575 -1
1734102068 1
1734245235 -1
1734331663 1
1734370917 -1
1734450236 1
1734454061 -1
1734670131 -1
1734802102 -1
1734940701 1
1734970163 1
1735002834 -1
1735011688 1
1735135879 1
1735142370 1
1735173962 1
1735219288 -1
1735354958 -1
1735384462 1
1735385831 -1
1735416319 1
1735419155 1
1735440437 1
1735786057 -1
1735928931 1
1735998728 1
1736060077 1
1736112845 -1
1736133290 -1
1736141016 -1
1736165151 1
1736321800 -1
1736427329 -1
1736437002 1
1736470183 1
1736480379 1
1736492207 1
1736673889 -1
1736714460 -1
1736779502 -1
1736821752 1
1736872164 -1
1736926123 -1
1737044082 1
1737141197 -1
1737229597 -1
1737259381 1
1737387168 1
1737429180 1
1737452922 -1
1737674553 1
1737778218 1
1737915896 1
1737945166 1
1737991700 -1
1738004461 -1
1738020663 -1
1738136612 -1
1738152167 -1
1738352599 1
1738525870 1
1738551349 1
1738750801 -1
1738768142 -1
1738807213 1
1738909204 -1
1739162450 -1
1739243517 1
1739322503 -1
1739411789 -1
1739779099 -1
1739949074 -1
1739984760 1
1739986564 1
1740123629 1
1740285386 1
1740341000 -1
1740405140 -1
1740432157 1
1740685260 -1
1740754545 1
1740847893 -1
1740944663 -1
1740984636 -1
1741201559 1
1741206533 1
1741224653 -1
1741238863 1
1741275684 -1
1741309655 1
1741371505 1
1741380678 -1
1741471858 1
1741603343 1
1741775351 1
1741863133 -1
1741869829 -1
1742002118 -1
1742102185 -1
1742155722 -1
1742185434 1
1742222477 1
1742349144 1
1742354654 1
1742431366 -1
1742463655 1
1742475716 1
1742560971 -1
1742588954 -1
1742638262 1
1742757066 -1
1742811104 1
1742875927 -1
1742942962 -1
1742964777 1
1743077788 1
1743117510 1
1743330078 1
1743371350 1
1743420027 1
1743449975 1
1743542086 1
1743647589 -1
1743736327 1
1743773654 -1
1743815520 1
1744066851 1
1744092115 -1
1744126628 1
1744214261 1
1744218213 -1
1744254929 1
1744405758 1
1744567084 1
1744586858 -1
1744613086 1
1744676895 -1
1744843805 1
1744861647 -1
1745005356 1
1745183175 1
1745184144 1
1745536177 -1
1745727038 1
1745737756 1
1745740593 1
1745804792 1
1745946461 -1
1745966066 -1
1746105677 1
1746210261 1
1746400676 -1
1746495046 1
1746638875 1
1746715794 -1
1746776199 1
1746908475 1
1746917735 1
1746925997 -1
1746934049 1
1747007401 -1
1747157449 -1
1747308744 -1
1747351652 1
1747361395 1
1747500455 1
1747598999 -1
1747752511 -1
1747787533 1
1747911315 -1
1747919146 -1
1748032062 -1
1748091174 1
1748101588 -1
1748131703 -1
1748156332 1
1748381393 1
1748385009 1
1748469218 1
1748665115 -1
1748722060 1
1748783209 -1
1748823455 1
1748846987 1
1749005346 1
1749080030 -1
1749103714 -1
1749133139 1
1749275502 1
1749386512 -1
1749387904 -1
1749397455 -1
1749513960 -1
1749785100 -1
1749805218 -1
1749871651 1
1749891369 1
1749939194 -1
1750046778 -1
1750127144 -1
1750244717 -1
1750291881 -1
1750339624 1
1750465248 1
1750500786 1
1750520064 1
1750719115 -1
1750730606 1
1750734077 -1
1750779439 1
1751087165 -1
1751128807 -1
1751148497 -1
1751190131 1
1751203209 1
1751915024 -1
1752086061 -1
1752112207 -1
1752134298 1
1752185036 -1
1752193378 -1
1752218263 -1
1752315357 -1
1752524115 1
1752607098 -1
1752700394 1
1752788914 -1
1752850549 1
1753103218 -1
1753430877 1
1753581953 1
1753633675 1
1753806321 -1
1753937441 -1
1753976542 -1
1754110720 -1
1754157521 1
1754255823 -1
1754308740 1
1754327469 1
1754333361 1
1754468446 1
1754488959 1
1754508257 1
1754557162 -1
1754771430 1
1754842223 -1
1754853353 -1
1754874176 -1
1754878940 -1
1754893439 -1
1754911443 1
1754980158 -1
1755012825 -1
1755037943 -1
1755177631 -1
1755201072 1
1755279307 -1
1755341759 -1
1755408936 -1
1755425105 -1
1755458979 -1
1755536286 1
1755641422 1
1755724504 1
1755763646 -1
1755921739 -1
1755961599 1
1756009639 -1
1756064837 -1
1756099167 1
1756159199 -1
1756216540 -1
1756544196 1
1756760746 -1
1756913507 -1
1756929419 -1
1756983665 1
1757156760 1
1757184649 1
1757220967 1
1757241171 -1
1757287592 1
1757289820 1
1757330629 1
1757523503 -1
1757581822 1
1757688741 -1
1757721571 -1
1757839315 -1
1757868612 -1
1757899864 1
1758124524 -1
1758132818 -1
1758157150 -1
1758222814 -1
1758268399 -1
1758299686 -1
1758392602 -1
1758461299 -1
1758463733 -1
1758487309 1
1758518079 1
1758583843 -1
1758587875 -1
1758740717 -1
1758777261 1
1758979320 1
1759042337 -1
1759121129 1
1759466082 -1
1759472887 -1
1759502233 -1
1759618350 -1
1759650481 -1
1759659028 1
1759661156 1
1760089222 -1
1760186957 -1
1760226722 -1
1760421275 1
1760429470 1
1760434024 1
1760577723 1
1760582296 1
1760650764 -1
1760658813 -1
1760745519 -1
1760798470 -1
1760802499 -1
1761174008 -1
1761230940 -1
1761275348 -1
1761317989 1
1761330980 1
1761639911 1
1761930237 1
1762026216 -1
1762100002 -1
1762124713 -1
1762263988 1
1762317143 -1
1762354843 1
1762378483 1
1762499500 -1
1762555301 1
1762596616 1
1762660802 1
1762719062 -1
1762724361 1
1763150158 -1
1763505916 -1
1763653470 -1
1763674833 -1
1763846666 -1
1763854140 1
1763990250 1
1764014437 1
1764161519 1
1764178408 1
1764240837 -1
1764507246 -1
1764529229 -1
1764557927 -1
1764562351 -1
1764614355 1
1764695274 -1
1764728621 1
1764752722 1
1765033427 1
1765204196 1
1765326917 1
1765513828 1
1765795076 1
1765808325 1
1765855711 -1
1765952293 1
1766186539 -1
1766198957 -1
1766212409 -1
1766230813 1
1766237234 1
1766428606 1
1766442683 -1
1766471687 -1
1766486582 -1
1766491075 -1
1766539416 1
1766762520 1
1766772077 -1
1766789169 -1
1766844464 1
1767090074 -1
1767125526 1
1767236166 -1
1767372196 -1
1767485086 1
1767487408 1
1767514328 1
1767555130 -1
1767634598 -1
1767764100 1
1767895698 1
1767965292 -1
1768040633 1
1768092387 -1
1768142889 -1
1768170891 1
1768267603 -1
1768311571 -1
1768411114 -1
1768750999 -1
1768809698 1
1768866202 1
1768905254 -1
1768929510 1
1769016515 -1
1769038569 -1
1769044988 1
1769124687 -1
1769296460 -1
1769313288 -1
1769334811 -1
1769519171 1
1769553560 1
1769567627 1
1769607324 -1
1769627805 -1
1769639299 -1
1769651047 -1
1769792848 -1
1769816376 1
1769941408 -1
1769971075 1
1770085936 -1
1770352235 -1
1770436759 1
1770535723 -1
1770556439 -1
1770611408 1
1770630711 1
1770716064 1
1770819709 -1
1770843707 -1
1771016379 1
1771153530 -1
1771223479 1
1771254363 -1
1771369886 -1
1771561039 1
1771675161 1
1771894761 -1
1771935640 1
1771938502 1
1772056794 -1
1772083753 1
1772159348 -1
1772580199 -1
1772619167 -1
1772667573 1
1772704057 1
1772781961 -1
1772797119 -1
1772830967 1
1773025821 1
1773060488 -1
1773158694 1
1773217058 1
1773404336 -1
1773475637 -1
1773479085 1
1773580161 1
1773829927 -1
1774179114 1
1774570339 -1
1774638169 1
1774714956 -1
1774838694 -1
1774905314 -1
1774906919 -1
1774944144 1
1775054688 -1
1775118152 -1
1775198141 -1
1775201297 -1
1775304131 -1
1775376392 1
1775748799 -1
1775810533 1
1775927568 -1
1775947759 -1
1775985551 1
1776238754 -1
1776246596 -1
1776270902 1
1776397287 -1
1776399346 -1
1776421158 1
1776440606 1
1776449242 1
1776473519 1
1776519330 -1
1776557574 -1
1776637588 1
1776741765 1
1776774039 1
1776793036 -1
1776829781 -1
1776838229 -1
1776997221 -1
1777006002 -1
1777210670 -1
1777234992 -1
1777349995 1
1777399854 -1
1777569998 1
1777577332 1
1777589698 -1
1777933500 1
1777955881 1
1778053020 -1
1778104834 1
1778289633 1
1778342700 -1
1778361616 -1
1778446785 1
1778501198 -1
1778730195 1
1778899085 -1
1778964976 -1
1779136623 1
1779256150 -1
1779267566 -1
1779432181 1
1779493035 -1
1779624372 1
1779637833 1
1779709986 -1
1779714850 -1
1779882318 1
1779936604 -1
1779981037 -1
1779984335 -1
1780085611 1
1780100708 1
1780123481 -1
1780145431 -1
1780300227 -1
1780392407 1
1780423960 -1
1780460657 -1
1780506968 1
1780543786 1
1780619606 -1
1780769136 -1
1780789703 1
1780823972 1
1780984584 1
1781062705 -1
1781117012 1
1781237386 1
1781349047 -1
1781489399 -1
1781509601 -1
1781695573 1
1781715054 -1
1781744737 -1
1781789417 1
1781907483 1
1781921363 -1
1781994509 -1
1782152787 1
1782161304 1
1782188368 1
1782220318 -1
1782365656 1
1782414248 -1
1782439585 1
1782447245 1
1782477214 1
1782763780 1
1782769913 1
1782804049 -1
1782876315 -1
1782882857 -1
1783005986 -1
1783007542 1
1783040241 1
1783150593 -1
1783168669 -1
1783377626 1
1783471096 -1
1783573010 -1
1783575702 -1
1783829105 1
1783937728 -1
1784060883 -1
1784063734 -1
1784198674 -1
1784235438 -1
1784255224 1
1784427962 1
1784514299 -1
1784518137 -1
1784538555 -1
1784542597 -1
1784544307 -1
1784694802 -1
1784886618 1
1784902210 -1
1785013413 1
1785115229 -1
1785474791 1
1785480099 -1
1785554967 -1
1785720308 -1
1785791587 1
1785939995 1
1785968927 -1
1786104637 -1
1786274345 1
1786283970 1
1786338841 -1
1786467160 -1
1786515103 1
1786650527 -1
1786756296 1
1786998081 1
1787064202 -1
1787119153 1
1787216390 1
1787238881 -1
1787239580 -1
1787259631 -1
1787678628 -1
1787794325 1
1787854235 -1
1787926973 -1
1788043623 1
1788229490 1
1788258955 -1
1788270609 -1
1788442289 -1
1788501598 1
1788502249 1
1788664405 1
1789327828 -1
1789490279 -1
1789579861 -1
1789805459 -1
1789824720 -1
1789989185 -1
1790003512 1
1790065625 -1
1790087858 -1
1790112685 -1
1790121876 -1
1790124728 -1
1790166175 1
1790224307 -1
1790279661 -1
1790350929 1
1790350963 1
1790419291 -1
1790464741 1
1790466974 1
1790623750 1
1790702806 -1
1790827758 -1
1790887921 -1
1790888330 -1
1790909222 1
1791116946 1
1791141987 -1
1791197333 -1
1791344171 -1
1791419657 -1
1791512967 1
1791572631 -1
1791594162 -1
1791637025 -1
1791833203 1
1791854569 -1
1791949271 -1
1791979319 -1
1792103734 -1
1792160225 -1
1792206428 -1
1792266235 1
1792329594 -1
1792395554 -1
1792453289 1
1792660349 -1
1792664999 -1
1792715074 -1
1792761380 -1
1792879976 1
1792903486 1
1792961111 -1
1793092835 -1
1793138954 1
1793140235 -1
1793166415 -1
1793192158 1
1793202466 1
1793289132 1
1793299175 -1
1793378071 -1
1793439153 -1
1793587452 -1
1793598836 -1
1793619354 -1
1793758571 -1
1793807427 1
1793888582 -1
1793979785 1
1793980430 1
1794014404 -1
1794209166 -1
1794256254 1
1794307391 1
1794390472 1
1794406601 1
1794509223 -1
1794522864 -1
1794523786 -1
1794707952 1
1794797978 -1
1794802918 -1
1794890680 1
1794944513 -1
1795045532 1
1795064741 1
1795306265 1
1795569086 -1
1795616674 -1
1795765933 1
1795908581 1
1795909319 1
1796063123 1
1796174066 -1
1796293415 -1
1796417875 -1
1796454190 1
1796544669 -1
1796575155 -1
1796818319 -1
1796946755 -1
1797032205 1
1797089172 -1
1797278558 1
1797354164 -1
1797439860 1
1797490217 1
1797573112 -1
1797838272 -1
1797903993 1
1797941859 1
1797997413 -1
1798020275 -1
1798025901 -1
1798027739 -1
1798344620 1
1798378376 -1
1798535452 -1
1798582068 -1
1798609190 -1
1798778084 -1
1798849851 -1
1798944076 -1
1799019875 1
1799092779 -1
1799132383 -1
1799216962 -1
1799391521 -1
1799571639 1
1799844751 -1
1799907887 -1
1799929912 -1
1799999553 -1
1800111933 -1
1800160688 -1
1800315327 -1
1800510129 1
1800787971 1
1800900404 -1
1801004312 1
1801129147 -1
1801281914 -1
1801396308 1
1801444796 -1
1801470363 -1
1801500728 -1
1801527069 -1
1801556984 1
1801565996 1
1801569990 1
1801599923 -1
1801842388 -1
1801847324 1
1801948397 -1
1801957120 1
1801985797 -1
1802029450 1
1802057262 1
1802105024 -1
1802206108 -1
1802388800 -1
1802470077 1
1802512911 -1
1802567102 -1
1802707853 -1
1802781736 1
1802810342 -1
1802884208 -1
1803011480 -1
1803037628 -1
1803043861 -1
1803092910 1
1803367986 -1
1803373849 1
1803680103 1
1803806036 -1
1803855811 1
1803986433 1
1804023093 1
1804034093 1
1804079531 -1
1804248235 -1
1804312397 1
1804465691 1
1804508787 -1
1804526990 -1
1804557872 -1
1804620505 1
1804643787 1
1804677441 1
1804706600 -1
1804741423 -1
1804804648 -1
1804863473 -1
1804894070 -1
1804912570 1
1804978274 -1
1805021436 -1
1805133695 -1
1805194643 -1
1805230019 1
1805242495 1
1805346610 -1
1805355434 1
1805362704 1
1805467450 -1
1805486941 -1
1805502796 -1
1805588195 1
1805619156 -1
1805650251 -1
1805877409 1
1806004844 1
1806084624 -1
1806170018 1
1806437663 1
1806554105 -1
1806658791 -1
1807041335 1
1807080980 1
1807340103 1
1807668392 1
1807767151 -1
1808103460 -1
1808260395 1
1808297235 1
1808413160 1
1808528457 -1
1808684599 -1
1808836504 -1
1808850174 -1
1808992039 -1
1809387349 1
1809632214 -1
1809731992 -1
1809855274 1
1811029460 1
1811290849 -1
1811377752 -1
1811449966 -1
1811642903 1
1811687619 1
1812079060 -1
1812088432 1
1812129720 1
1812524061 -1
1812567912 1
1812698129 -1
1812848387 -1
1813425735 -1
1813472823 1
1813638105 -1
1814056279 -1
1814220060 -1
1814630293 -1
1814675075 -1
1815172225 -1
1815514925 1
1816227085 -1
1816261360 -1
1816991411 -1
1817060691 1
1817078902 -1
1817129918 -1
1817599607 -1
1817603062 -1
1817638809 1
1817650512 1
1817775893 1
1817954945 1
1818052740 -1
1818110208 1
1818134823 -1
1818376701 -1
1818445410 1
1818545017 1
1818606521 1
1818683999 -1
1818766068 1
1818864234 1
1818929905 -1
1819080155 -1
1819878011 1
1819915716 -1
1820118230 -1
1820642786 -1
1820835319 -1
1820891045 1
1821267188 -1
1821372308 -1
1821613284 -1
1821899358 -1
1821944114 1
1822211657 -1
1822223703 -1
1822249484 1
1822472852 -1
1822555008 1
1822579676 1
1822668460 -1
1822988755 -1
1823020628 1
1823088180 -1
1823112524 1
1823170846 1
1823375256 -1
1823605168 -1
1823644888 1
1823919681 -1
1824025928 1
1824400569 1
1824447997 -1
1824591761 1
1824762996 1
1824808147 -1
1825025417 1
1825059775 1
1825321235 1
1825396925 1
1825628466 -1
1825767610 -1
1825800465 1
1825925329 -1
1825954368 1
1826010409 1
1826242826 -1
1826358055 -1
1826420848 1
1826530356 -1
1826586714 1
1826706771 -1
1827051207 1
1827410364 -1
1827894606 -1
1827972319 1
1828044488 1
1828455201 -1
1828580965 1
1828734732 1
1829011723 -1
1829014525 -1
1829074199 1
1829133688 -1
1829421316 -1
1829617305 -1
1829628863 -1
1830028199 -1
1830155647 1
1830170661 -1
1830449659 1
1830608934 1
1830673288 -1
1830731777 -1
1830850586 -1
1831120898 1
1831185882 -1
1831291048 -1
1831658026 -1
1831966748 -1
1831994421 1
1832267851 -1
1832440784 1
1832472386 -1
1832563164 -1
1833201599 -1
1833335186 -1
1833365140 -1
1833436454 1
1833634744 -1
1833654504 -1
1833833954 -1
1834293358 -1
1834755863 -1
1834853609 -1
1834871083 1
1834940481 1
1835181761 -1
1835348443 -1
1835401872 1
1835401952 1
1835499191 -1
1835667899 -1
1835684154 -1
1835731470 1
1835743035 1
1835781905 -1
1835803053 1
1835808473 -1
1835903502 1
1835988844 -1
1836139147 -1
1836367180 1
1836449241 -1
1836542740 -1
1836718362 -1
1836766010 1
1836926018 -1
1837046505 -1
1837373680 -1
1837671990 1
1837918721 1
1838182740 -1
1838305052 -1
1838663534 1
1838955321 -1
1839010420 -1
1839026016 1
1839059722 1
1839080598 -1
1839080912 -1
1839394627 1
1839594803 1
1839717122 -1
1839870906 -1
1839876389 -1
1839891235 -1
1839983590 1
1840093620 1
1840159281 1
1840207481 -1
1840328971 -1
1840474337 1
1840825930 -1
1840831987 1
1840969810 -1
1841185223 1
1841448277 -1
1841697124 1
1841768035 -1
1841918301 -1
1842102848 1
1842360817 -1
1842428621 1
1842453419 1
1842548382 1
1842674865 -1
1842679702 -1
1842686579 -1
1842724352 1
1842811121 -1
1842827965 -1
1843181738 1
1843247312 1
1843298202 -1
1843327344 1
1843714111 -1
1843889079 1
1844113256 1
1844737151 1
1844741823 1
1844768177 -1
1844773057 1
1844840012 -1
1845178819 -1
1845357656 1
1845359009 1
1845818932 -1
1845829995 1
1845837991 1
1846391499 -1
1846596771 -1
1846599756 -1
1846613181 1
1847089263 1
1847402691 -1
1847657602 -1
1847978345 -1
1848025956 1
1848043843 1
1848569467 -1
1848603299 -1
1848738457 -1
1848844624 -1
1848887919 -1
1848929862 -1
1849122761 1
1849150567 -1
1849396957 -1
1849416613 -1
1849475074 1
1849741952 1
1849784839 -1
1849898013 1
1849980771 -1
1849988057 -1
1850188677 -1
1850237804 -1
1850311884 -1
1850538854 1
1850770463 -1
1851221159 -1
1851439762 -1
1851471620 1
1851476260 1
1851900471 -1
1852213371 -1
1852259958 1
1852377039 -1
1852430676 1
1852571452 1
1852703205 -1
1853037457 1
1853041881 1
1853149001 -1
1853465910 -1
1853466980 1
1853501901 1
1854238936 -1
1854384172 -1
1854395065 -1
1854402200 -1
1854407617 -1
1854611926 1
1854616429 -1
1854650087 -1
1854872688 -1
1855414701 1
1855443142 1
1855443914 -1
1855689183 1
1855820395 -1
1855975262 -1
1856172229 1
1856277132 -1
1856516765 1
1856807163 1
1856983949 1
1857098547 -1
1857123613 1
1857301839 -1
1857330790 1
1857377716 -1
1857405706 -1
1857531685 -1
1857610501 -1
1857718292 -1
1857748157 1
1857751193 1
1858027902 -1
1858038216 -1
1858323506 -1
1858536760 1
1858666368 -1
1858983414 -1
1859064565 -1
1859113356 -1
1859179149 -1
1859360648 1
1859433836 -1
1859788141 1
1859820801 1
1860056696 1
1860139691 1
1860142485 1
1860530095 -1
1860599929 1
1860707781 -1
1861013360 -1
1861555566 1
1861563205 1
1861772374 -1
1861812630 1
1862217614 -1
1862623963 1
1863374336 -1
1863402155 1
1863434943 1
1863994683 -1
1864068188 1
1864224149 1
1864458301 1
1864664644 1
1864764160 -1
1864809550 -1
1864862049 1
1864928910 1
1864953410 -1
1866021450 -1
1866248918 1
1866282725 1
1866380101 -1
1866544946 -1
1866722306 1
1866828850 -1
1866835072 -1
1867474455 -1
1867572347 -1
1867631588 -1
1867636678 -1
1867737635 -1
1867904898 -1
1868003084 1
1868112060 -1
1868656464 1
1868727041 -1
1868913527 -1
1869048650 -1
1869509135 1
1869639279 -1
1869814395 -1
1870469942 -1
1870715791 1
1870778585 -1
1870851321 1
1871031680 -1
1871162994 1
1871167717 1
1871421316 -1
1871487146 1
1871567095 -1
1871626124 1
1871767533 -1
1872569409 1
1872610746 1
1872716963 -1
1872750212 1
1872904686 1
1873263452 1
1873356646 -1
1873385147 1
1873507747 -1
1873630422 -1
1873727528 1
1873811403 -1
1873819499 -1
1874085658 -1
1874131993 -1
1874349871 1
1874818363 1
1874936083 -1
1875200607 -1
1875418525 1
1875738428 1
1875745668 1
1876062466 1
1876240925 1
1876285849 1
1876322562 -1
1876509038 -1
1876688611 1
1876949921 -1
1877004094 -1
1877036016 1
1877073297 1
1877159165 -1
1877332675 1
1877364685 1
1877393454 -1
1877515875 1
1877994631 1
1878097170 -1
1878248320 -1
1878255653 -1
1878584322 -1
1878618482 1
1878717565 -1
1878791638 1
1878815983 -1
1879005610 -1
1879099372 1
1879220839 -1
1879461884 -1
1879538593 1
1879548365 -1
1879550586 1
1879590715 1
1879821962 -1
1880103215 1
1880168822 -1
1880209277 1
1880472204 -1
1880603020 1
1880647632 -1
1880660642 -1
1880699775 1
1880965535 -1
1881177004 1
1881333390 1
1881453369 -1
1881639170 1
1881868669 -1
1882407137 -1
1882537290 -1
1882883626 -1
1883066160 1
1883340249 -1
1883394180 1
1883564531 1
1883931175 -1
1883960370 -1
1884154945 -1
1884323252 -1
1884394249 -1
1884466008 -1
1884483330 -1
1884504492 1
1884705167 1
1885016412 1
1885403516 -1
1885447966 1
1885769856 1
1885914892 -1
1886459514 1
1886553556 -1
1886652063 -1
1887765209 -1
1888009007 1
1888264338 1
1888481249 1
1888782723 -1
1889603384 1
1889715856 -1
1889736089 -1
1889916537 1
1889986541 -1
1890117249 -1
1890227272 -1
1890382977 -1
1890392203 -1
1890564546 1
1890580392 1
1890654396 -1
1890671373 -1
1890719283 1
1890882844 1
1890953051 -1
1891338304 -1
1891576399 1
1891665629 -1
1891670261 -1
1891991369 -1
1892005638 1
1892188463 -1
1892231808 1
1892495622 1
1892616060 -1
1892799854 1
1893108080 -1
1893115035 -1
1893240436 -1
1893398675 1
1893431707 -1
1893506754 1
1893559385 -1
1893583660 -1
1893591595 -1
1893748224 -1
1893839619 1
1893968659 1
1894010577 -1
1894017820 -1
1894069116 -1
1894089631 1
1894629624 1
1894702340 -1
1894706078 1
1894839004 -1
1895012790 -1
1895038468 -1
1895215256 1
1895331107 -1
1895619505 -1
1895639551 -1
1895861563 1
1896590958 -1
1896688432 1
1896741455 -1
1896985492 1
1896990296 1
1897007190 -1
1897027374 1
1897170282 1
1897174383 1
1897274672 -1
1897285226 1
1897494501 1
1897612974 1
1898255347 1
1898272195 1
1898536690 -1
1898581366 1
1898613311 1
1898653203 -1
1898843663 -1
1898925656 1
1899095798 -1
1899209488 -1
1899219980 1
1899503877 -1
1899564981 1
1899685160 -1
1899708703 1
1899767458 1
1899975426 -1
1900084732 -1
1900323076 -1
1900470888 -1
1900471010 -1
1900837215 1
1900895648 1
1901119254 -1
1901197671 -1
1901472732 1
1901572724 -1
1901608092 -1
1901864562 -1
1902067017 -1
1902131518 1
1902525286 -1
1902835281 1
1902856452 -1
1902901976 -1
1902909332 -1
1902937967 1
1903092860 1
1903119455 1
1903465737 -1
1903717546 1
1904397901 1
1904842430 -1
1905005167 -1
1905114396 -1
1905343330 1
1905402286 -1
1905782702 -1
1905986723 1
1906326340 1
1906394489 -1
1906416864 -1
1906419110 -1
1906926753 -1
1907095883 -1
1907564906 -1
1907565028 -1
1907594513 1
1907932896 1
1908548704 -1
1908792734 -1
1908912537 1
1909102687 1
1909502047 -1
1909532427 1
1909660148 -1
1909969841 -1
1910045242 1
1910114537 -1
1910188311 1
1910358990 1
1910974671 -1
1911023824 1
1911132641 -1
1911155164 1
1911303041 1
1911433252 -1
1912068470 -1
1912133626 1
1912145891 1
1912387931 -1
1912394614 -1
1912649497 1
1912792391 1
1913091236 1
1913094550 1
1913128853 1
1913242752 -1
1913542085 -1
1913755147 1
1914179624 -1
1914253938 1
1914299674 -1
1914407911 1
1914692572 -1
1914744275 1
1914751539 -1
1915338223 -1
1915808277 -1
1915826404 -1
1916083902 -1
1916148198 -1
1916171804 1
1916312011 -1
1916402133 1
1916437978 -1
1916447799 -1
1917066839 -1
1917111588 -1
1917162240 -1
1917300425 1
1917399271 -1
1917446098 -1
1917641336 1
1917813274 1
1917835918 1
1917894799 1
1917900763 1
1918074645 -1
1918383082 -1
1918466490 1
1918591546 -1
1918772199 1
1918861237 1
1919132613 1
1919162854 -1
1919211006 -1
1919297911 -1
1919405759 1
1919501467 1
1919813325 -1
1919906009 1
1919952240 1
1920022717 -1
1920066410 1
1920080409 1
1920875625 1
1921054819 1
1921108270 1
1921267848 -1
1921328719 -1
1921367409 1
1921688474 1
1921966925 -1
1922477681 -1
1922510493 1
1922907059 1
1922993434 1
1923060309 1
1923074721 1
1923203068 1
1923500003 1
1923567317 -1
1923805577 1
1923840106 1
1923877306 -1
1923973979 1
1924436906 -1
1924780482 1
1924784772 1
1924799477 1
1924900242 -1
1924909423 -1
1924928367 -1
1925025272 1
1925066278 -1
1925210765 1
1925295593 -1
1925507373 1
1925796191 -1
1925878998 -1
1926060727 -1
1926075501 -1
1926242047 1
1926292353 1
1926669785 -1
1926777789 1
1926819388 1
1927009225 -1
1927268615 1
1927535518 1
1927593993 -1
1927741665 1
1927819586 1
1927878916 1
1927926500 -1
1927965610 -1
1928210617 1
1928398664 1
1928431305 1
1928452609 1
1928470155 -1
1928664157 -1
1928983641 -1
1929022425 1
1929409730 1
1929516973 1
1929797028 -1
1929862539 1
1930013660 1
1930022397 1
1930043733 1
1930141698 -1
1930240500 -1
1930243453 1
1930470542 -1
1930522390 1
1930750095 -1
1930873704 1
1930898538 -1
1930948633 -1
1931040470 -1
1931137322 1
1931284627 -1
1931345057 1
1931558982 -1
1931930071 -1
1931939109 -1
1931972773 1
1932229667 -1
1932430925 -1
1932486823 1
1932800169 1
1932839586 1
1932909461 -1
1933040438 -1
1933209856 -1
1933865634 -1
1934011515 -1
1934203575 -1
1934379061 -1
1934505778 -1
1934714864 -1
1934725674 -1
1934929717 1
1935107069 1
1935149964 -1
1935542285 -1
1935673441 -1
1935739233 -1
1935809600 -1
1936052093 1
1936057721 1
1936189000 -1
1936262100 1
1936868872 1
1937026722 1
1937061341 1
1937186194 -1
1937233826 1
1937586046 -1
1937678106 -1
1937749171 1
1938107853 -1
1938355731 1
1938360881 1
1938371019 1
1938489752 -1
1938508757 1
1938557949 1
1938719559 1
1938949757 -1
1939248025 -1
1939291962 -1
1939327188 1
1939527951 1
1939759334 -1
1939966950 -1
1940401058 1
1940798918 -1
1940842198 1
1941106352 -1
1941133387 1
1941223978 1
1941429288 -1
1941671833 1
1941971373 1
1941990146 1
1942083899 -1
1942129551 1
1942457045 1
1942664261 1
1942904870 -1
1942937132 1
1943102703 1
1943167901 1
1943274282 1
1943379721 -1
1943432891 1
1943570732 1
1943633420 1
1943856017 -1
1943898631 -1
1944177229 1
1944343309 1
1944385171 -1
1944708966 -1
1944780938 1
1944943904 1
1945202713 -1
1945217796 -1
1945334013 -1
1945417185 1
1945633252 1
1945907667 1
1946010339 -1
1946024330 -1
1946084693 1
1946193722 -1
1946211102 -1
1946282773 1
1946328875 1
1946359804 -1
1946409094 1
1946477200 -1
1946568715 1
1946578688 1
1946772317 1
1946802532 1
1946915978 1
1947086941 1
1947166345 1
1947313622 1
1947341212 -1
1947580941 1
1947705375 -1
1947727441 1
1947859945 -1
1948017586 -1
1948180510 -1
1948190425 -1
1948305588 -1
1948420439 -1
1948480277 -1
1948540531 1
1948677589 1
1948688422 1
1948882547 1
1948913409 1
1949018476 -1
1949025054 -1
1949055266 1
1949126003 -1
1949189472 -1
1949414158 1
1949727808 1
1949829553 -1
1949953733 -1
1950002736 -1
1950039940 1
1950047047 1
1950070832 1
1950271624 -1
1950326543 -1
1950359690 1
1950461142 -1
1951002855 -1
1951374730 1
1951417017 -1
1951469355 -1
1951531658 -1
1951669717 1
1951706204 -1
1951904798 -1
1951920822 -1
1951999853 1
1952149853 -1
1952172271 1
1952978303 -1
1952999415 1
1953205590 1
1953293583 -1
1953423836 -1
1953594527 -1
1954031929 1
1954035636 1
1954175645 1
1954298504 -1
1954473935 -1
1954739681 1
1955101711 -1
1955137020 -1
1955141060 1
1955278060 -1
1955314101 1
1955442005 -1
1955614645 -1
1955787003 -1
1955798305 -1
1955843921 1
1955909456 -1
1955922084 1
1955949441 -1
1956148175 1
1956315854 1
1956387496 -1
1956546327 -1
1956646496 1
1956945470 -1
1956947135 -1
1956976364 1
1956994302 -1
1957057036 -1
1957188178 -1
1957357357 -1
1957368300 1
1957711692 1
1957829318 1
1958132015 1
1958183345 1
1958779663 -1
1959175021 -1
1959202147 1
1959208933 -1
1959418299 -1
1959451264 1
1959577367 -1
1959892221 -1
1959920767 -1
1960001072 -1
1960089032 -1
1960140519 1
1960143722 1
1960347629 1
1961154690 -1
1961443735 1
1961446203 1
1961524248 -1
1961627744 1
1962012711 -1
1962022868 1
1962082851 -1
1962135495 1
1962215104 -1
1962244325 -1
1962260491 -1
1962408082 -1
1962711359 1
1962922406 -1
1962931399 1
1963145061 -1
1963173541 1
1963281167 1
1963460307 1
1963625264 1
1963998873 1
1964110938 1
1964736114 -1
1964836709 -1
1964881881 -1
1965097111 1
1965143428 1
1965271637 1
1965408246 -1
1965500467 1
1965662671 1
1965815320 -1
1965885124 -1
1965934446 1
1965965533 1
1966030921 -1
1966056963 -1
1966136465 1
1966155088 -1
1966284435 1
1966370099 -1
1966377983 -1
1966432632 1
1966716387 1
1967190801 -1
1967261301 1
1967264977 1
1967616623 1
1967933739 1
1968114018 1
1968290605 1
1968733394 -1
1968756134 1
1968788666 1
1968814340 1
1969016465 -1
1969251119 -1
1969378220 -1
1969568124 -1
1969579386 -1
1970337428 -1
1970471010 1
1970627536 1
1970645799 -1
1970721293 -1
1970934575 1
1970942690 1
1971151795 1
1971230134 -1
1971252242 1
1971439819 1
1971734531 -1
1971999138 1
1972083616 -1
1972276085 1
1972407429 -1
1972424194 -1
1973242453 -1
1973423156 1
1973572964 -1
1973771421 1
1973845928 -1
1973926051 1
1974353775 -1
1974423062 -1
1974492931 1
1974658871 1
1974718387 -1
1974828746 1
1974840590 -1
1975085900 -1
1975283547 1
1975356033 1
1975449155 1
1975478979 1
1975527979 -1
1975553965 -1
1975763810 1
1976127244 1
1976182141 1
1976212265 1
1976696511 -1
1976949501 1
1977107569 1
1977183008 -1
1977571439 -1
1977660100 1
1977854188 -1
1977945763 1
1978105281 -1
1978409745 -1
1978419117 -1
1978451140 1
1978477886 1
1978651370 1
1978837242 1
1978990178 1
1979012014 -1
1979111905 1
1979155969 1
1979361130 1
1979476536 1
1979941673 -1
1979945900 -1
1979948570 1
1980201160 -1
1980251410 -1
1980683406 1
1980798057 1
1981152628 1
1981214462 1
1981562834 -1
1981621178 1
1981753809 -1
1981791645 1
1982091081 -1
1982234577 -1
1982252314 -1
1982434247 -1
1982597824 -1
1982647739 1
1982671331 1
1982852720 1
1982976248 -1
1983309846 1
1983442320 -1
1983601639 -1
1983657332 1
1984175236 1
1984214663 1
1984285438 -1
1984613984 -1
1984668951 1
1984807005 -1
1985360529 1
1985421556 -1
1985553545 1
1985569480 1
1985631485 -1
1985753610 -1
1985759571 -1
1985976527 -1
1986011547 1
1986448792 -1
1986604197 -1
1986994913 1
1987005100 1
1987022584 1
1987260084 1
1987328744 -1
1987477637 -1
1987664429 -1
1988216761 1
1988452856 1
1989191748 1
1989468491 -1
1989500109 1
1989526395 1
1989638458 -1
1989694745 1
1989718977 1
1989789880 -1
1990006441 -1
1990158821 -1
1990605445 -1
1991716382 1
1991862945 -1
1991995714 -1
1992189389 -1
1992302695 -1
1992317642 -1
1993013254 -1
1993360598 -1
1993389643 -1
1993862910 -1
1993999772 -1
1994086605 1
1994139642 -1
1994339536 -1
1994350502 -1
1994391175 -1
1994409175 1
1994560391 -1
1994581049 1
1994750023 1
1995025036 1
1995209786 1
1995238391 -1
1995350631 -1
1995448532 -1
1995713666 -1
1995738789 -1
1996056890 -1
1996427546 -1
1996491713 1
1996566904 -1
1996640820 -1
1996710376 -1
1996791276 1
1996933794 -1
1996972572 1
1997118884 1
1997162900 1
1997296903 1
1997621715 1
1997653064 1
1997681174 1
1997727803 1
1997926069 -1
1998241665 -1
1998412497 -1
1998455079 -1
1998527102 1
1998805679 1
1998812548 1
1999059874 1
1999129819 -1
1999154761 1
1999287236 -1
1999315109 1
1999508856 1
1999689044 1
1999718701 1
1999735575 -1
1999805037 -1
2000150707 1
2000441770 -1
2000514435 1
2000658360 1
2000667584 1
2000966631 -1
2000979863 -1
2001078187 -1
2001151034 -1
2001158660 -1
2001161463 -1
2001174211 1
2001314056 -1
2001515085 1
2001551741 -1
2001685758 1
2001696480 1
2001892698 1
2002201305 1
2002309158 -1
2002336363 -1
2002389206 1
2002487583 -1
2002695779 1
2003004818 -1
2003029192 1
2003242678 1
2003274177 1
2003688920 -1
2003712532 1
2003761758 1
2003815102 -1
2004186779 -1
2004198877 -1
2004231377 1
2004384662 -1
2004597954 1
2004918546 1
2004931442 1
2005092136 1
2005205091 -1
2005527076 -1
2005745471 1
2005813662 1
2005823543 -1
2006535036 -1
2006582779 -1
2006609127 1
2006655317 1
2006687946 -1
2006824007 1
2006884091 -1
2006984073 1
2006988879 1
2006992815 1
2007006049 -1
2007100156 1
2007237690 -1
2007450692 1
2007655194 -1
2007691198 1
2007867845 1
2008105781 -1
2008217782 -1
2008642167 1
2008773338 -1
2009174795 1
2009448431 -1
2009599508 -1
2009730663 -1
2009786456 1
2009859041 1
2009924991 -1
2010110705 -1
2010488740 -1
2010525746 1
2010587492 1
2010658246 -1
2010986366 -1
2011087535 -1
2011171229 -1
2011354778 1
2011362369 1
2011376476 1
2011502076 -1
2011559831 1
2011627860 -1
2011944960 -1
2012023275 -1
2012104019 1
2012167508 -1
2012193758 -1
2012235713 1
2012457203 -1
2012603052 1
2012616374 1
2012692428 -1
2012861116 -1
2012920365 1
2012978389 -1
2013136924 -1
2013209684 -1
2013218499 -1
2013443747 1
2013477835 1
2013828912 1
2014073921 -1
2014231167 -1
2014432187 1
2014544919 -1
2014554905 -1
2014931438 1
2015129406 -1
2015261925 -1
2015450447 1
2016061728 -1
2016259011 -1
2016393782 -1
2016528244 -1
2016685220 -1
2017276257 1
2017539234 1
2017707291 1
2017798279 -1
2018153937 -1
2018334083 -1
2018474235 -1
2018662157 -1
2018794052 -1
2018982670 -1
2019017855 -1
2019175892 -1
2019221132 1
2019514910 -1
2019552283 1
2019578835 1
2019693007 -1
2019769415 1
2019770728 1
2019932427 1
2020083132 -1
2020204430 -1
2020614819 1
2020663489 1
2020952056 1
2021104673 1
2021118691 1
2021496292 -1
2021574229 -1
2021618081 1
2021781993 1
2021875381 -1
2021930579 1
2022047029 -1
2022151213 1
2022236048 -1
2022394912 -1
2022452823 1
2022809571 1
2022968703 -1
2023060696 -1
2023066616 -1
2023072530 -1
2023176805 -1
2023262437 -1
2023665133 1
2023817464 1
2024238599 -1
2024675741 -1
2024700250 -1
2024743528 1
2024884738 1
2025033371 1
2025381796 1
2025438494 -1
2025468932 -1
2025486667 -1
2025541915 1
2025703377 1
2025764447 1
2025799135 1
2025969098 1
2026042488 1
2026093894 -1
2026610886 1
2026721112 -1
2026747831 1
2027078074 1
2027474222 1
2027475410 1
2027695040 1
2027756745 1
2027979133 1
2028128043 1
2028139763 1
2028443233 1
2028462827 1
2028474026 -1
2028637028 1
2028643203 1
2028764794 -1
2028978818 1
2029070144 1
2029221556 1
2029256640 -1
2029393775 -1
2029490905 1
2029853857 1
2029915348 -1
2029932254 -1
2030146005 -1
2030310157 -1
2030346887 1
2030477979 -1
2030520989 1
2030640213 -1
2030641250 -1
2030650855 -1
2030702009 1
2030730106 -1
2030971291 -1
2031240226 1
2031285356 -1
2031379481 1
2031495704 -1
2031791037 1
2031981452 -1
2032056726 -1
2032076497 1
2032208730 -1
2032441831 -1
2032688934 -1
2032731727 -1
2032757661 -1
2032873658 -1
2032976649 1
2033057281 -1
2033297688 -1
2033328297 -1
2033655411 1
2033701108 -1
2034109398 -1
2034241759 1
2034295164 1
2034466428 1
2034765338 -1
2034864696 1
2034948876 -1
2035553852 1
2035559439 -1
2035680923 1
2035987675 -1
2036196855 -1
2036212910 1
2036456294 -1
2036844533 -1
2036865556 -1
2036896743 1
2037050169 1
2037114595 -1
2037133751 -1
2037141939 1
2037728647 -1
2038101529 -1
2038330158 -1
2038383351 -1
2038688408 1
2038700095 1
2038722323 -1
2038749253 -1
2038761298 -1
2038779697 -1
2038792586 1
2038834579 1
2038921431 -1
2038975273 1
2039118558 1
2039141018 -1
2039511014 1
2039696358 -1
2039795048 -1
2039886019 1
2040278263 1
2040318694 1
2040683000 -1
2040787765 -1
2041203078 1
2041529173 1
2041700194 -1
2041912005 1
2041913732 1
2041922294 1
2041930900 1
2042045488 -1
2042102134 1
2042183116 -1
2042190705 -1
2042349140 -1
2042390659 -1
2042576416 1
2042933213 1
2043163218 -1
2043440842 1
2043463910 1
2043631791 1
2043656043 1
2043751204 -1
2043909194 -1
2044050337 -1
2044284713 -1
2044372618 1
2044569415 -1
2044626982 -1
2044644749 1
2044676572 1
2044862612 1
2044890270 -1
2044940485 1
2045015193 1
2045178780 1
2045639218 -1
2045662380 -1
2045662904 -1
2046013620 -1
2046068123 1
2046156050 1
2046511814 -1
2046532299 -1
2046582296 1
2046611334 1
2046685624 -1
2046697837 -1
2046947562 1
2047152837 -1
2047170539 -1
2047212061 -1
2047269183 1
2047331949 1
2047349822 -1
2047380748 -1
2047427729 1
2047612570 1
2047781012 1
2047782259 1
2047796032 1
2048012810 -1
2048101344 -1
2048180492 1
2048231892 -1
2048396159 1
2048457837 1
2048606932 -1
2049335928 -1
2049437537 -1
2049517626 1
2049802414 1
2049808368 1
2049951092 1
2050077287 1
2050222120 1
2050358741 1
2050496743 -1
2050541918 1
2050653981 -1
2050864018 -1
2051086477 1
2051444945 1
2051634675 1
2051704844 -1
2051718906 -1
2051871346 1
2052114493 1
2052148352 1
2052351891 1
2052511392 1
2052567049 -1
2052798035 1
2052843805 1
2052900146 -1
2052906397 -1
2052944548 -1
2052960185 -1
2052971731 1
2053321699 1
2053348888 1
2053383585 1
2053488328 1
2053693998 1
2054359997 1
2054476759 1
2054694026 -1
2054755931 1
2054947166 1
2055045635 -1
2055214064 -1
2055243783 1
2055254500 1
2055287642 1
2055755953 1
2055814983 -1
2055885956 -1
2056059730 -1
2056101667 1
2056115749 1
2056245443 -1
2056948232 -1
2057012936 1
2057190686 1
2057625224 -1
2057681393 1
2057743630 -1
2057811569 -1
2057867703 1
2058189805 1
2058526302 -1
2058562803 -1
2058724241 1
2058894604 1
2058954261 1
2059100450 1
2059448749 -1
2059805128 1
2059900703 -1
2060088973 -1
2060092573 -1
2060113696 -1
2060135821 -1
2060160178 -1
2060184904 -1
2060271479 1
2060480301 1
2060559784 -1
2060630540 1
2060674052 1
2060726059 -1
2060839004 1
2061145779 -1
2061256850 -1
2061310443 -1
2061310726 -1
2061345379 1
2061487327 -1
2061576573 1
2061612790 -1
2061751581 1
2061831075 1
2061843428 1
2062108288 -1
2062245539 -1
2062375306 1
2062444082 1
2062643979 -1
2062680598 -1
2062693830 -1
2062699314 -1
2062849521 -1
2062896250 1
2062977678 1
2063113445 1
2063270924 -1
2063679326 1
2064237031 -1
2064255395 -1
2064325922 1
2064603672 -1
2064663651 1
2065475230 -1
2065652155 -1
2066253460 1
2066475130 1
2066483954 -1
2066566074 1
2066635299 -1
2066743509 1
2067085920 1
2067275454 1
2067399356 -1
2067439913 1
2067453439 1
2067594552 -1
2067608588 1
2067680304 1
2067897589 -1
2068044729 1
2068134396 1
2068376823 1
2068423216 -1
2068444201 -1
2068623650 -1
2068667781 1
2069009027 1
2069033129 1
2069042419 1
2069117108 -1
2069208215 1
2069303117 -1
2069497768 -1
2069521695 -1
2069863293 -1
2069912040 1
2070047782 -1
2070138258 -1
2070250830 1
2070385264 -1
2070567468 -1
2070786416 1
2070821903 -1
2070889587 -1
2070971009 1
2071026564 1
2071266755 -1
2071276399 -1
2071578964 -1
2071579124 -1
2071594502 -1
2071663223 1
2071960332 -1
2071973935 -1
2071992005 1
2072030295 1
2072505929 -1
2072643846 -1
2072682564 -1
2072868614 1
2072941267 1
2073040037 1
2073103949 1
2073207849 -1
2073274982 -1
2073402488 -1
2073712507 1
2073786471 -1
2074021001 -1
2074049204 -1
2074159917 1
2074257938 -1
2074295497 1
2074378444 -1
2074382991 -1
2074782396 -1
2074931171 -1
2074944507 -1
2074994296 1
2075337674 1
2075530785 1
2075637668 -1
2075659779 -1
2075740376 -1
2075785578 -1
2075927460 -1
2076252999 1
2076319960 1
2076380010 1
2076484307 -1
2076499466 -1
2076511873 -1
2077013886 -1
2077127638 -1
2077331655 -1
2077353608 1
2077431749 1
2077582146 -1
2077605123 1
2077771729 -1
2077828409 1
2077919582 -1
2078318501 1
2078443421 -1
2078450675 -1
2078512456 1
2078770143 -1
2078845278 1
2078949717 -1
2079150152 -1
2079290090 -1
2079360338 1
2079365306 1
2079567414 1
2079580413 1
2079584789 1
2079796253 1
2080000734 -1
2080377610 -1
2080418769 1
2080456132 -1
2080569959 -1
2080731851 -1
2080811973 1
2080895057 1
2080915861 -1
2080940265 -1
2081244995 -1
2081374083 1
2081840136 1
2082004603 1
2082039984 1
2082579751 1
2082837808 -1
2083009131 -1
2083019031 1
2083031134 -1
2083266570 1
2083378981 -1
2083495402 -1
2083509467 1
2083510710 1
2083544056 -1
2083891430 -1
2084319350 1
2084416912 -1
2084433493 -1
2084483604 1
2084784915 -1
2084987632 -1
2085081671 1
2085083528 -1
2085102860 -1
2085210644 1
2085249434 -1
2085275542 -1
2085433385 1
2085466490 -1
2085531280 1
2085658657 -1
2085828527 -1
2085923654 1
2086195162 -1
2086389469 -1
2086418082 1
2086484818 1
2086547931 -1
2086622421 1
2086671814 -1
2086848444 -1
2087152549 1
2087221993 -1
2087240595 1
2087560744 -1
2087587980 -1
2087602128 -1
2087777354 1
2088155680 -1
2088508658 -1
2088695227 -1
2088748556 1
2088861594 -1
2089096469 1
2089601527 1
2089601921 1
2090073988 -1
2090121348 1
2090138217 1
2090312144 1
2090518568 1
2091076792 -1
2091243059 1
2091274319 -1
2091428052 -1
2091492961 -1
2091536913 1
2091688024 -1
2091744800 -1
2091750706 1
2091969387 -1
2092078246 1
2092546076 -1
2092734222 -1
2092835535 -1
2092875931 -1
2092908840 -1
2093174748 1
2093236482 -1
2093295403 -1
2093364882 1
2093460350 -1
2093495552 1
2093524825 1
2093591791 1
2093601334 -1
2093645038 -1
2093686870 1
2093702044 1
2093874773 -1
2093893743 -1
2093925203 1
2093984666 -1
2094040625 1
2094087594 1
2094089077 1
2094124655 -1
2094342366 -1
2094401028 -1
2094509636 -1
2094560278 1
2095187685 -1
2095260482 1
2095276252 1
2095419682 -1
2095477708 1
2095487752 1
2095925630 -1
2096020639 1
2096057692 -1
2096345067 1
2096398945 1
2096400409 1
2096401866 1
2096426352 1
2096514389 1
2096522457 1
2096547868 1
2096682261 1
2096924400 1
2096967983 -1
2097024501 -1
2097094936 -1
2097239127 1
2097524704 1
2097564259 -1
2097635728 -1
2097655176 -1
2097686613 -1
2097717432 -1
2097820303 -1
2097840253 -1
2097841253 -1
2097904214 -1
2097956305 1
2098199986 -1
2098216509 -1
2098495081 -1
2098608354 -1
2099099664 -1
2099158491 1
2099280223 1
2099342639 1
2099431991 -1
2099511015 -1
2099639117 -1
2099797478 -1
2099954605 1
2099973666 -1
2100202365 -1
2100252181 1
2100440959 1
2100631270 1
2100659703 -1
2100782168 -1
2100809653 1
2101335905 1
2101338154 1
2101476463 1
2101629016 -1
2101665674 1
2101949937 -1
2101982971 -1
2102177603 -1
2102184226 1
2102202389 1
2102287123 1
2102300408 -1
2102361596 1
2102421502 1
2102867343 -1
2102932259 1
2102966821 1
2103061121 -1
2103169264 -1
2103208383 -1
2103288445 1
2103333445 -1
2103409966 -1
2103461112 -1
2103544502 -1
2103782324 1
2104039526 -1
2104374818 -1
2104397044 1
2104475362 -1
2104656142 -1
2104836249 -1
2105354891 -1
2105437503 1
2105450242 1
2105799814 -1
2106076252 -1
2106744624 -1
2106790739 -1
2106811460 1
2106827949 1
2106878777 1
2106957373 -1
2106981435 -1
2107142995 -1
2107853841 -1
2107906936 1
2107999213 -1
2108033130 -1
2108046358 -1
2108062582 1
2108314403 -1
2108436130 1
2108528503 -1
2108580182 -1
2108719211 -1
2108821452 1
2108944442 -1
2108953249 1
2109130115 -1
2109198880 -1
2109391553 -1
2109480477 -1
2109601173 1
2109784806 -1
2109853339 1
2110031718 1
2110121459 1
2110155031 1
2110177400 -1
2110201608 1
2110291028 -1
2110353182 -1
2110391820 -1
2110470499 -1
2110764296 1
2110768565 -1
2110832867 -1
2111004305 1
2111148842 1
2111206992 1
2111270812 1
2111406466 -1
2111521554 1
2111539879 -1
2111659548 -1
2111676228 -1
2111780704 -1
2111923771 1
2111927691 1
2111985222 1
2112228515 1
2112249542 1
2112334664 -1
2112427821 -1
2112510526 -1
2112555083 1
2112652701 -1
2112801829 -1
2112809609 1
2112905050 1
2113060462 1
2113198114 -1
2113218931 -1
2113223943 -1
2113256942 1
2113464711 -1
2113605906 1
2113650710 1
2113706757 1
2113793076 1
2113936245 -1
2114098199 1
2114128049 -1
2114160619 1
2114326835 1
2114337426 1
2114462494 -1
2114486476 -1
2114506889 1
2114648367 -1
2114781367 -1
2115042339 1
2115064263 1
2115085335 -1
2115290841 1
2115305614 1
2115425731 -1
2115463328 -1
2115482076 1
2115550636 -1
2115555103 -1
2115698392 -1
2115741765 1
2115926822 1
2115953765 1
2116148495 1
2116348511 1
2116353055 1
2116603856 -1
2116803069 -1
2116821384 1
2117073622 1
2117086156 -1
2117222319 1
2117222750 1
2117229718 1
2117265964 1
2117454169 1
2117648418 -1
2117675990 -1
2117680471 -1
2118020420 1
2118052621 1
2118185344 -1
2118214078 -1
2118253895 1
2118611307 1
2118838537 1
2119044405 1
2119066354 1
2119493007 -1
2119640152 -1
2119682553 -1
2119696148 1
2119808945 1
2119855652 -1
2120117869 1
2120152947 1
2120569306 -1
2120638612 1
2120707759 -1
2121013069 -1
2121148672 1
2121245722 -1
2121277621 -1
2121307619 1
2121310551 -1
2121319174 1
2121397540 1
2121477970 1
2121498128 1
2121771952 1
2121822986 -1
2121864721 1
2121867830 -1
2121914269 -1
2121942200 -1
2122032829 1
2122052551 1
2122104803 -1
2122292486 1
2122318825 1
2122375482 1
2122430601 1
2122450258 1
2122524646 -1
2122722798 -1
2122924223 1
2123035365 -1
2123213526 -1
2123239495 -1
2123582895 -1
2123792431 -1
2123889327 -1
2123983795 -1
2124237880 -1
2124360929 1
2124907093 -1
2124979979 -1
2125112586 1
2125251916 -1
2125409708 -1
2125412985 -1
2125719915 -1
2125721400 -1
2125747815 -1
2125785823 -1
2125826641 1
2125959174 -1
2126034709 1
2126108293 -1
2126556565 1
2126727711 -1
2126896769 1
2126942461 1
2127034350 -1
2127236053 1
2127625820 1
2127679791 1
2127784095 1
2127948004 -1
2128182858 1
2128336209 1
2128447664 -1
2128609108 -1
2128609293 -1
2129140620 1
2129236403 1
2129392051 1
2129567393 -1
2129598184 1
2129846905 -1
2129914376 -1
2130101374 -1
2130110898 1
2130178182 1
2130221208 -1
2130765043 1
2130777875 1
2130799556 -1
2130955986 -1
2131264548 1
2131273445 1
2131316844 -1
2131371214 -1
2131423175 1
2131515861 -1
2131720229 -1
2131938990 1
2131947765 1
2132021388 1
2132069157 -1
2132145452 -1
2132242546 -1
2132267572 -1
2132470449 -1
2132471782 1
2132695481 1
2132772131 -1
2132932987 -1
2132972112 -1
2133037583 1
2133038396 1
2133056677 1
2133305853 -1
2133319237 1
2133751490 1
2134042507 -1
2134279262 1
2134389523 -1
2134436626 -1
2134514665 -1
2134816848 1
2134933066 -1
2134951592 -1
2135066585 -1
2135185514 1
2135289364 1
2135375297 1
2135435579 -1
2135689337 -1
2136063844 -1
2136109418 1
2136159579 -1
2136261180 1
2136289783 1
2136303022 1
2136566727 -1
2136585190 1
2136626703 1
2136748180 1
2136755552 -1
2136827838 1
2136863113 1
2136947898 -1
2136998131 1
2137053184 -1
2137112506 1
2137141637 -1
2137306272 -1
2137331939 -1
2137769575 1
2137943030 1
2137993974 -1
2138402327 -1
2138481765 -1
2138566425 -1
2138721643 -1
2138844094 -1
2138901612 -1
2138981068 1
2139065453 -1
2139112980 -1
2139180864 1
2139450500 -1
2139651521 -1
2139700564 1
2139766066 1
2139873586 1
2139927301 1
2139965204 -1
2140029427 -1
2140124492 1
2140280960 -1
2140471033 1
2140639763 1
2140724191 -1
2140960398 1
2141008378 1
2141137767 1
2141730191 1
2141827128 -1
2141963256 1
2142043858 -1
2142122920 1
2142165414 1
2142485490 -1
2142659713 -1
2142675930 1
2142791166 1
2143311824 1
2143457741 -1
2143490133 1
2143738435 1
2143937452 -1
2144033508 -1
2144060876 1
2144126297 -1
2144213521 -1
2144476740 1
2144581974 -1
2144675350 -1
2144803016 1
2144845189 1
2144975693 1
2145165640 1
2145334019 -1
2145343862 1
2145449686 -1
2145479028 -1
2145486772 1
2145504621 1
2145689549 1
2145919296 -1
2145935873 1
2145957489 -1
2145959410 -1
2145983718 -1
2145992592 -1
2146035247 1
2146359418 -1
2146432807 1
2146466517 1
2146504696 -1
2146605244 1
2146940096 1
2146957117 1
2147143579 1
2147294342 -1
2147424951 -1
2148006244 -1
2148383270 -1
2148757897 1
2148914643 1
2148980874 1
2149121640 1
2150118336 1
2150152225 1
2150187538 -1
2150624691 1
2150627018 1
2151358635 1
2151437808 -1
2151530822 -1
2151691828 1
2152093019 -1
2152202575 -1
2152254713 -1
2152897073 1
2152932153 -1
2153402879 1
2153428687 1
2153511161 1
2153778715 1
2153934334 -1
2153975043 1
2153998907 -1
2154044114 1
2154352362 -1
2155302899 1
2155538100 -1
2155803201 -1
2156477013 -1
2156528723 1
2156934619 1
2157663229 -1
2157747336 1
2158054038 1
2158082118 1
2158094665 1
2158379260 1
2158420662 1
2158452929 1
2158604570 1
2158645355 1
2159634815 -1
2159940431 -1
2160048934 -1
2160501312 -1
2160539628 -1
2160733696 -1
2160820730 1
2160939979 1
2161070979 1
2161485134 -1
2161873578 -1
2161986407 1
2162349258 1
2162357825 1
2162437361 1
2162620069 1
2162813627 1
2163034217 1
2163323059 -1
2163531123 -1
2163574475 1
2164064081 1
2164104761 1
2164434822 -1
2164541588 1
2164716337 1
2164772585 -1
2165472996 1
2166201916 1
2166296890 -1
2166455113 -1
2166601973 -1
2166984438 -1
2167189393 -1
2167272953 -1
2167355744 -1
2167397885 -1
2167961929 1
2168209160 1
2168434656 1
2168743152 -1
2169582086 -1
2169680962 1
2169819499 1
2170266185 1
2170311099 -1
2170326844 1
2170507396 1
2170777393 1
2170817704 -1
2170934591 -1
2171046355 1
2171065021 1
2171079227 1
2171116030 -1
2171257677 1
2171368709 -1
2171478914 -1
2171575916 1
2171617884 1
2172329229 -1
2172401633 1
2172544338 -1
2172681962 -1
2172870927 -1
2173190952 -1
2173360562 1
2173449426 1
2173563173 1
2173796403 -1
2174260018 -1
2174279815 1
2174424771 -1
2174560170 1
2174577303 -1
2174693234 1
2174813346 -1
2175096934 -1
2175188019 1
2175370304 -1
2175954378 1
2176090497 -1
2176484854 1
2176907335 1
2176984688 1
2177432359 1
2177466354 1
2177684496 -1
2177912785 -1
2177976300 1
2178124016 -1
2178130739 -1
2178220060 1
2178234691 1
2178734206 -1
2178824374 1
2179237644 -1
2179253298 1
2179295168 1
2179422784 1
2179469116 -1
2180043052 -1
2180138431 1
2180144391 -1
2180382393 1
2180393117 1
2180451202 1
2180541122 1
2180649828 1
2180701267 1
2181038691 1
2181324308 1
2181509722 -1
2181736936 1
2181859648 1
2181965258 -1
2182075669 -1
2182087460 -1
2182424932 -1
2182787848 -1
2182868776 -1
2183046717 1
2183311379 -1
2183355717 1
2183429886 1
2183431667 -1
2183676440 1
2183680637 -1
2183805819 1
2184292443 -1
2184317447 -1
2184358511 1
2184586917 -1
2184635339 -1
2184766684 -1
2184848805 -1
2184883506 1
2185089285 1
2185262987 1
2185360853 1
2185489861 -1
2185862849 1
2186207572 1
2186374843 1
2186420041 1
2186683854 -1
2186976382 -1
2187312759 1
2187523823 -1
2187638730 1
2187688562 -1
2187960019 -1
2188207342 1
2188328426 1
2188596714 1
2188626691 1
2189487435 -1
2189928058 1
2190736712 1
2191170810 -1
2191301752 1
2191494602 -1
2191589617 1
2191816507 -1
2192087018 -1
2192448502 -1
2192469268 1
2192493313 1
2192619504 -1
2192674151 1
2193444363 -1
2193484912 1
2193486323 -1
2194008669 -1
2194277690 1
2194326541 1
2194361683 1
2194702874 1
2194810216 1
2194983361 1
2195158795 1
2195267276 1
2195276838 1
2195282588 -1
2195289748 1
2195313747 -1
2195367344 1
2195374560 1
2195980334 1
2196071954 1
2196289954 1
2196296687 1
2196459632 1
2196484380 -1
2196597677 1
2196721785 -1
2197057106 1
2197148733 -1
2197337830 -1
2197393365 1
2197447198 -1
2197628893 1
2197781551 -1
2197815709 -1
2197871793 1
2197910396 -1
2197951232 -1
2198799798 1
2199219784 -1
2199258551 -1
2199373719 -1
2199700680 -1
2199870721 -1
2199882649 -1
2200049830 -1
2200086447 1
2200175977 -1
2200442414 -1
2200620948 -1
2200796153 -1
2200964155 -1
2201132722 -1
2201170464 -1
2201188622 1
2201399459 1
2202128914 -1
2202247300 -1
2202257874 1
2202453366 1
2202624066 -1
2202648898 -1
2202974168 1
2203149704 -1
2203165967 -1
2203986178 -1
2203996388 -1
2204057497 1
2204223512 1
2204227108 1
2204652922 1
2204914404 1
2204949423 -1
2204999281 1
2205118966 1
2205601737 1
2205983363 -1
2206144784 1
2206407069 -1
2206477038 -1
2206531853 1
2206553274 -1
2206967721 -1
2207159202 -1
2207247022 -1
2207621790 1
2207738403 1
2207778018 -1
2207837348 1
2208315612 -1
2208559146 -1
2208916840 -1
2208941160 -1
2209033608 -1
2209203473 -1
2209315987 1
2209520297 1
2209583120 -1
2209592540 -1
2209701267 1
2209710728 -1
2210071887 1
2210193197 1
2210231456 -1
2210818347 1
2210970056 -1
2211107010 1
2211107408 1
2211259318 -1
2211312723 1
2211908738 -1
2212300748 -1
2212453029 1
2212501242 1
2212534615 1
2213235799 -1
2213333865 -1
2213419194 -1
2213522989 -1
2213748172 -1
2213965922 -1
2214073720 -1
2214124529 1
2214286639 1
2214565640 -1
2214740553 -1
2214768207 1
2214830915 -1
2214945367 -1
2215067904 -1
2215086700 -1
2215688033 1
2216126940 -1
2216347069 1
2216525942 -1
2216708090 1
2216799041 -1
2216873139 1
2217118697 1
2217530127 -1
2217601239 -1
2217649958 -1
2217756932 1
2217851651 1
2217866379 -1
2217889986 -1
2217929780 -1
2217945512 1
2217960710 -1
2218197241 -1
2218705493 1
2218751573 -1
2218883867 1
2219218316 -1
2219523443 -1
2219729052 1
2219734632 1
2219823080 1
2219920176 1
2219991068 -1
2220207112 -1
2220414245 1
2220480915 1
2220513686 1
2220570734 1
2220695397 -1
2220704535 -1
2220961625 1
2221313765 -1
2221512198 1
2221998329 -1
2222388248 1
2222411067 -1
2222567814 1
2222746204 1
2223070466 -1
2223135247 1
2223340414 -1
2223345982 1
2223480302 1
2223944208 -1
2224020464 1
2224163544 1
2224227776 -1
2224370351 1
2224542890 1
2224553427 1
2224688895 -1
2224710878 1
2225171540 -1
2225311963 1
2225407796 1
2225414467 -1
2225438937 -1
2225652808 1
2225762487 1
2225786629 -1
2226471978 1
2226541186 1
2226668236 1
2227054473 -1
2227226456 -1
2227254037 1
2227304482 -1
2227426243 -1
2227685395 1
2227807554 -1
2227871792 -1
2227934262 -1
2228550877 1
2228599246 1
2229313146 1
2229907258 1
2230029161 1
2230356116 1
2230891762 -1
2231109813 -1
2231153910 -1
2231242924 1
2231380721 -1
2231598237 1
2231624509 1
2231647859 1
2231882074 1
2232330843 -1
2232948970 1
2233367266 1
2233656046 -1
2234610498 -1
2234833407 1
2235182620 1
2235335819 -1
2235362042 1
2236191578 -1
2236495149 -1
2236692277 -1
2236865616 1
2236946462 -1
2237540600 1
2238131520 1
2238199502 1
2238419042 1
2238525219 -1
2238561296 1
2238797165 1
2238852139 1
2238972995 -1
2238985637 -1
2239021519 1
2239132574 -1
2239275734 1
2239282259 -1
2239723733 1
2240169947 1
2240195356 1
2240450834 -1
2240501432 1
2240587818 1
2240939852 -1
2241005249 -1
2241017500 -1
2241223934 -1
2241440550 1
2241611883 -1
2241738675 1
2241970227 -1
2242036541 1
2242159926 -1
2242359163 -1
2242479329 1
2243504722 -1
2243828956 1
2243858623 -1
2244662082 1
2244949090 1
2245614333 1
2245615369 1
2245674549 1
2245675772 -1
2245680181 -1
2245696281 1
2245743450 -1
2245773402 -1
2246095670 1
2246260591 -1
2246276674 1
2247666507 -1
2247789402 1
2248131535 -1
2248153659 -1
2248257890 -1
2248602952 -1
2249137036 1
2249151458 1
2249168801 -1
2249545462 1
2249826512 1
2249952756 -1
2250125687 -1
2250450506 1
2250541833 -1
2250705514 1
2250884751 1
2251802326 -1
2251826484 1
2251877821 -1
2251939237 -1
2252068953 1
2252582615 1
2253431819 1
2253498917 1
2253692848 1
2253779669 -1
2253799950 1
2254350860 -1
2254988109 -1
2255097489 -1
2256371279 -1
2256649284 1
2256878169 -1
2256963944 1
2257047114 -1
2257061007 -1
2257358785 1
2257418786 1
2257531400 1
2257586014 -1
2257693991 -1
2257991946 1
2259466463 1
2259694338 -1
2259743470 1
2260051315 -1
2260053753 -1
2260198024 1
2260264331 -1
2260339007 -1
2260390480 1
2260426795 -1
2260870576 -1
2261293929 -1
2261293987 -1
2261314458 -1
2261483335 -1
2261551661 -1
2261584730 -1
2261604915 -1
2261791398 -1
2261822130 1
2261889615 -1
2262041766 -1
2262540445 -1
2262605961 1
2262900809 -1
2262954330 -1
2262979074 1
2263099095 -1
2263534663 1
2263617911 -1
2263700005 -1
2263776569 1
2263815750 1
2264077401 1
2264202850 1
2264556852 1
2264692787 1
2264777499 1
2264999309 1
2265506954 -1
2265528673 1
2265764210 1
2266001382 -1
2266191208 -1
2266198119 -1
2266387843 -1
2266765842 -1
2267011826 -1
2267619430 -1
2268174592 -1
2268366539 1
2268616295 1
2268738650 1
2268992487 -1
2269291409 1
2269607407 1
2270061003 1
2270154320 1
2270205787 -1
2270537514 1
2270617162 -1
2270785269 -1
2271077897 -1
2271320448 1
2271502587 1
2271528320 1
2271558454 1
2271628442 -1
2271810497 1
2271972218 -1
2271979100 1
2272056529 -1
2272068057 -1
2272236074 -1
2272491367 1
2272951272 1
2273123503 -1
2273729888 1
2273901101 -1
2274051642 1
2274370590 -1
2274405926 1
2274569883 -1
2274594497 1
2274652143 -1
2274830622 1
2274883431 -1
2275154158 1
2275370988 -1
2275776032 -1
2276166885 -1
2276535867 -1
2276625985 1
2277047796 -1
2277151496 -1
2277176134 -1
2277231220 1
2277235464 -1
2277277482 1
2277460148 1
2277535924 -1
2277740804 -1
2278353468 -1
2278580908 1
2278713999 1
2278796150 1
2278902697 -1
2278932618 1
2279026915 -1
2279252883 -1
2279496013 1
2279536855 -1
2279582522 1
2279753523 -1
2279910104 1
2280069146 1
2280259296 1
2280366166 1
2280794765 -1
2281443629 -1
2281450473 -1
2281748395 1
2282051277 -1
2282432549 1
2282715564 1
2282802194 -1
2282804223 -1
2282864187 1
2282866334 1
2282895269 1
2283158508 1
2283396532 -1
2283656630 1
2283695620 1
2284311270 1
2284478612 -1
2284732682 -1
2284820686 1
2284936543 1
2284998217 1
2285013179 1
2285047305 1
2285247428 -1
2285291235 1
2285306136 1
2285875144 1
2285949590 -1
2286188541 1
2286405041 -1
2286415905 -1
2286441355 1
2286492968 1
2286578484 -1
2286837204 1
2286941088 1
2287283681 -1
2287284217 -1
2287815039 -1
2287925934 1
2288156583 1
2288171985 -1
2288174804 -1
2288390728 -1
2288460961 -1
2288546731 -1
2288580645 -1
2288661482 -1
2288700156 -1
2288729974 -1
2288843776 -1
2288857877 1
2288936390 1
2288994658 1
2289520570 -1
2289949234 1
2290611503 1
2290617124 1
2290731967 -1
2290758047 -1
2291250755 -1
2291400362 1
2291484834 1
2291622579 1
2291657020 -1
2291919049 1
2291956817 -1
2292213313 1
2292357977 1
2292506901 -1
2292544054 1
2292784884 1
2292956577 -1
2293069098 1
2293269384 1
2293430576 1
2293480999 -1
2293595969 -1
2293842583 -1
2293898240 1
2293907160 1
2293993385 -1
2294047046 1
2294481526 1
2294578345 1
2294612944 1
2294753213 -1
2295124464 1
2295422050 1
2295529520 -1
2295742158 -1
2295771359 1
2295828449 -1
2296061094 1
2296212106 1
2296490379 -1
2296587369 -1
2296944748 1
2296955082 1
2297020450 -1
2297379615 1
2297414665 1
2297488997 -1
2297646729 -1
2298004378 -1
2298137261 -1
2298364177 1
2298548827 1
2298551785 -1
2298561562 1
2298767533 1
2299147762 1
2299329041 -1
2299361066 -1
2299571769 -1
2299604730 1
2299605127 1
2299879558 -1
2300069549 1
2300217179 -1
2300294318 1
2300460284 -1
2300652153 -1
2300878489 -1
2301092127 1
2301218628 1
2301267884 -1
2301358684 1
2301707994 1
2301984435 1
2301987812 1
2301998908 1
2302019882 -1
2302374854 1
2302503343 1
2302629460 -1
2302645463 -1
2302664808 1
2302679305 1
2302937740 -1
2302957848 1
2303079897 1
2303085378 -1
2303098100 1
2303317065 -1
2303407195 -1
2303836120 1
2304042147 1
2304186419 -1
2304654824 1
2304660873 -1
2304897354 1
2305140175 1
2305384138 -1
2305555715 1
2305613882 -1
2305879232 1
2305923846 -1
2305959494 -1
2306011488 1
2306026114 -1
2306564194 1
2306763817 -1
2306836316 -1
2306913118 -1
2307006378 -1
2307125894 -1
2307243617 1
2307525550 -1
2307797782 -1
2307872081 -1
2308006823 -1
2308051883 -1
2308133565 1
2308667024 1
2308745265 1
2308819755 1
2308956601 -1
2308977865 1
2309365179 -1
2309556986 -1
2309662026 -1
2309848250 1
2309945488 -1
2310033082 1
2310334156 -1
2310603455 1
2310953813 1
2311246725 1
2311405942 -1
2311450090 -1
2311559451 1
2312087456 -1
2312121813 -1
2312219628 1
2312356833 -1
2312387035 -1
2312451628 1
2312980530 -1
2313034155 -1
2313081607 -1
2313096791 1
2313290720 1
2313454348 -1
2313523412 1
2313607144 1
2313616094 1
2313661871 -1
2313682417 1
2314021889 1
2314483577 1
2314524369 -1
2314558173 -1
2315018112 -1
2315576241 -1
2315680013 -1
2315782737 -1
2316744007 -1
2316806824 1
2316898990 -1
2317223960 1
2317239698 1
2317431150 1
2317837863 -1
2317888550 1
2318054291 -1
2318127373 1
2318358549 1
2318453471 -1
2318611861 1
2318648622 -1
2318715380 1
2318746482 -1
2318820247 1
2318825058 -1
2319172698 1
2319350434 1
2319550251 -1
2319571325 1
2319699842 -1
2319754305 -1
2319869331 1
2320038717 -1
2320133379 -1
2320252995 1
2320559520 -1
2321105120 1
2321463994 -1
2321631557 1
2321762707 -1
2321844032 -1
2321877241 1
2322492976 -1
2322739773 1
2322858837 -1
2323579679 -1
2323648091 -1
2323863157 -1
2323901786 1
2323997490 1
2324187237 1
2324375698 -1
2324478933 -1
2324631166 -1
2324765413 -1
2324767907 -1
2324842385 1
2325135567 1
2325343226 -1
2325394316 1
2325828941 -1
2325947118 -1
2326120503 -1
2326308994 -1
2326434120 -1
2326448656 1
2326534596 1
2326631094 1
2326652720 1
2327079183 1
2327111901 1
2327275746 1
2327455922 -1
2327723583 1
2327736470 1
2328076346 1
2328115632 -1
2328226760 1
2328411610 -1
2328591007 1
2328721336 1
2328873616 1
2328918932 -1
2329016385 1
2329339550 1
2329418535 1
2329685968 1
2329689288 1
2329759340 1
2329798642 -1
2329884720 -1
2329977783 1
2330384913 1
2330611153 1
2330939998 -1
2331052674 1
2331458731 1
2331565976 -1
2331620591 -1
2331722391 -1
2331956829 -1
2332050081 -1
2332104784 1
2332234462 -1
2332924428 1
2333048651 1
2333234750 -1
2333254838 -1
2333540260 -1
2333976617 -1
2334032998 1
2334156654 1
2334309963 -1
2334401442 -1
2334519486 -1
2334541277 -1
2334612383 1
2334658038 1
2334784653 -1
2334817404 -1
2335405884 -1
2335597722 -1
2335700056 -1
2335948055 1
2336196913 1
2336422392 1
2336483533 -1
2336569658 -1
2336602081 -1
2336612178 1
2336798207 -1
2336891625 1
2336891868 -1
2337033886 1
2337404923 1
2337515608 -1
2337611539 1
2337750808 1
2337757505 -1
2337775341 1
2337791242 1
2337889697 1
2337964480 -1
2338041364 -1
2338094355 -1
2338189970 1
2338214015 -1
2338295345 1
2338546758 1
2338656568 1
2338812363 1
2339455958 -1
2339583023 1
2339716134 1
2340048960 -1
2340180886 1
2340214884 -1
2341050278 1
2341121810 -1
2341185889 1
2341320309 -1
2341581414 -1
2341783242 -1
2341989207 1
2342096330 1
2342290862 -1
2342433299 -1
2342504198 -1
2342543464 1
2342832595 -1
2342965167 -1
2343186667 -1
2343245198 1
2343762324 -1
2343912342 -1
2344055313 1
2344292828 -1
2344491164 1
2345008657 -1
2345060728 -1
2345078365 -1
2345240092 1
2345412488 -1
2345514349 -1
2345672331 -1
2346003965 -1
2346106115 -1
2346117981 1
2346451831 1
2346527632 -1
2346631087 1
2346910482 1
2347468527 -1
2347728071 -1
2347876981 1
2348052893 -1
2348206373 1
2348293773 -1
2348311174 1
2348455676 1
2348637666 -1
2348736616 -1
2348865808 -1
2349149619 -1
2349194102 1
2349223263 1
2349358140 -1
2349604157 -1
2349984216 -1
2350032888 1
2350090952 1
2350323905 1
2350328446 1
2350659119 -1
2350982480 -1
2351071722 -1
2351195992 1
2351369434 1
2351398087 1
2351482884 -1
2351496277 1
2351654476 -1
2351724475 -1
2351986366 1
2352072721 -1
2352179511 1
2352493965 1
2352633163 1
2352640385 -1
2352742960 -1
2352910192 1
2352977606 -1
2352984543 1
2353220677 1
2353697729 -1
2353845924 -1
2353896979 -1
2354264410 1
2354394636 -1
2354410814 -1
2354491456 1
2354629323 1
2354847391 -1
2354859694 1
2355230601 1
2355343935 -1
2355829891 -1
2356212679 -1
2356451332 1
2356641087 -1
2356692257 -1
2356962626 1
2357052597 -1
2357169762 -1
2357267671 1
2357771987 1
2358158129 1
2358221642 1
2358282695 -1
2358591447 1
2358646517 -1
2358776565 1
2358846634 -1
2359118933 -1
2359121109 1
2359241470 -1
2359542370 -1
2359620047 -1
2359684600 1
2359744332 -1
2359776455 -1
2359920720 -1
2360072068 1
2360140176 -1
2360142760 -1
2360264196 1
2360549806 -1
2360574240 -1
2360647439 -1
2360668523 1
2360728193 -1
2360923377 -1
2360968265 1
2361045760 -1
2361132248 -1
2361199954 1
2361204460 -1
2361504378 1
2361525285 -1
2361833473 1
2361888318 -1
2362036261 -1
2362109443 -1
2362131343 -1
2362134173 -1
2362232294 -1
2362327051 -1
2362754426 1
2362929540 -1
2363836914 1
2364488874 -1
2364543472 -1
2364643787 -1
2364682957 -1
2364827305 -1
2364902727 1
2365059746 1
2365064061 1
2365318000 1
2365373225 1
2365434879 -1
2365529459 -1
2365742516 -1
2366024154 1
2366062763 1
2366239543 -1
2366465372 1
2366523385 -1
2366751126 1
2366870577 1
2367118349 -1
2367139628 -1
2367244415 -1
2367414543 -1
2367495365 1
2367530902 -1
2367581472 1
2368152649 -1
2368157395 1
2368219414 -1
2368230301 -1
2368478158 1
2368507037 1
2368592773 -1
2369174802 -1
2369293448 1
2369706847 1
2369740684 -1
2370001524 1
2370029406 1
2370549731 -1
2370559956 1
2370626791 -1
2370729623 1
2370753262 1
2370951358 -1
2371013611 -1
2371291216 1
2371476499 1
2371634903 -1
2371794315 -1
2371865629 1
2372025524 1
2372262250 1
2372453044 -1
2372513229 -1
2372594718 1
2372652334 -1
2372658998 1
2372873724 1
2373128528 1
2373254769 -1
2373358443 -1
2373582653 1
2373657004 -1
2373688010 1
2373738504 -1
2373909126 -1
2374285457 -1
2374601316 1
2374668831 -1
2374685334 1
2374803224 1
2374842415 1
2375061173 -1
2375092710 1
2375161828 -1
2375306572 -1
2375379157 1
2375419291 1
2375450140 -1
2375461765 -1
2375499830 1
2375577663 -1
2375602372 1
2375687177 1
2375708212 1
2375886495 1
2375952251 1
2376144479 -1
2376158848 -1
2376176003 1
2376478746 -1
2376635305 -1
2376819362 -1
2376860934 -1
2376951979 1
2377059862 -1
2377133352 -1
2377185404 -1
2377429200 -1
2377727573 -1
2378369438 1
2378639692 1
2378646332 1
2378668829 -1
2378692560 -1
2378963562 -1
2379193583 -1
2379475102 1
2379786035 -1
2379873759 -1
2380098646 -1
2380110133 -1
2380713651 1
2380717070 1
2380811845 1
2381008288 -1
2381045694 1
2381082131 -1
2381199930 -1
2381361289 1
2381482076 -1
2381525218 -1
2381729099 1
2381848289 -1
2381849291 1
2381968833 1
2382007982 1
2382032499 1
2382103961 -1
2382258715 1
2382522445 1
2382666036 -1
2382855457 -1
2382887440 1
2383131161 -1
2383307222 -1
2383326322 1
2383476799 -1
2383500912 -1
2383606061 -1
2383763956 -1
2383768434 1
2383827297 -1
2383924084 -1
2383953202 -1
2384071053 -1
2384143717 1
2384155251 -1
2384268796 1
2384313989 -1
2384318634 -1
2384403058 -1
2384427563 1
2384453985 1
2384475545 1
2384782912 1
2384839820 1
2384854058 1
2384896426 1
2385150874 1
2385178679 1
2385719814 1
2385757752 1
2385940894 -1
2385971556 1
2386151596 1
2386221404 -1
2386249455 -1
2386444356 -1
2386519523 -1
2386618398 1
2386794685 -1
2386863756 1
2386950221 -1
2387005203 1
2387036316 1
2387114246 -1
2387181671 1
2387511667 1
2387841664 1
2387990764 1
2388137420 1
2388153326 1
2388159452 -1
2388279408 1
2388341779 -1
2388561539 -1
2388626795 -1
2388827417 -1
2388948360 -1
2389032620 1
2389139984 1
2389558019 -1
2389638485 -1
2389638607 1
2389705711 1
2389932400 1
2389977607 -1
2390100103 1
2390199149 1
2390472863 -1
2390538723 -1
2390983982 -1
2391469227 -1
2391563098 1
2391659823 1
2391952037 -1
2392492134 1
2392502336 -1
2392516120 -1
2392539934 1
2392617221 -1
2392658565 1
2392753547 1
2392928217 1
2392969457 1
2393072528 -1
2393247630 1
2393540841 1
2393598202 -1
2393683843 1
2393740664 1
2394151753 1
2394185326 1
2394232432 -1
2394312727 -1
2394342751 1
2394416201 1
2394423621 -1
2394731447 -1
2394756190 1
2394817259 1
2394987836 -1
2395406313 -1
2395445364 -1
2395480794 1
2395597517 -1
2395683862 1
2395824601 -1
2396329459 -1
2396771111 -1
2396991262 1
2397112754 -1
2397727792 -1
2398014272 1
2398052598 1
2398138665 1
2398148359 -1
2398212805 1
2398214049 -1
2398219224 1
2398295802 -1
2398327785 -1
2398655031 -1
2399024743 1
2399129010 1
2399255830 1
2399286231 -1
2399462073 -1
2399573500 -1
2399647129 -1
2399863149 1
2400000695 -1
2400139845 1
2400239383 1
2400419406 -1
2400430562 1
2400486844 1
2400696666 -1
2400797355 1
2400903774 1
2401076419 -1
2401141484 -1
2401151969 1
2401283242 1
2401349759 1
2401672211 1
2401691135 -1
2401703869 -1
2401864550 1
2402004911 1
2402193055 -1
2402232936 -1
2402256578 -1
2402326198 1
2402332569 -1
2402360545 1
2402366948 1
2402433049 -1
2402464221 -1
2402664819 1
2402779800 1
2402937508 -1
2403004405 -1
2403063183 1
2403710686 1
2403804420 1
2403877855 1
2404312033 1
2404491902 -1
2404682284 1
2404802953 -1
2404898470 -1
2405018758 -1
2405352747 1
2405359283 -1
2405371770 -1
2405598376 1
2405606671 1
2405658711 -1
2405812178 -1
2405974501 1
2406000746 -1
2406015915 -1
2406087836 -1
2406111865 -1
2406133543 1
2406267737 -1
2406329854 1
2406343135 1
2406511493 -1
2406598765 1
2406790312 -1
2406848709 1
2406965675 -1
2407037266 -1
2407132024 -1
2407591273 -1
2407616908 -1
2408133719 1
2408170009 1
2408170486 1
2408398279 1
2408477986 1
2408621153 -1
2409062759 -1
2409118932 -1
2409121787 1
2409131573 -1
2409216700 1
2409252733 -1
2409339371 -1
2409382061 1
2409631416 -1
2409806305 1
2409892463 1
2409896332 -1
2409912712 -1
2409971874 -1
2410044596 -1
2410428764 -1
2410791692 -1
2410892635 -1
2410928385 1
2411018510 1
2411055375 1
2411267655 -1
2411319718 1
2411341528 1
2411350514 1
2411461669 1
2411637595 1
2411927023 -1
2412019554 -1
2412110238 1
2412350171 1
2412441211 -1
2412618754 1
2412731650 -1
2412747756 1
2412915262 -1
2413084600 1
2413284080 1
2413347729 1
2413715351 1
2413746292 -1
2414374374 -1
2414723531 -1
2414831716 -1
2414880163 1
2415036815 1
2415221592 1
2415488246 -1
2415595393 -1
2416034861 1
2416099178 1
2416818133 -1
2416872461 -1
2416990193 -1
2416992735 1
2417105036 1
2417137796 -1
2417591875 1
2417818769 1
2417881562 1
2418019696 -1
2418194125 1
2418233034 -1
2418371011 1
2418623319 -1
2418664993 1
2419082144 -1
2419335635 1
2419673636 1
2419907661 1
2420059855 1
2420168996 -1
2420208139 -1
2420231488 -1
2421068492 1
2421214753 1
2422259941 1
2422465790 -1
2423107004 1
2423193925 -1
2423389313 1
2423594236 1
2423609421 1
2423626499 -1
2423637188 -1
2423691589 -1
2423821679 1
2424301745 1
2424357280 1
2424436404 1
2424520865 -1
2424540702 1
2424658071 -1
2424710006 -1
2424724558 1
2425129107 -1
2425140242 1
2425456339 -1
2425690459 1
2425835395 -1
2425907455 -1
2426305349 -1
2426331377 1
2426367151 1
2426882891 1
2426887805 1
2427023351 1
2427604154 1
2427688399 -1
2427716953 1
2427834613 -1
2427912322 1
2427974358 -1
2428092980 1
2428355265 1
2428419836 1
2428439139 1
2428498290 -1
2428530966 1
2428745370 -1
2428872735 -1
2429124284 -1
2429320441 1
2429329487 -1
2429348814 1
2429391641 -1
2429625911 -1
2429672619 -1
2429674467 -1
2429757104 1
2429771472 1
2430212847 -1
2430254403 -1
2430277209 -1
2430345083 1
2430455924 -1
2430472467 -1
2430786905 -1
2430790994 -1
2430870390 -1
2430896263 -1
2431086875 -1
2431189072 -1
2431579529 -1
2431606951 1
2431745996 -1
2431964831 1
2432238844 1
2432243491 -1
2432295224 -1
2432358270 1
2432837975 -1
2432908453 -1
2432921664 -1
2432962112 1
2433034637 1
2433147541 -1
2433334594 -1
2433353682 1
2433598954 -1
2433606375 1
2434311637 1
2434374567 -1
2434400741 -1
2434456932 -1
2434625258 -1
2434780143 -1
2434879973 -1
2434917671 1
2435004183 1
2435018392 1
2435111681 1
2435241166 -1
2435249490 -1
2435469261 -1
2435833633 1
2435939533 1
2435963045 1
2436186227 1
2436646886 1
2436729797 1
2437114405 1
2437148728 -1
2437245074 1
2437290260 1
2437360702 -1
2437731883 -1
2437868741 -1
2437951854 -1
2437969547 -1
2438039316 -1
2438083329 -1
2438111926 1
2438119652 1
2438449047 -1
2438451998 1
2438591940 -1
2439118342 -1
2439118721 -1
2439222946 -1
2439893373 -1
2439943576 -1
2440117041 -1
2440304044 1
2440398333 -1
2440428548 -1
2440446532 1
2441008149 1
2441029198 -1
2441200153 1
2441253474 1
2441294949 1
2441546777 -1
2441666690 1
2441745251 -1
2441853330 -1
2442014043 -1
2442130693 1
2442163127 1
2442508111 -1
2442815971 -1
2442919412 1
2443049685 1
2443073399 1
2443378061 1
2443442960 -1
2443450036 -1
2443574349 1
2443722936 1
2444179252 -1
2444191878 -1
2444283627 -1
2444337206 1
2444537716 -1
2444673731 1
2444716910 -1
2444739486 -1
2444776997 -1
2444805705 -1
2444856129 1
2445022287 1
2445027163 1
2445109804 -1
2445136322 1
2445209254 -1
2445220339 1
2445230961 1
2445314853 -1
2445534697 1
2445904654 -1
2446118282 1
2446295723 1
2446380033 -1
2446535302 -1
2446791018 1
2446901234 1
2446997824 1
2447062362 -1
2447088300 1
2447426600 -1
2447701690 -1
2447715061 1
2447716316 1
2447953499 1
2447982745 1
2448072966 1
2448199067 -1
2448535242 -1
2448675233 -1
2448748405 1
2448778575 -1
2448816071 -1
2448929129 1
2448952037 1
2449150223 -1
2449222702 -1
2449352912 -1
2449463736 1
2449644254 1
2449666216 1
2449808948 1
2449828777 -1
2449888040 1
2449922343 -1
2450051305 1
2450060698 -1
2450069283 1
2450521402 1
2450542884 1
2450605200 1
2450611940 1
2450639639 1
2450899946 1
2450931794 1
2450983347 -1
2451058551 -1
2451174302 -1
2451189614 -1
2451503762 -1
2452068149 -1
2452556778 -1
2452923418 1
2453213361 -1
2453315690 1
2453358402 -1
2453429364 1
2453471506 -1
2453546114 1
2453574832 -1
2453716299 -1
2453730947 -1
2453803449 1
2453867173 -1
2453890206 1
2454103850 1
2454108334 1
2454143023 1
2454370233 1
2454503302 1
2454547679 1
2454615469 -1
2455086756 -1
2455138543 -1
2455157120 -1
2455213299 1
2455340060 -1
2455372341 -1
2455375948 -1
2455574954 -1
2455624867 1
2456152285 -1
2456279432 -1
2456284580 -1
2456297626 -1
2456342143 1
2456528165 1
2456628059 1
2456682516 1
2456694631 -1
2456735455 1
2456804571 -1
2456934657 -1
2457679111 1
2457716413 -1
2457872885 -1
2457923898 1
2458447017 1
2458497238 1
2458504611 1
2458544973 -1
2458693495 1
2459350157 -1
2459446245 1
2459481904 1
2459489400 1
2459935948 -1
2459974055 1
2460257574 -1
2460286296 1
2460620905 -1
2460908429 -1
2461213397 1
2461243714 -1
2461327264 1
2461773171 1
2461813673 -1
2461983917 -1
2462497387 1
2462504029 1
2462505003 1
2462509632 1
2462635291 -1
2462824034 1
2462839671 -1
2462843556 -1
2463042373 1
2463108635 -1
2463357785 -1
2463585491 -1
2463758543 -1
2463800708 1
2464029458 -1
2464217238 -1
2464327222 -1
2464392641 -1
2464475631 1
2464491974 -1
2464874384 -1
2465063666 1
2465071384 -1
2465142551 1
2465259281 1
2465964260 -1
2466543555 1
2467182483 1
2467232082 -1
2467235722 -1
2467291559 1
2467355547 -1
2467526879 -1
2468013056 -1
2468200859 1
2468203477 1
2468241064 -1
2468317525 1
2468330003 -1
2468398563 1
2468462372 1
2468601451 -1
2468625717 -1
2468823917 1
2468906307 -1
2469325160 -1
2469566916 1
2469693845 1
2469833910 -1
2469937739 -1
2469938580 -1
2469962498 -1
2470044301 -1
2470073048 1
2470330696 1
2470436622 1
2470454053 1
2470499065 1
2470596075 1
2470646899 1
2470706416 1
2470838549 -1
2470933160 1
2470979587 -1
2471063197 1
2471101156 -1
2471145335 1
2471293183 1
2471652808 -1
2471903874 1
2471923646 -1
2471951395 1
2472294313 1
2472320789 1
2472333848 1
2472360047 -1
2472439328 -1
2472812459 1
2472980388 -1
2472981796 -1
2473040413 -1
2473314759 -1
2473435280 -1
2473681009 1
2473969942 1
2474703941 -1
2475148363 -1
2475213779 1
2475299422 1
2475397382 -1
2475416576 1
2475648554 1
2475739558 1
2475762449 1
2476142396 -1
2476177959 -1
2476453960 -1
2476458771 1
2476544416 1
2476630705 -1
2477088161 1
2477274891 -1
2477308725 1
2477377335 1
2477401677 1
2477458816 1
2477687650 1
2477753711 1
2477843209 1
2477947269 -1
2477951561 1
2477992824 -1
2478019811 -1
2478120895 -1
2478184596 1
2478344469 1
2478390137 1
2478433146 -1
2478436250 -1
2478662707 1
2478831844 -1
2479217177 1
2479277464 -1
2479318270 1
2479369502 -1
2479713841 1
2479809625 1
2480129296 1
2480221835 -1
2480236792 1
2480356441 1
2480447495 -1
2480871926 1
2481001170 1
2481519198 -1
2481641248 1
2481686420 -1
2481725600 1
2481906321 1
2481967097 1
2482078139 -1
2482536338 1
2482858602 1
2482879610 -1
2482948532 -1
2483052714 -1
2483390818 -1
2483618865 1
2483834801 1
2484018324 1
2484025806 1
2484045589 1
2484048415 -1
2484225017 1
2484328721 -1
2484621489 -1
2484739891 -1
2484964272 1
2485177746 1
2485274764 1
2485301598 -1
2485448279 -1
2485601671 -1
2485608525 1
2485634430 1
2485884251 1
2486287563 1
2486297816 1
2486392909 1
2486486459 -1
2486509591 1
2486653823 -1
2486653977 -1
2486791290 -1
2486887488 1
2487138134 -1
2487401632 1
2487498835 1
2487663967 1
2487690740 -1
2487756107 1
2487798099 1
2488003905 1
2488150575 -1
2488319754 1
2488402623 1
2488422706 -1
2488425163 1
2488569362 -1
2488628192 -1
2488805709 -1
2488897272 1
2488942697 -1
2489071707 1
2489137709 -1
2489571617 -1
2489586240 1
2489646888 -1
2489703513 -1
2489718110 -1
2489770653 1
2489949959 1
2490125644 1
2490328942 1
2490832925 -1
2491112510 -1
2491470851 -1
2491610162 1
2491627012 1
2491657917 -1
2491756577 1
2491790936 -1
2491870964 -1
2492002733 -1
2492041961 1
2492243643 1
2492306990 1
2492437383 1
2492618294 -1
2492657105 1
2492676200 -1
2492730236 1
2492760082 1
2492797820 -1
2492811983 -1
2492824923 1
2492923625 -1
2493120238 1
2493216004 1
2493269272 -1
2493290836 1
2493314370 -1
2493520285 -1
2493650653 1
2493666995 1
2493710289 -1
2493916483 -1
2493931253 -1
2493971027 1
2494041739 1
2494050639 1
2494085887 -1
2494107184 1
2494128092 1
2494306406 -1
2494652320 1
2494754938 -1
2494886848 1
2494992834 1
2494995444 1
2495259238 -1
2495483472 1
2495529954 1
2495960979 -1
2496020456 -1
2496034824 -1
2496151819 -1
2496450610 -1
2496522666 -1
2496528793 -1
2496560149 1
2496587741 -1
2496588919 1
2496725450 1
2496769019 -1
2496971304 1
2497314259 1
2497353355 -1
2497434937 1
2497650556 1
2497660679 -1
2497923459 -1
2498344787 1
2498550057 -1
2498731238 -1
2498835061 -1
2498985801 1
2498991441 1
2499186425 -1
2499769508 -1
2499794894 -1
2499882729 -1
2499959900 1
2500145360 1
2500178948 1
2500521178 -1
2500604565 -1
2500633390 1
2501069674 -1
2501359608 -1
2501416139 1
2501518320 -1
2501542430 1
2501717554 -1
2501951098 1
2502036607 -1
2502138711 -1
2502328437 1
2502731107 -1
2502921957 -1
2503099097 -1
2503300989 -1
2503320060 1
2503540661 1
2504035356 -1
2504037162 -1
2504208069 1
2504257720 -1
2504493271 1
2504552677 -1
2504720548 1
2504749029 -1
2504914224 1
2505114990 1
2505691153 -1
2505736839 -1
2505746333 -1
2506073689 1
2506490479 -1
2506600720 1
2506822921 1
2506969424 -1
2506989799 -1
2507142182 -1
2507183067 1
2507252088 1
2507269152 -1
2507676112 1
2507947436 1
2508101992 1
2508281438 -1
2508379660 1
2508399336 -1
2508412786 1
2508492048 1
2508533408 -1
2508596695 -1
2508647609 1
2508680611 -1
2508906104 1
2509262976 -1
2509319343 1
2509441819 -1
2509485142 1
2509779936 -1
2509794179 -1
2510052139 -1
2510093202 -1
2510427275 1
2510750412 1
2510940794 -1
2511221663 1
2511361232 1
2511450795 -1
2511533860 -1
2511578969 1
2511661225 -1
2511669784 -1
2511702992 -1
2511806910 1
2512044267 -1
2512353767 -1
2512440405 1
2512675820 1
2512765015 1
2512793179 1
2513056200 -1
2513165305 -1
2513295288 -1
2513450636 -1
2513451710 1
2513552630 -1
2513603673 -1
2513632525 1
2513796649 -1
2513842373 1
2513877063 -1
2513950647 1
2514040263 1
2514099755 -1
2514229012 1
2514289452 1
2514547016 -1
2514564529 1
2514585328 1
2514622932 1
2514797119 1
2514939727 1
2514967700 -1
2515016788 -1
2515017749 1
2515022756 1
2515232064 -1
2515235392 -1
2515367871 -1
2515414999 -1
2515725727 -1
2515744252 1
2515747585 1
2516151051 -1
2516171544 1
2516271332 1
2516334234 -1
2516481083 1
2516490777 1
2516511906 1
2516571349 -1
2516653142 -1
2516712856 1
2516731898 1
2516803124 -1
2516809197 1
2517160775 1
2517430037 1
2517502502 1
2517636851 -1
2517734342 1
2517887006 1
2517897066 -1
2518002920 -1
2518010488 1
2518047808 -1
2518161845 -1
2518188895 1
2518310115 1
2518350609 1
2518382045 -1
2518421084 1
2518487079 -1
2518515866 1
2518522859 1
2518593787 1
2518617115 1
2518650460 1
2518932492 1
2518963607 1
2519188289 1
2519197456 1
2519247183 -1
2519530094 1
2519884965 -1
2519981773 -1
2520172154 -1
2520194494 -1
2520398104 -1
2520906502 -1
2520911295 -1
2520913233 1
2521011291 1
2521059654 -1
2521104212 -1
2521111722 1
2521143725 1
2521251841 -1
2521316308 -1
2521466739 -1
2521610891 1
2521780965 -1
2521838413 1
2521847033 -1
2521866745 -1
2522051350 1
2522278467 -1
2522372052 1
2522487546 1
2523010110 -1
2523206133 1
2523443315 -1
2523561364 1
2523617767 -1
2523655655 -1
2523867882 1
2523893446 1
2524330383 1
2524454320 -1
2524856373 1
2524911593 -1
2525161148 -1
2525246669 1
2525536278 -1
2525789671 1
2525998356 1
2526026236 -1
2526139331 1
2526198585 -1
2526552843 -1
2526604185 -1
2526627651 -1
2526727805 1
2526814252 -1
2526991188 -1
2527200104 -1
2527430696 -1
2527434360 1
2527564516 -1
2527594080 -1
2527615918 -1
2527618298 -1
2527674533 -1
2527749158 1
2527797346 1
2528007856 1
2528146119 1
2528339043 1
2528349842 1
2528437038 1
2528446609 1
2528493204 1
2528534687 1
2528628603 -1
2528660408 1
2528914634 1
2528970259 1
2529153419 -1
2529544318 1
2529844288 1
2529849520 1
2530406426 -1
2530505606 1
2530686199 1
2530712214 1
2530786519 1
2531014199 -1
2531095508 -1
2531118271 1
2531198895 1
2531268855 1
2531500670 1
2531534403 1
2531868955 1
2531935296 -1
2531943202 1
2532102541 1
2532210892 -1
2532680670 -1
2532689073 -1
2532808365 -1
2533113351 -1
2533372521 1
2533380576 -1
2533386656 1
2533391841 -1
2533554426 1
2533907071 1
2533980712 -1
2534010745 1
2534108479 1
2534243087 1
2534266937 1
2534330284 -1
2534367767 1
2534488977 1
2534500827 -1
2534738434 -1
2534832284 -1
2534867470 1
2535000458 1
2535123283 -1
2535276762 1
2535293207 1
2535375869 1
2535645219 1
2535680674 -1
2535745521 -1
2535823775 1
2535913390 -1
2536302873 1
2536600398 1
2536617002 1
2536901863 1
2536904315 1
2537106686 -1
2537125731 1
2537153940 1
2537212245 -1
2537596048 -1
2537657791 -1
2537718485 1
2537850645 -1
2537870897 -1
2538017479 -1
2538070073 -1
2538094299 1
2538485600 -1
2538537039 -1
2538564237 -1
2538634606 -1
2538978167 -1
2539049663 -1
2539189182 1
2539243634 -1
2540029404 1
2540103519 1
2540132351 -1
2540249746 1
2540289313 1
2540486583 1
2540512525 -1
2540525527 -1
2540584780 1
2540669064 1
2540837303 -1
2540968118 -1
2541100130 1
2541210742 -1
2541285098 -1
2541388028 -1
2541593996 1
2541805943 1
2542068976 1
2542086836 -1
2542202806 -1
2542268170 -1
2542290176 1
2542328061 1
2542378566 1
2542461440 1
2542534740 -1
2542590245 -1
2542705999 1
2542765585 1
2543090229 1
2543118593 -1
2543218808 -1
2543864431 1
2543963045 1
2544050934 1
2544091360 1
2544236671 -1
2544247287 -1
2544374015 1
2544378514 1
2544390081 1
2544425900 1
2544443724 1
2544802118 -1
2545179279 1
2545475923 -1
2545575223 -1
2545582105 -1
2545612398 1
2545664574 -1
2545679413 -1
2545868420 -1
2546093833 -1
2546419975 1
2546574615 1
2546610333 1
2546683749 1
2546732908 1
2546915354 1
2546940000 1
2547010328 1
2547127427 1
2547149281 -1
2547150207 -1
2547406410 -1
2547478471 -1
2548083543 1
2548494985 1
2548602114 -1
2548621433 1
2548793187 -1
2548965635 1
2549082818 -1
2549404042 -1
2549442422 -1
2549672837 -1
2549824420 1
2549830787 -1
2549848869 1
2549915134 -1
2549947552 -1
2550031052 1
2550152429 1
2550211066 -1
2550238736 -1
2550260841 -1
2550447065 -1
2550699082 -1
2550791032 1
2550818280 1
2550888333 -1
2550987826 -1
2551013814 -1
2551074787 -1
2551103225 1
2551267426 -1
2551480163 -1
2551494910 -1
2551619628 -1
2551850634 1
2552393086 -1
2552595541 1
2552877243 1
2552882658 -1
2552889248 1
2552953845 1
2553140406 1
2553198314 1
2553310921 1
2553459383 -1
2553984572 1
2554598655 -1
2554800301 -1
2554961767 -1
2555444399 1
2555486716 1
2555559817 -1
2555619221 1
2555732269 -1
2555783550 1
2555817102 -1
2555939443 1
2556176243 -1
2556423952 -1
2556558718 -1
2556741514 1
2556847611 1
2556964396 -1
2557039012 -1
2557055650 1
2557057421 1
2557279059 1
2557297005 1
2557490940 1
2557811330 1
2557856431 1
2557867395 1
2558042993 1
2558233678 -1
2558259721 1
2558577930 1
2558609272 -1
2558805928 1
2558914206 1
2558965112 1
2559000570 1
2559006349 1
2559073509 1
2559123378 1
2559223804 -1
2559378991 -1
2559432653 1
2559562820 1
2559836191 -1
2559856178 -1
2559877889 1
2560218726 1
2560243263 -1
2560317877 -1
2560625688 -1
2560640058 1
2560723876 -1
2560869214 1
2560886043 -1
2561057648 -1
2561123643 -1
2561183036 1
2561684284 -1
2561832304 1
2561834020 1
2561957463 1
2562008030 -1
2562275410 1
2562313177 -1
2562451995 -1
2562523432 1
2562582909 1
2562643425 1
2562657837 -1
2562804722 -1
2562816067 1
2562912455 1
2562985995 -1
2563088584 -1
2563348909 -1
2563373390 1
2564114040 1
2564266366 -1
2564298996 -1
2564561766 -1
2564968506 -1
2564981377 -1
2564999507 -1
2565042001 -1
2565063690 -1
2565417303 1
2565513602 -1
2566456716 1
2566498409 1
2566532198 1
2566693110 1
2566897030 -1
2566989470 -1
2566999971 -1
2567023748 1
2567189749 -1
2567208254 -1
2567297150 1
2567456768 1
2567753451 -1
2567756292 1
2568259454 1
2568386127 -1
2568555815 1
2568557638 -1
2568731171 -1
2568756905 -1
2568797218 1
2569072468 -1
2569152250 -1
2569177176 -1
2569366948 1
2569899580 1
2569931636 -1
2569979979 -1
2570095815 1
2570199886 1
2570224125 1
2570309897 1
2570557308 -1
2570730047 1
2570996223 -1
2571310134 1
2571315198 -1
2571608254 1
2571848518 -1
2572151791 1
2572163045 1
2572169256 -1
2572253265 1
2572395036 1
2572555855 -1
2572639327 -1
2572643105 -1
2572657474 -1
2572704085 1
2572808281 1
2573115496 1
2573135463 -1
2573391220 -1
2573625290 -1
2573626716 1
2573644792 1
2573656284 1
2573884673 1
2573970997 1
2573994526 1
2574001352 1
2574159193 -1
2574264960 -1
2574290626 -1
2574367577 -1
2574421159 1
2574496705 1
2574644493 1
2574854724 1
2574958220 1
2575091162 1
2575117349 1
2575284474 -1
2575335435 1
2575505726 -1
2575609517 1
2575675204 1
2575817832 -1
2576144978 -1
2576156244 -1
2576324985 1
2576548477 -1
2576569448 -1
2576708095 1
2576852061 1
2576976482 -1
2577011085 -1
2577306001 -1
2577461090 -1
2577724663 1
2578036902 1
2578055544 1
2578111479 -1
2578125819 1
2578233349 1
2578387765 -1
2578467777 1
2578503844 1
2578555037 1
2578847958 1
2578898076 -1
2579007019 1
2579062024 -1
2579127327 -1
2579153188 -1
2579440847 1
2579657004 1
2579680904 1
2579785925 1
2580050497 -1
2580207975 1
2580268571 -1
2580321111 1
2580400425 -1
2580961864 -1
2581083317 1
2581415749 1
2581519987 1
2581565736 -1
2581632036 1
2581731432 1
2581771149 1
2581865009 1
2582062300 1
2582203345 -1
2582286817 1
2582295351 1
2582352248 -1
2582459305 -1
2582474933 -1
2582487622 1
2582499563 1
2582596354 1
2582731480 -1
2582760298 1
2582777162 1
2583307043 1
2583459951 -1
2583547348 -1
2583613822 1
2583635676 1
2583812926 1
2583850935 -1
2584130671 1
2584230116 -1
2584345183 1
2584444930 -1
2584589665 -1
2584881275 1
2585030758 -1
2585052597 1
2585063683 1
2585108162 1
2585209289 -1
2585360446 1
2585435587 -1
2585462877 -1
2585540955 -1
2585617377 -1
2585807248 1
2585829923 1
2586020567 1
2586022720 1
2586204693 1
2586326061 1
2586346819 1
2586399675 -1
2586593892 1
2586718824 1
2586866436 -1
2587139170 -1
2587149845 -1
2587168963 -1
2587295789 -1
2587326320 1
2587333636 -1
2587381848 -1
2587408061 1
2587495018 -1
2587504033 1
2587644876 -1
2587735992 1
2587864537 1
2587865219 1
2587891896 -1
2588147652 1
2588192598 1
2588288767 1
2588364067 -1
2588428015 1
2588452142 1
2588520737 1
2588764897 -1
2588786151 -1
2588934440 -1
2589112041 -1
2589309371 1
2589323400 1
2589374268 -1
2589510872 1
2589566519 1
2589941730 -1
2589991689 -1
2590063832 -1
2590134925 -1
2590156281 1
2590299578 1
2590331300 1
2590338305 1
2590352302 -1
2590453899 1
2590546852 -1
2590575513 -1
2590690036 1
2590709721 1
2590794178 -1
2590802897 1
2591006771 -1
2591051926 -1
2591195954 -1
2591199315 -1
2591287320 1
2591337402 1
2591672306 -1
2591718068 1
2591733561 -1
2591844843 1
2591876639 -1
2591931492 1
2591933981 1
2591978981 -1
2591990627 -1
2592023689 1
2592125775 1
2592127209 -1
2592325488 -1
2592351824 1
2592500401 1
2592725502 1
2592770784 -1
2592877641 -1
2592884947 -1
2593015097 1
2593157276 1
2593224410 1
2593478860 1
2593539280 -1
2593564659 1
2593592440 -1
2593612304 -1
2593697643 -1
2593716970 1
2593718972 -1
2593772264 1
2593822020 1
2593898347 -1
2594048498 -1
2594061005 -1
2594139692 -1
2594148238 -1
2594458766 1
2594653314 1
2594667796 1
2594936823 -1
2594972087 1
2595202346 1
2595338729 -1
2595427604 1
2595664272 1
2595669181 1
2595727460 -1
2595765472 1
2595771716 1
2595796960 -1
2596050247 -1
2596138755 -1
2596150734 1
2596219647 1
2596357972 1
2596428122 1
2596691812 1
2596705420 -1
2596712334 -1
2596715264 -1
2596906966 -1
2597015438 -1
2597127683 1
2597258197 1
2597340568 -1
2597378501 -1
2597521166 1
2597552624 1
2597584834 -1
2597682540 -1
2597766230 -1
2597817641 -1
2597887627 -1
2598277937 1
2598314231 1
2598318967 -1
2598523598 1
2598579918 1
2598648280 -1
2598710287 1
2598852001 1
2598945678 1
2598977106 1
2599021467 -1
2599261819 1
2599417385 1
2599522462 -1
2599589899 1
2600048543 1
2600107327 -1
2600145426 -1
2600219275 -1
2600232709 -1
2600254657 1
2600269483 -1
2600404680 1
2600578407 -1
2600765584 -1
2600914246 1
2601119098 -1
2601211258 -1
2601368232 1
2601503286 -1
2601547239 -1
2601626943 1
2601663884 1
2601850889 -1
2601875523 -1
2601884920 -1
2601917751 -1
2602010062 1
2602114345 -1
2602264491 1
2602384620 -1
2602539015 1
2602816785 1
2602820276 1
2603192944 1
2603350224 -1
2603470824 1
2603484733 1
2603533657 1
2603552086 1
2603681049 1
2603692529 1
2603720744 -1
2603834041 -1
2603884159 1
2603969483 1
2604307738 -1
2604487992 -1
2604537086 -1
2604625194 1
2604748989 1
2604779087 1
2605059162 -1
2605136163 1
2605148520 1
2605183687 1
2605334170 1
2605422933 -1
2605494105 1
2605518105 -1
2605609275 1
2605651970 1
2605700067 1
2605962948 -1
2605965612 1
2606081040 -1
2606298285 -1
2606709842 -1
2606781301 1
2606807871 -1
2606864385 -1
2606918535 -1
2607163738 -1
2607194800 1
2607423021 1
2607561134 -1
2607704253 -1
2607723188 -1
2607916647 -1
2608098642 1
2608152347 1
2608185183 1
2608185909 1
2608250797 1
2608267263 1
2608628377 1
2608713518 1
2608722865 -1
2608732328 -1
2609106841 1
2609107797 1
2609180640 1
2609249121 1
2609290435 -1
2609299604 -1
2609332894 -1
2609342652 -1
2609620071 -1
2609798291 1
2609987526 1
2610201754 -1
2610248152 -1
2610291006 1
2610317174 1
2610335042 -1
2610384778 1
2610427275 -1
2610649283 -1
2610766803 -1
2611083450 1
2611210241 1
2611257261 -1
2611337281 -1
2611376879 -1
2611556387 -1
2611683088 -1
2611765470 -1
2611790574 1
2611852080 1
2611857121 -1
2611865585 1
2611933796 1
2611994746 -1
2612030477 1
2612322128 1
2612347632 -1
2612428420 1
2612677350 1
2612681050 -1
2612706863 1
2612908928 -1
2613250830 1
2613365360 -1
2613411968 -1
2613482457 1
2613581088 -1
2613744594 1
2614094311 1
2614191164 1
2614328139 -1
2614571278 -1
2614680216 1
2614898948 -1
2615008903 1
2615190769 1
2615498903 1
2615584126 1
2615597551 -1
2615615090 -1
2615776274 -1
2615891915 1
2615960256 -1
2616250656 1
2616256448 1
2616360070 1
2616374748 -1
2616640457 1
2616692719 1
2616741638 -1
2616976175 1
2617046684 -1
2617481712 1
2617636903 -1
2617752694 1
2618251425 1
2618543223 -1
2618651776 -1
2618688542 1
2618836049 1
2618992034 1
2619045541 -1
2619073704 1
2619127030 -1
2619142251 1
2619299756 -1
2619378912 -1
2619498954 -1
2619548309 -1
2619581423 1
2619896251 -1
2620056901 1
2620183883 -1
2620261674 1
2620307576 1
2620441958 -1
2620593837 -1
2620723545 1
2620918133 1
2620974713 1
2621101398 -1
2621178648 -1
2621191900 -1
2621316815 -1
2621731342 -1
2621762415 -1
2621768093 -1
2621952039 -1
2621971293 -1
2622092138 -1
2622154594 1
2622221238 -1
2622478720 1
2622499730 -1
2622509852 1
2622594407 -1
2622921480 1
2623460061 1
2623707224 -1
2624052794 -1
2624097054 -1
2624116435 1
2624341720 1
2624367596 1
2624428884 1
2624472382 1
2624506620 1
2624571700 1
2624656171 -1
2624748781 1
2624957307 -1
2625104856 -1
2625113980 -1
2625234209 1
2625273414 1
2625437469 -1
2625515339 -1
2625517193 -1
2626035549 1
2626107708 1
2626522194 -1
2626849313 -1
2627315235 -1
2627439957 -1
2627550253 -1
2627563955 1
2627665702 -1
2628104647 1
2628108043 -1
2628275831 1
2628421291 -1
2628516951 -1
2628558974 -1
2628823447 1
2628857429 1
2628885989 1
2628955696 -1
2628956805 -1
2629075896 -1
2629088063 -1
2629126575 1
2629455893 1
2629580868 -1
2629586917 1
2629655315 -1
2629668859 -1
2629836630 -1
2629845193 1
2629905233 1
2629916792 -1
2629981410 -1
2630039740 1
2630127931 1
2630140620 -1
2630201844 -1
2630310228 1
2630404814 -1
2630628402 -1
2630677755 1
2631173297 1
2631314078 -1
2631448863 -1
2631458974 1
2631472525 -1
2631670687 -1
2631713916 1
2631807308 -1
2631984986 -1
2632014716 1
2632051430 -1
2632162771 1
2632303146 -1
2632353112 1
2632408057 -1
2632443842 1
2633456718 -1
2633716662 1
2633786270 -1
2633796208 -1
2633869521 1
2633964797 1
2633983691 1
2634044153 -1
2634112981 -1
2634139603 1
2634233890 -1
2634347942 -1
2634377718 1
2634438628 -1
2634456694 -1
2634546809 -1
2634597672 1
2634686367 1
2634689610 1
2635246403 1
2635403282 1
2635476924 1
2635478915 1
2635497298 -1
2635717638 1
2636097325 -1
2636245192 -1
2636257713 -1
2636327234 -1
2636341280 -1
2636402402 1
2636836517 1
2636912407 -1
2637060675 1
2637070322 -1
2637183596 1
2637194895 1
2637600563 1
2637605339 1
2637616077 1
2637684467 -1
2637898304 -1
2637925656 1
2638048035 1
2638089679 -1
2638119899 -1
2638581427 -1
2638635640 1
2638721864 1
2638780863 1
2638858969 1
2638919681 -1
2638937803 -1
2638947645 1
2638982956 1
2639035771 -1
2639151079 1
2639176820 1
2639344748 -1
2639567248 1
2639613181 1
2639716322 -1
2639754613 1
2640016633 -1
2640101343 -1
2640184666 -1
2640372483 -1
2640600151 -1
2640622285 1
2640716511 1
2641303515 1
2641445750 1
2641456482 -1
2641635938 -1
2641837663 1
2641837922 1
2641939898 1
2642255519 -1
2642422159 1
2642480179 1
2642486095 -1
2642992757 1
2643013963 1
2643061434 -1
2643094043 1
2643259006 -1
2643392593 -1
2643412372 -1
2643519291 1
2643655562 -1
2643679040 1
2643856306 -1
2644180720 1
2644362938 1
2644410650 -1
2644426889 -1
2644516352 1
2644792868 -1
2644800015 -1
2644864407 -1
2645032752 -1
2645069375 -1
2645083841 1
2645247056 -1
2645301209 1
2645451539 1
2645666427 1
2645688053 -1
2645794739 1
2646011618 -1
2646036520 -1
2646047710 1
2646081489 1
2646202384 1
2646244994 1
2646771497 1
2646882748 1
2647033885 1
2647480457 -1
2647709839 -1
2647777904 1
2648023994 -1
2648123314 1
2648645196 1
2648673982 -1
2648691140 -1
2648855141 -1
2648909362 -1
2649051720 -1
2649102577 -1
2649225279 1
2649420187 1
2649557514 1
2649571174 1
2649579690 1
2649651597 1
2649684334 -1
2649863569 1
2649902102 -1
2649915387 -1
2650057117 1
2650095627 -1
2650373321 -1
2650375415 1
2650833392 -1
2650850040 -1
2650874920 -1
2650963930 1
2650978688 -1
2651170092 -1
2651291587 -1
2651296083 -1
2651352141 -1
2651491650 1
2651618996 -1
2651705991 1
2651716367 1
2651912828 1
2652005595 1
2652127284 -1
2652153640 1
2652224437 -1
2652406221 -1
2652525646 -1
2652818506 1
2652937491 1
2652970565 1
2652994808 1
2653009277 -1
2653107054 -1
2653246372 -1
2653265389 -1
2653279727 1
2653356749 1
2653419088 -1
2653420139 -1
2653581728 -1
2653626409 1
2653883524 1
2653936435 1
2654023015 1
2654043326 1
2654052352 -1
2654238148 -1
2654414644 -1
2654463430 -1
2654501408 -1
2654732547 1
2655002248 1
2655034375 1
2655142623 -1
2655230486 1
2655343566 -1
2655438424 -1
2655671171 1
2656049012 -1
2656689973 -1
2656715430 1
2656776455 1
2656794431 -1
2656955478 -1
2657017198 1
2657123749 1
2657226197 -1
2657278462 -1
2657292676 -1
2657955706 -1
2657988292 1
2658206741 1
2658508591 -1
2658608471 1
2658700168 1
2658860852 -1
2658862638 -1
2659074781 -1
2659093923 -1
2659278098 1
2659425025 -1
2659471310 -1
2659873388 -1
2659897748 1
2659923924 1
2660055849 1
2660102122 1
2660108041 -1
2660199124 1
2660203448 -1
2660247276 1
2660266189 -1
2660442903 -1
2660559243 -1
2660752830 -1
2660768716 -1
2660938293 -1
2661180434 -1
2661237834 1
2661290482 1
2661448153 -1
2661506237 -1
2661822057 1
2662105104 -1
2662129960 -1
2662336433 -1
2662362245 1
2662385870 1
2662470429 -1
2662582836 -1
2662598551 1
2662858052 -1
2662872786 -1
2663061399 -1
2663205598 -1
2663262723 1
2663506063 1
2663506639 -1
2663844325 1
2663889947 1
2664057907 -1
2664203919 1
2664351557 -1
2664423979 1
2664469804 -1
2664481287 -1
2664609723 -1
2664693037 -1
2664727166 1
2664801975 -1
2665070499 1
2665085504 1
2665117811 1
2665130597 -1
2665163481 -1
2665287416 -1
2665348876 -1
2665425710 1
2665569099 1
2665660894 -1
2665779188 -1
2665904022 1
2666117747 1
2666389922 1
2666414951 -1
2666515368 -1
2666660030 1
2666741525 -1
2667242531 1
2667329157 1
2667625972 1
2667730842 -1
2667835875 -1
2667859508 -1
2667982230 1
2668085312 -1
2668130502 1
2668302635 -1
2668347263 1
2668385263 1
2668408100 -1
2668740199 1
2668822400 1
2668892562 -1
2669164556 1
2669274542 -1
2669324783 -1
2669345733 -1
2669350834 -1
2669366004 1
2669630105 1
2669708369 -1
2669920884 1
2669986990 -1
2670038211 1
2670057433 -1
2670171069 1
2670295338 1
2670407884 1
2670476051 1
2670582702 -1
2670744766 -1
2671015843 -1
2671172174 1
2671381584 -1
2671691784 1
2671835324 -1
2671904113 -1
2671908167 1
2672048492 1
2672065099 1
2672113155 -1
2672294109 1
2672427799 1
2672857002 -1
2672924978 -1
2673220883 -1
2673243023 1
2673269401 -1
2673393980 -1
2673478616 1
2673589539 -1
2673703448 1
2673861715 1
2673880329 1
2673945226 -1
2673973326 -1
2674061871 -1
2674281781 1
2674302782 -1
2674318073 1
2674326319 1
2674647138 1
2674879164 1
2674933987 1
2674936937 1
2675116709 -1
2675143147 1
2675325176 -1
2675759159 -1
2675882637 -1
2676260864 -1
2676280752 1
2676469361 -1
2676630655 1
2676633975 1
2676654815 -1
2676712198 -1
2676784997 -1
2676978819 -1
2677104058 -1
2677230039 -1
2677268164 1
2677281012 1
2677283784 1
2677582500 1
2677615262 1
2677680783 -1
2677702587 1
2677717871 -1
2677737887 1
2677847464 1
2677962781 -1
2678551741 1
2678620476 -1
2678828989 1
2678885807 1
2679173187 -1
2679174300 1
2679274800 1
2679428423 1
2679449432 -1
2679515430 -1
2679556745 -1
2679628597 -1
2679636494 -1
2679674762 1
2679839576 -1
2679839862 1
2680013723 1
2680019981 1
2680066830 1
2680078181 -1
2680139536 -1
2680169647 1
2680210440 -1
2680271381 1
2680309289 -1
2680318425 -1
2680555075 -1
2680639029 -1
2680665482 -1
2680672502 1
2680694723 1
2680881107 -1
2681173076 -1
2681718842 1
2681753213 -1
2681789082 -1
2681802655 -1
2681888820 -1
2682047677 1
2682190734 1
2682205999 1
2682215395 -1
2682285675 1
2682288170 1
2682307252 -1
2682320123 1
2682391998 1
2682523387 -1
2682533883 1
2682593956 1
2682689632 -1
2682819428 -1
2682844306 1
2682906038 -1
2683159776 -1
2683223129 -1
2683279394 1
2683386049 -1
2683422155 1
2683500775 -1
2683504371 1
2683601417 1
2683606759 1
2683766428 1
2683862430 1
2683962808 1
2684043419 -1
2684055567 -1
2684108977 1
2684175085 -1
2684263669 -1
2684361962 1
2684541400 1
2684686206 1
2684695697 -1
2684901883 -1
2684919403 1
2685175812 -1
2685293410 1
2685453623 1
2685513693 -1
2685691220 1
2685704704 1
2685722494 -1
2685759573 -1
2686242932 1
2686432613 -1
2686480565 -1
2686544055 -1
2686649917 -1
2686917402 1
2687456323 1
2687498491 -1
2687503691 1
2688297569 1
2688309369 -1
2688361764 -1
2688716014 -1
2688753614 -1
2688759561 -1
2688819753 -1
2688860221 1
2688878281 -1
2689325143 1
2689379501 1
2689461411 -1
2689638737 -1
2689802087 1
2690122683 1
2690381322 1
2690446439 1
2690546540 -1
2690913593 1
2690951705 -1
2691428606 -1
2691541529 -1
2691603335 -1
2691702287 1
2691705024 1
2692058765 1
2692161421 1
2692279323 1
2692299683 1
2692377012 -1
2692454297 1
2692635571 -1
2692734753 1
2693166966 1
2693389585 1
2693650922 1
2693777821 -1
2693792492 -1
2693812883 -1
2694086572 1
2694137453 1
2694169246 -1
2694248780 1
2694584006 -1
2694655448 1
2694750363 1
2694829541 -1
2694925471 -1
2694925748 1
2694988934 -1
2695073494 1
2695277019 -1
2695446497 -1
2695627938 1
2695858581 -1
2695877650 -1
2696041179 1
2696458656 -1
2696885522 -1
2696967525 1
2697057152 1
2697153724 -1
2697160747 -1
2697256707 -1
2697330404 1
2697506534 -1
2697577477 -1
2697764348 1
2697938562 -1
2698103155 1
2698301438 -1
2698543561 -1
2698666317 1
2698918105 1
2698943947 -1
2698981592 -1
2699131260 1
2699355829 1
2699429222 -1
2699450468 1
2699595507 1
2699599878 1
2699742354 -1
2699767649 -1
2699810375 1
2700023350 1
2700215589 -1
2700354407 1
2700398134 1
2700460347 -1
2700510894 1
2700776806 -1
2701033567 -1
2701089490 1
2701104776 -1
2701109678 1
2701129154 1
2701181725 1
2701213503 1
2701214185 1
2701267841 -1
2701350815 -1
2701593351 -1
2701876815 1
2701896110 -1
2701910579 -1
2701959532 -1
2702160418 1
2702408612 1
2702438587 -1
2702493547 1
2702664180 1
2702712270 1
2702800430 1
2702802073 1
2703045832 1
2703066030 1
2703141681 -1
2703205755 -1
2703312438 -1
2703403383 -1
2703833649 1
2703861187 -1
2704136654 1
2704268158 1
2704308451 1
2704310257 -1
2704336398 -1
2704355642 -1
2704444136 1
2704748951 1
2704842741 1
2705053458 1
2705149097 -1
2705174291 1
2705228211 -1
2705286825 1
2705300118 -1
2705407464 -1
2705453215 1
2705464842 1
2705491053 1
2705696364 -1
2706203425 -1
2706327820 1
2706468546 -1
2706553016 1
2706644557 -1
2706986741 1
2707199726 -1
2707279976 -1
2707445152 -1
2707707480 -1
2707954282 -1
2708092718 -1
2708350189 -1
2708489500 1
2708563360 -1
2708696125 -1
2708701007 -1
2708764890 1
2709006495 -1
2709204977 1
2709247404 -1
2709388269 -1
2709392682 1
2709422674 1
2709642914 1
2709828542 -1
2709836366 -1
2710030639 1
2710164638 1
2710391376 1
2710432637 -1
2710570871 -1
2710573006 1
2710668731 1
2710688794 -1
2710779168 1
2710822265 1
2710876270 -1
2711007488 1
2711032598 1
2711064134 -1
2711442380 -1
2711450937 -1
2711475885 1
2711527026 -1
2711539332 -1
2711715928 -1
2711919937 1
2711983091 -1
2712059562 1
2712185215 1
2712271357 1
2712366240 -1
2712386984 -1
2712400923 1
2712404361 1
2712409122 1
2712563347 -1
2712749365 -1
2713058765 -1
2713307458 1
2713331288 1
2713447756 1
2713520412 -1
2713580587 -1
2713588415 1
2713634728 -1
2713693304 -1
2713709013 -1
2713877915 1
2713979367 -1
2714046102 -1
2714106629 1
2714283344 -1
2714455533 1
2714566684 -1
2714661668 -1
2715392786 1
2715545715 -1
2715711214 -1
2715912244 1
2715919302 -1
2716266870 1
2716267058 1
2716369641 -1
2716408390 1
2716467557 -1
2716633997 1
2716647526 1
2716655978 1
2716844240 -1
2716847607 -1
2716882959 -1
2716931700 -1
2717049793 1
2717075819 -1
2717284386 -1
2717534995 -1
2717618578 -1
2717646269 -1
2717744326 -1
2717748274 -1
2717796348 1
2717821955 -1
2717895053 -1
2717977561 1
2718169485 1
2718484284 1
2718782705 1
2718905938 -1
2719023214 -1
2719441653 1
2719460533 -1
2719541160 -1
2719570195 -1
2719574462 1
2719588011 -1
2719602127 1
2720294664 -1
2720785663 1
2721081731 -1
2721088363 -1
2721185994 -1
2721298745 -1
2721446005 -1
2721584597 1
2722011470 -1
2722332881 -1
2722451793 -1
2722540390 -1
2722585189 -1
2722612605 -1
2722696107 1
2722696820 1
2722758169 1
2722833897 1
2722869932 1
2722885791 1
2723487337 -1
2723513139 -1
2723541562 -1
2723772646 1
2723941613 1
2724048916 1
2724343413 -1
2724444647 -1
2724483355 1
2724574406 -1
2724813885 -1
2724908737 -1
2724947703 -1
2724950860 1
2724980551 -1
2725203583 -1
2725218993 -1
2725357041 -1
2725373004 -1
2725625586 -1
2725751609 -1
2725970666 1
2726121420 -1
2726184818 -1
2726268397 -1
2726414495 -1
2726524927 -1
2726636948 -1
2726645556 -1
2726724008 -1
2726829601 1
2726947886 1
2727317872 1
2727342323 1
2727349238 1
2727352194 1
2727533880 1
2727974594 -1
2728211596 -1
2728278819 1
2728375082 -1
2728500968 1
2728599919 -1
2728642414 -1
2728685170 1
2728712431 -1
2728917488 -1
2728988342 1
2729196626 1
2729291441 -1
2729357516 1
2729691148 -1
2729788519 1
2730106437 1
2730112220 -1
2730358851 1
2730580789 1
2730663606 -1
2730707727 1
2730722726 1
2730741427 1
2730779467 1
2730849832 -1
2730905756 -1
2730976331 -1
2731117499 -1
2731170170 -1
2731184971 1
2731276577 -1
2731286309 1
2731362676 -1
2731369880 -1
2731461914 -1
2731568875 1
2731616404 1
2731734894 -1
2731952128 -1
2731992424 -1
2732059218 -1
2732097541 1
2732360743 1
2732427709 -1
2732440140 -1
2732474399 -1
2732544749 -1
2732626042 -1
2732664328 1
2732680831 1
2732851403 1
2732940436 -1
2732999535 -1
2733110218 -1
2733132382 1
2733146287 -1
2733355922 1
2733362488 1
2733371924 -1
2733373255 1
2733547754 -1
2733550599 -1
2733749058 -1
2733790476 -1
2734002592 1
2734087343 1
2734090223 -1
2734160699 1
2734212119 -1
2734230460 1
2734230660 -1
2734346069 1
2734384193 -1
2734396670 -1
2734651435 1
2735026539 1
2735168749 -1
2735239775 -1
2735283229 1
2735359762 1
2735390749 -1
2735435601 -1
2735562496 -1
2735598816 1
2735635579 -1
2735746086 1
2735815626 -1
2735854571 -1
2735928009 -1
2736039526 -1
2736110442 -1
2736351779 -1
2736606173 1
2736634542 1
2736794235 -1
2737094179 1
2737166319 -1
2737290136 -1
2737430124 1
2737497888 1
2737498092 1
2737552815 1
2737804187 1
2737872425 -1
2737915106 -1
2738107007 1
2738264328 1
2738474678 -1
2738680734 1
2738744164 -1
2738802550 1
2738828713 1
2739022544 -1
2739163947 -1
2739220962 1
2739259409 -1
2739320367 -1
2739335896 1
2739430264 -1
2739462948 1
2739618912 1
2739706046 -1
2740185822 1
2740238574 1
2740420028 -1
2740432167 1
2740529467 1
2740695155 -1
2740799864 -1
2740879711 1
2741080130 -1
2741338362 1
2741342591 1
2741499813 -1
2741500114 -1
2741581675 -1
2741669242 1
2741758552 1
2741812067 -1
2741942353 -1
2741964082 -1
2742141698 -1
2742246903 -1
2742274844 1
2742381637 -1
2742454794 -1
2742576457 -1
2742802351 -1
2742966922 1
2743058657 -1
2743186336 -1
2743491287 -1
2743557622 1
2744013188 -1
2744022461 1
2744319209 1
2744380463 -1
2744415896 -1
2744441264 1
2744590234 1
2744611263 -1
2744679582 1
2744751471 -1
2744817095 1
2744859716 1
2744998565 -1
2745289660 1
2745305079 -1
2745515905 -1
2745518671 -1
2745676460 1
2745921646 -1
2746064125 1
2746142823 1
2746291512 -1
2746434567 -1
2746498198 -1
2746821201 1
2746885490 -1
2746967189 -1
2747219614 -1
2747517934 1
2747610029 1
2747833730 -1
2747877062 -1
2747930433 -1
2747963872 1
2747975352 1
2748265477 -1
2748370975 -1
2748483031 -1
2748531980 -1
2748566191 1
2748614292 -1
2748632824 1
2748795577 -1
2748801679 1
2748934444 -1
2749191857 -1
2749239246 -1
2749368849 -1
2749394777 -1
2749407116 -1
2749432049 1
2749483196 1
2749588820 1
2749630916 1
2749771449 1
2750001240 1
2750026573 1
2750120917 -1
2750193653 1
2750275993 1
2750457314 -1
2750567407 1
2750592374 1
2750685956 1
2750788667 -1
2750920967 -1
2750983174 1
2751085190 1
2751120471 -1
2751150361 1
2751448646 -1
2751476070 -1
2751523064 -1
2751537620 -1
2751556360 -1
2751727644 -1
2751960009 -1
2752048488 1
2752238441 -1
2752247942 1
2752261457 1
2752262435 -1
2752388227 -1
2752400709 -1
2752440741 -1
2752779828 1
2753010492 -1
2753037113 1
2753272610 1
2753449775 1
2753457533 -1
2753465270 1
2753477962 1
2753527103 -1
2753616097 -1
2753636996 -1
2753746700 -1
2753854514 1
2753922926 -1
2753926519 1
2753940013 -1
2753961463 -1
2754046906 1
2754107486 -1
2754140688 1
2754226205 1
2754310897 -1
2754353493 -1
2754465699 -1
2754538615 -1
2754543748 1
2754671952 -1
2754739440 1
2754770709 1
2754807181 -1
2754893922 -1
2755169995 -1
2755226692 1
2755238139 1
2755402147 -1
2755508533 1
2755560789 1
2755564729 1
2756013636 1
2756256455 1
2756275144 -1
2756611326 1
2756914382 -1
2756921594 -1
2756947238 -1
2757025621 -1
2757122992 -1
2757136564 -1
2757236532 -1
2757447630 1
2757587124 -1
2757628459 1
2757736698 1
2757747006 1
2757778243 1
2758000572 1
2758016117 -1
2758133444 -1
2758156474 -1
2758199746 -1
2758467680 -1
2758518305 1
2758634295 -1
2759112720 -1
2759138772 1
2759144716 1
2759159557 1
2759314273 -1
2759413872 1
2759764413 -1
2759796946 -1
2759866940 1
2759956185 -1
2760087661 1
2760108745 1
2760209912 -1
2760211850 -1
2760467099 -1
2760515482 -1
2760971559 -1
2761050775 1
2761264855 -1
2761418276 1
2761544411 -1
2761602854 1
2761746446 -1
2761850811 1
2762109224 1
2762277675 -1
2762533711 -1
2762569258 -1
2762660404 -1
2762673562 1
2762842382 -1
2762882267 -1
2763357354 1
2764361260 -1
2764521706 1
2764550007 -1
2764643108 1
2764733561 -1
2764815533 1
2764821001 1
2764937609 -1
2764962380 -1
2765044735 -1
2765082304 -1
2765097047 -1
2765163035 1
2765321731 1
2765339733 -1
2765442982 -1
2765449434 -1
2765546293 -1
2765808989 -1
2765834328 1
2765880756 -1
2765882448 -1
2766005533 -1
2766918265 -1
2767111347 -1
2767173985 -1
2767396251 -1
2767419550 -1
2767518612 -1
2767563201 1
2767603672 -1
2767657713 -1
2767717651 1
2767879719 -1
2768233385 -1
2768237087 -1
2768332364 1
2768520882 -1
2768521224 1
2768697528 -1
2768909036 -1
2768956461 -1
2768961983 -1
2769027366 1
2769251645 1
2769440801 -1
2769792185 1
2769828655 -1
2769976221 -1
2769993723 -1
2770063926 1
2770345233 -1
2770527489 1
2770534644 1
2770538511 1
2770712236 -1
2770822250 -1
2770910235 -1
2770917752 -1
2771038862 1
2771116355 1
2771213817 1
2771229188 -1
2771242287 1
2771285309 -1
2771579097 1
2771614239 -1
2771668749 1
2771892032 -1
2772188952 -1
2772270879 1
2772276036 1
2772321791 -1
2772362687 -1
2772572920 -1
2772867283 -1
2772936708 -1
2773106063 -1
2773114398 1
2773318934 1
2773361849 -1
2773391414 -1
2773559726 -1
2773613068 -1
2773660019 1
2773735188 -1
2773805194 1
2773899290 1
2773907492 1
2773986475 -1
2774053375 1
2774647350 -1
2774794375 -1
2775111721 1
2775134722 1
2775165610 1
2775191232 1
2775269057 1
2775432573 1
2775460057 1
2775505769 1
2775727985 -1
2775868611 1
2776065527 1
2776134893 1
2776207873 -1
2776277333 -1
2776292605 -1
2776503792 1
2776545566 1
2776557378 1
2776623530 1
2777179002 1
2777396804 -1
2777496887 -1
2777886073 1
2778112194 -1
2778332228 -1
2778507864 -1
2778544284 1
2778574499 -1
2778603865 1
2778606313 1
2778703083 -1
2778770302 -1
2778938804 -1
2779172685 -1
2779208388 1
2779257333 -1
2779403674 1
2779473953 1
2779494973 1
2779735889 -1
2779757133 -1
2779769905 1
2779875241 -1
2779898868 -1
2780090819 1
2780213948 1
2780250549 -1
2780317827 -1
2780343120 -1
2780392082 -1
2780500292 -1
2780577640 -1
2780630300 1
2780661909 1
2780685751 -1
2780706301 -1
2780954046 1
2781240230 -1
2781259243 1
2781777776 1
2781907801 1
2782476314 1
2782499451 -1
2782561136 -1
2782731135 1
2782748025 -1
2782761460 1
2782809114 -1
2782933707 -1
2783002632 -1
2783063675 -1
2783071748 1
2783099043 1
2783311459 1
2783338843 -1
2783405793 1
2783593506 1
2783642693 -1
2784195851 -1
2784213010 -1
2784490566 1
2784500569 1
2784567997 -1
2784602978 1
2784623201 -1
2784687558 -1
2784740550 -1
2784741973 -1
2784779940 -1
2785170109 1
2785214293 -1
2785239039 -1
2785250926 -1
2785497641 -1
2785659138 1
2785815602 1
2786230841 -1
2786354358 -1
2786355644 -1
2786362358 1
2786497357 -1
2786702558 1
2786825743 -1
2786924660 -1
2787102751 1
2787443569 1
2787536793 1
2787578802 1
2787601341 -1
2787631539 -1
2787654443 1
2787669847 1
2787686621 -1
2787782008 1
2787839740 1
2787926340 -1
2788047613 1
2788106763 -1
2788475595 -1
2788608274 1
2789012895 -1
2789015115 -1
2789120921 1
2789150612 -1
2789272983 -1
2789362937 1
2789423347 1
2789513349 -1
2789541853 1
2789619310 -1
2789873175 1
2790024032 1
2790120188 -1
2790184378 1
2790188100 1
2790345214 -1
2790375396 1
2790587836 -1
2790599690 1
2790746813 1
2790788320 1
2790804660 -1
2790810120 1
2790849140 1
2790973797 1
2791187049 1
2791267584 -1
2791275315 -1
2791435452 1
2791553137 1
2791626305 -1
2791642595 1
2791741132 1
2791874445 1
2791877354 -1
2792116232 -1
2792467213 -1
2792469650 1
2792572699 -1
2792600108 -1
2792740942 1
2792788759 -1
2792821893 -1
2792843746 -1
2793367768 1
2793393170 1
2793558635 1
2793680016 1
2793775500 -1
2793781384 1
2794188129 -1
2794516522 1
2794518565 -1
2794604585 -1
2794649871 1
2794856387 1
2794991250 1
2795012694 1
2795112477 1
2795277836 1
2795527484 -1
2795597546 -1
2795806559 1
2795912512 -1
2796173384 1
2796204238 1
2796336551 -1
2796417663 -1
2796482762 -1
2796633507 1
2796668396 1
2796882028 -1
2796961672 1
2796970891 -1
2796977989 1
2797030639 -1
2797096577 -1
2797246814 -1
2797345108 1
2797556153 -1
2797612623 1
2797958552 -1
2797963296 1
2798033078 1
2798274999 -1
2798556766 1
2798600675 -1
2798623652 1
2798635627 1
2798756006 1
2798871504 -1
2799343624 -1
2799422761 1
2799575911 -1
2799621228 1
2799842701 -1
2799995609 -1
2800093515 1
2800159670 1
2800288947 -1
2800349083 1
2800457574 -1
2800507449 -1
2800539178 1
2800724047 1
2800733442 -1
2801053712 1
2801187896 -1
2801335165 1
2801499570 -1
2801628069 1
2801695116 1
2801843729 1
2801947158 -1
2802067975 -1
2802205589 1
2802238145 1
2802293544 -1
2802535945 -1
2802570042 1
2802918767 1
2803061479 -1
2803494845 -1
2803592703 -1
2803602235 -1
2803937735 -1
2803993498 -1
2804025337 1
2804199695 -1
2804219946 1
2804567379 -1
2804677244 -1
2805063775 1
2805217838 1
2805261494 -1
2805262702 -1
2805308048 -1
2805467838 1
2805878450 1
2805962688 -1
2806011025 1
2806040078 -1
2806062309 -1
2806082182 1
2806089989 -1
2806122329 -1
2806137314 1
2806139087 1
2806146869 -1
2806366488 1
2806367758 1
2806679598 -1
2806691290 -1
2806699737 -1
2806703157 -1
2806773623 1
2806894424 -1
2806956437 1
2807442195 -1
2807629152 1
2807711354 1
2807759442 -1
2807912498 1
2807952061 -1
2808165821 -1
2808179296 1
2808258942 1
2808298202 1
2808412528 -1
2808611673 -1
2808747764 -1
2808911163 -1
2809036293 -1
2809065201 -1
2809148819 1
2809360203 -1
2809395255 -1
2809435216 -1
2809520782 -1
2809662933 -1
2809758694 1
2809786906 -1
2809999277 -1
2810066036 -1
2810397745 1
2810435001 -1
2810590113 -1
2810742466 -1
2810870581 -1
2811007081 1
2811048019 1
2811060370 -1
2811117915 1
2811261928 1
2811285497 1
2811456349 1
2811566840 1
2811616561 -1
2811769794 -1
2811968566 1
2812081008 1
2812227409 1
2812305358 1
2812589126 -1
2812665214 1
2812716337 -1
2812816729 -1
2812855495 -1
2812904654 1
2812906095 1
2813096168 -1
2813098819 -1
2813192150 1
2813378592 -1
2813386084 1
2813417303 -1
2813469631 -1
2813613936 -1
2813804209 1
2813996860 1
2814091768 1
2814189916 1
2814197517 -1
2814233478 -1
2814350708 1
2814461995 1
2814665322 1
2814681515 1
2814713696 1
2814832418 -1
2814971596 -1
2814990241 -1
2815023889 -1
2815078094 1
2815168335 -1
2815317607 1
2815350227 -1
2815482392 -1
2815491773 -1
2815590273 -1
2815619802 1
2815688006 -1
2815691696 -1
2815924771 -1
2816296272 -1
2816640659 -1
2816871237 1
2816943313 1
2817064494 1
2817171723 -1
2817348571 1
2817430630 -1
2817570922 -1
2817581906 -1
2817691312 1
2817706796 1
2817822850 -1
2818272786 1
2818289718 1
2818378778 1
2818486256 1
2818503437 -1
2818508770 1
2818518132 1
2818650543 -1
2818653080 -1
2818695649 -1
2818790015 -1
2818813072 1
2818907937 1
2818957849 -1
2819188938 1
2819247639 1
2819523090 -1
2819561423 1
2819577378 1
2819917717 1
2820044753 1
2820089815 1
2820095394 1
2820126621 -1
2820158461 1
2820215766 -1
2820225002 -1
2820339436 1
2820667510 1
2820738530 1
2820739967 1
2820778397 1
2820841379 -1
2820852963 -1
2820917412 1
2820967553 1
2821025028 1
2821044158 -1
2821150247 -1
2821162261 -1
2821238140 -1
2821322121 -1
2821360642 -1
2821374979 1
2821501680 -1
2821513267 1
2821580718 -1
2821807505 -1
2821931143 -1
2821955204 1
2822037914 -1
2822072453 1
2822102323 1
2822317889 1
2822515360 1
2822527961 1
2822566870 -1
2822585239 1
2822588993 -1
2822624539 -1
2822677848 -1
2822678713 1
2823028179 -1
2823137907 -1
2823297827 1
2823370599 1
2823417589 1
2823705448 1
2823722586 -1
2823838249 -1
2823857247 1
2823866060 -1
2824043218 -1
2824151012 -1
2824158545 -1
2824170471 -1
2824296097 1
2824301872 1
2824457819 -1
2824478487 1
2824509127 -1
2824547809 -1
2824751194 -1
2824804701 -1
2824872615 -1
2824914676 1
2824928520 1
2824976838 1
2825209466 1
2825264059 1
2825462961 1
2825527460 -1
2825530894 1
2825622997 -1
2825630871 1
2825681352 1
2825825378 -1
2825905884 1
2825981200 1
2826070478 1
2826204625 -1
2826235860 1
2826284750 1
2826308089 1
2826308270 1
2826464894 -1
2826507389 1
2826699998 -1
2826721615 -1
2826768347 -1
2826900028 1
2826919604 -1
2826922920 1
2827031720 1
2827097270 1
2827189237 -1
2827347177 1
2827465344 -1
2827698214 -1
2827698863 -1
2828125869 -1
2828267304 -1
2828297329 1
2828391639 -1
2828463742 1
2828551529 1
2828641074 1
2828870538 1
2828964804 -1
2828985758 1
2829105000 -1
2829126979 -1
2829198115 -1
2829361466 1
2829435937 -1
2829439607 -1
2829476216 -1
2829504076 1
2829792052 -1
2829834653 -1
2829892738 -1
2829957590 1
2830345650 1
2830506531 1
2830611566 1
2830630800 1
2830673302 1
2831267520 -1
2831267781 1
2831444551 1
2831489353 -1
2831496001 -1
2831513682 1
2831561203 1
2831634104 1
2831682584 -1
2831699412 1
2831739453 1
2831750438 -1
2831823041 1
2831975325 -1
2832035908 1
2832151774 1
2832163117 -1
2832228788 -1
2832425762 -1
2832605122 -1
2832610020 1
2832963714 1
2833062975 1
2833167144 -1
2833212882 -1
2833565742 1
2833617902 -1
2833645485 -1
2833669662 -1
2833883580 1
2834245302 -1
2834378944 -1
2834825863 1
2834856826 -1
2835028044 1
2835044440 1
2835098680 1
2835134324 1
2835138791 -1
2835146033 1
2835152085 1
2835431861 1
2835489682 1
2835497476 1
2835579558 -1
2835642344 1
2835828154 -1
2835888967 -1
2835956650 -1
2836041491 1
2836059470 -1
2836143705 1
2836282179 -1
2836426428 1
2836448861 1
2836468921 -1
2836553682 1
2836560229 1
2836632591 -1
2836788051 1
2836981460 -1
2837022480 1
2837177535 1
2837197046 -1
2837212249 1
2837238264 -1
2837360652 -1
2837366274 -1
2837594597 -1
2837619129 1
2837723034 -1
2837848326 -1
2837859810 -1
2837892802 1
2838066482 1
2838138040 1
2838180520 -1
2838310194 1
2838437490 -1
2838467964 -1
2838644730 -1
2838715079 1
2838735122 1
2838810525 -1
2838980038 -1
2839303373 1
2839313098 1
2839390877 -1
2839584745 1
2839605342 -1
2839697894 1
2839871626 -1
2839932015 1
2839947266 -1
2840468756 -1
2840530727 1
2840666162 1
2840686744 -1
2841204824 1
2841342867 -1
2841351381 -1
2841446601 1
2841494634 -1
2841516507 -1
2841572030 1
2841697661 1
2841706328 -1
2841732259 1
2842054789 1
2842077508 1
2842459665 1
2842479592 1
2842607721 1
2842656145 -1
2842695267 1
2842712173 -1
2842793436 -1
2842848184 1
2842915099 1
2843077337 1
2843086102 1
2843178355 -1
2843247322 -1
2843283774 1
2843345651 1
2843388659 1
2843436748 -1
2843465569 -1
2843539086 1
2843753336 -1
2843825337 1
2843997437 1
2844017710 1
2844083362 -1
2844297661 -1
2844579064 -1
2844614169 1
2844851917 -1
2844977531 1
2845059573 1
2845181194 1
2845291493 -1
2845332288 1
2845352160 -1
2845646453 -1
2845839372 1
2846176420 1
2846304065 1
2846338472 -1
2846377592 -1
2846602444 1
2846607706 -1
2846648834 1
2846658026 1
2846689665 -1
2846791528 -1
2846887916 -1
2846928763 1
2847025204 -1
2847086761 1
2847138045 1
2847218631 -1
2847290122 -1
2847360797 -1
2847407779 -1
2847499149 1
2847877301 1
2847948146 -1
2848032350 -1
2848135709 1
2848228421 1
2848364754 1
2848372556 1
2848505310 -1
2848539756 -1
2848744965 1
2848846854 1
2848888170 1
2848967848 -1
2848983517 -1
2849017707 1
2849021421 -1
2849284040 1
2849373026 1
2849530620 -1
2849598892 -1
2849691008 -1
2850138504 -1
2850293676 1
2850463181 1
2850684875 -1
2850721950 -1
2850802472 -1
2850870619 1
2850877548 1
2850899607 -1
2850921559 1
2850969204 1
2851301814 1
2851339427 -1
2851344316 -1
2851377961 1
2851497140 1
2851498988 1
2851603023 1
2851615364 1
2851758061 1
2851847391 1
2852046223 -1
2852160891 -1
2852161964 -1
2852459746 1
2852493177 -1
2852547825 -1
2852815785 -1
2852875537 1
2852898140 1
2853000353 1
2853013579 1
2853145520 -1
2853188529 1
2853315667 -1
2853384205 -1
2853494888 -1
2853604430 1
2853651629 1
2853758062 -1
2853884473 1
2854029344 1
2854061059 1
2854091831 1
2854407785 1
2854455030 -1
2854582864 1
2854612448 1
2854686239 1
2854794759 1
2855092384 1
2855225743 1
2855267464 -1
2855344878 -1
2855453507 1
2855464790 1
2855507385 1
2855517632 1
2855518875 -1
2855745421 1
2855831535 1
2855833214 1
2855868350 -1
2855987527 1
2855994606 1
2856069787 1
2856093249 -1
2856118502 -1
2856185928 -1
2856313079 1
2856337788 1
2856509049 -1
2856544910 1
2856568665 1
2856630240 -1
2856656022 -1
2856802996 1
2856806515 1
2857017174 1
2857063602 -1
2857163971 1
2857378275 1
2857395300 1
2857611260 -1
2857640175 1
2857738016 -1
2857961669 1
2858072135 -1
2858179175 -1
2858229886 -1
2858310011 1
2858367075 1
2858451705 -1
2858576171 1
2858873133 1
2858992837 -1
2859090040 1
2859455270 1
2859577763 1
2859664245 -1
2859719873 -1
2859734280 -1
2859792051 -1
2859837109 1
2859841945 1
2859995402 -1
2860326693 1
2860402535 -1
2860548299 1
2860557689 1
2860610045 1
2860658678 1
2860719176 -1
2860812083 1
2860910807 1
2861031165 -1
2861037713 1
2861134374 -1
2861198476 1
2861459895 -1
2861467647 -1
2862008342 1
2862008455 1
2862052562 1
2862082148 1
2862216316 1
2862324170 -1
2862415510 -1
2862458276 1
2862480227 1
2862532900 1
2862639638 -1
2862662999 1
2862671595 1
2862715272 1
2862729438 1
2863234538 -1
2863242949 -1
2863290206 -1
2863391126 1
2863616343 -1
2863701134 1
2863714298 1
2863720349 -1
2863762508 -1
2863808032 -1
2864090304 1
2864091221 1
2864165152 1
2864328944 1
2864405484 1
2864450648 -1
2864497536 -1
2864656825 1
2864723617 1
2864893615 -1
2864939426 1
2865217680 -1
2865282785 1
2865298466 -1
2865350325 -1
2865645004 1
2865653479 1
2865673278 -1
2865742070 1
2865769350 1
2865812296 -1
2865945832 -1
2866090402 1
2866121798 1
2866146144 1
2866346294 1
2866406216 -1
2866439090 -1
2866443035 -1
2866572971 -1
2866651930 1
2866809061 1
2867048512 1
2867085534 -1
2867177389 -1
2867205891 1
2867347056 1
2867472507 1
2867750339 1
2867773290 1
2867853761 1
2867954127 1
2868082270 1
2868249769 1
2868584792 -1
2868636686 1
2868696967 -1
2868823294 1
2868975282 1
2869014018 -1
2869112799 1
2869153559 1
2869334733 1
2869378298 1
2869396542 1
2869506030 1
2869590331 -1
2869683543 -1
2869722402 1
2869787225 1
2869835339 -1
2869842292 -1
2869961737 -1
2870202421 -1
2870248720 -1
2870422202 1
2870623492 1
2870656940 1
2870689747 1
2870807854 -1
2870983779 1
2871099839 1
2871126619 1
2871195230 -1
2871230327 1
2871248452 1
2871417569 -1
2871463672 -1
2871508925 1
2871543555 1
2871543985 -1
2871665882 1
2871686280 -1
2871722139 1
2871744340 1
2871982616 1
2872100586 1
2872134982 -1
2872140777 1
2872223182 1
2872417117 1
2872552841 -1
2872655364 -1
2872671226 -1
2872820587 -1
2872903235 1
2872977592 -1
2873174007 1
2873201174 -1
2873578777 -1
2873740090 -1
2873772845 1
2873952024 -1
2873961330 1
2874097699 1
2874379639 -1
2874408478 -1
2874464102 -1
2874506816 -1
2874702356 -1
2874973948 1
2875006916 1
2875199882 -1
2875462566 1
2875690184 -1
2875709433 1
2875728754 1
2875760881 1
2875803303 1
2875911405 1
2875963905 -1
2876007613 -1
2876228592 1
2876315689 1
2876357198 -1
2876394523 -1
2876616791 -1
2876810424 1
2876898078 1
2876962517 1
2877066575 1
2877081771 1
2877310487 -1
2877333975 1
2877435299 -1
2877588741 1
2877649922 1
2877733003 -1
2877777688 1
2877804022 1
2877837976 1
2877914877 1
2877936076 -1
2878025799 1
2878096121 -1
2878306391 -1
2878357559 1
2878489712 1
2878709410 -1
2878786216 1
2879164290 1
2879210837 -1
2879287082 1
2879334423 1
2879452134 -1
2879517487 -1
2879610250 1
2879692346 1
2879712134 -1
2879826621 -1
2879861804 1
2879951827 1
2879984066 1
2880085380 -1
2880107165 1
2880307782 -1
2880575179 1
2880797174 -1
2880970404 1
2881001860 -1
2881002743 1
2881021864 1
2881114880 -1
2881179325 1
2881298817 -1
2881540480 -1
2881633753 1
2881662750 -1
2881897906 -1
2882113013 1
2882378017 -1
2882398076 1
2882524030 1
2882647518 -1
2882681287 -1
2882784337 1
2882939561 1
2883500183 1
2883511723 1
2883569314 1
2883609725 1
2883645503 1
2883990267 -1
2884117844 -1
2884131543 -1
2884177280 -1
2884377296 1
2884441242 -1
2884557535 -1
2884664139 1
2884753630 1
2884864651 -1
2884952838 -1
2885038374 -1
2885049703 -1
2885088680 1
2885089456 1
2885398692 1
2885506913 -1
2885582002 -1
2885600594 1
2885662097 -1
2885681726 1
2885731021 1
2885813131 1
2885827395 1
2886081814 1
2886178740 -1
2886359133 1
2886396863 -1
2886439740 1
2886471725 -1
2886595896 1
2886631291 -1
2886778431 1
2886800740 -1
2886813644 1
2886824745 1
2886846026 1
2886960169 -1
2887223608 1
2887298190 1
2887308892 1
2887509172 -1
2887519029 1
2887588218 1
2887630105 -1
2887722179 1
2887858096 1
2888096137 -1
2888360977 1
2888415851 1
2888477350 1
2888483911 -1
2888712840 1
2888744930 1
2888994968 1
2889032892 1
2889061245 -1
2889216914 -1
2889329743 1
2889370912 1
2889490145 1
2889554255 -1
2889563356 -1
2889597140 1
2889771326 1
2889775597 1
2889951870 1
2890098120 1
2890255458 1
2890310534 1
2890466853 1
2890556093 1
2890579489 -1
2890749387 1
2890829370 1
2891037129 1
2891059847 -1
2891060319 -1
2891169289 -1
2891178023 1
2891284938 1
2891300255 1
2891303653 -1
2891576322 1
2891676590 -1
2891778579 -1
2891782730 1
2891854103 1
2891907030 -1
2891910875 -1
2891929395 1
2892167384 -1
2892403302 -1
2892644810 1
2892656069 1
2892657362 1
2892813205 1
2892832358 1
2892972591 1
2893026451 1
2893143673 -1
2893247956 -1
2893427877 -1
2893532156 1
2893645357 1
2894045404 1
2894094294 -1
2894237361 -1
2894553935 1
2894677652 -1
2894691979 -1
2894694238 1
2894707371 1
2894858040 -1
2895104931 -1
2895113685 1
2895127994 1
2895129978 1
2895267124 1
2895481930 1
2895509243 1
2895511426 1
2895644748 1
2895685501 1
2895772262 -1
2895807562 1
2896160181 -1
2896207274 -1
2896219800 1
2896357785 -1
2896427199 -1
2896503135 1
2896515230 -1
2896569078 1
2896581757 1
2896664172 1
2896755500 1
2896783725 1
2896849929 1
2896987784 -1
2897046905 -1
2897152222 -1
2897154133 -1
2897156460 1
2897164652 -1
2897227764 -1
2897297733 -1
2897386488 1
2897422508 1
2897452488 1
2897499836 1
2897679294 1
2897706082 1
2897838069 1
2897892919 1
2897912588 -1
2897913155 -1
2898058110 1
2898251647 1
2898395479 1
2898396643 1
2898548865 1
2898749852 1
2898750739 -1
2898811732 1
2898897889 -1
2898940130 -1
2899039802 1
2899047346 1
2899074793 1
2899201141 1
2899277165 1
2899532547 -1
2899906372 1
2900098343 -1
2900173834 1
2900277867 1
2900383945 -1
2900473945 -1
2900572406 1
2900776879 1
2900894845 1
2900973716 -1
2901075795 -1
2901145478 -1
2901213040 1
2901275387 1
2901321294 -1
2901463372 1
2901715290 -1
2901870038 1
2902089886 -1
2902174944 1
2902229969 1
2902327410 -1
2903013160 1
2903093803 1
2903341842 -1
2903388525 1
2903416079 -1
2903577233 1
2903703284 1
2903938985 -1
2904175053 1
2904233343 -1
2904416327 1
2904434686 1
2904442311 1
2904521249 1
2904553673 1
2904611403 1
2904644034 1
2904974246 1
2905071486 1
2905083344 1
2905185972 1
2905300307 1
2905315771 1
2905522537 -1
2905565164 1
2905590722 -1
2905758655 -1
2905806440 1
2905941754 1
2906154390 -1
2906282930 1
2906482781 -1
2906520882 -1
2906671727 -1
2906698722 -1
2906719854 -1
2906914417 1
2907318358 1
2907518470 1
2907546995 1
2907652219 1
2907705799 1
2907762833 1
2908246369 -1
2908254088 1
2908373534 1
2908382200 1
2908414569 -1
2908726198 -1
2908728897 -1
2908740059 1
2908765109 1
2908860191 1
2908986035 1
2909236013 -1
2909356515 1
2909854595 1
2909890242 1
2909999005 -1
2910351892 1
2910427068 -1
2910438536 -1
2910586148 1
2910785662 -1
2910940149 -1
2910988209 1
2911093293 1
2911192233 -1
2911382754 -1
2911477483 1
2911641252 1
2911691593 -1
2911820586 1
2911860577 -1
2911911733 -1
2911998799 1
2912028749 -1
2912064393 1
2912106266 1
2912116557 1
2912271455 -1
2912298590 -1
2912340249 1
2912355384 -1
2912535300 1
2912610461 -1
2912864182 1
2912959679 1
2913019354 -1
2913059724 1
2913132272 -1
2913152015 1
2913168698 1
2913302614 1
2913449679 1
2913501802 -1
2913585822 1
2913691576 1
2913807746 1
2913861312 1
2913954347 1
2914171502 1
2914260842 -1
2914281517 1
2914428111 1
2914724749 1
2914824374 1
2914927531 1
2915195758 -1
2915420884 1
2915590871 -1
2915671636 1
2915712699 -1
2915900476 1
2915906014 1
2916109825 1
2916165230 1
2916250242 1
2916274741 1
2916391989 1
2916402508 1
2916415995 1
2916580926 1
2916619597 -1
2916695819 -1
2916726424 1
2916810743 -1
2916835819 -1
2916856300 1
2916893680 1
2917254966 1
2917489409 1
2917492008 1
2917495286 1
2917576304 -1
2917702997 -1
2917733513 1
2917741042 1
2917753266 1
2918157673 1
2918249914 -1
2918313491 1
2918485533 1
2918530833 1
2918597526 1
2918733739 1
2918854561 1
2919234050 -1
2919260181 1
2919348258 1
2919369538 1
2919589037 1
2919613506 -1
2919655852 -1
2919821010 1
2919834881 1
2920059449 1
2920223510 1
2920373492 1
2920402886 1
2920487466 1
2920629818 1
2920710372 1
2920811887 1
2921113062 -1
2921159927 -1
2921214667 1
2921374691 1
2921564449 1
2921628643 1
2921638179 -1
2921773345 -1
2921783550 -1
2921844845 -1
2922065803 1
2922070231 1
2922316848 1
2922418012 -1
2922481678 1
2922554595 1
2922712614 1
2922881145 -1
2922921669 1
2922951370 1
2923399231 -1
2923427903 1
2923433910 1
2923495789 1
2923575522 -1
2923671849 -1
2923722685 -1
2923801029 1
2923903066 -1
2924129216 1
2924247883 -1
2924306818 1
2924737425 -1
2924853310 1
2924963306 1
2925142047 1
2925227074 -1
2925352762 1
2925429047 1
2925450253 1
2925450456 1
2925536527 1
2925537016 1
2925758751 1
2925773441 1
2926032340 1
2926051985 1
2926075322 1
2926090319 -1
2926117734 1
2926212525 1
2926400094 -1
2926522767 1
2926716651 -1
2926859911 1
2926893033 1
2926949013 1
2927211678 -1
2927381156 -1
2927431489 1
2927509884 -1
2927532851 1
2927615909 -1
2927869680 -1
2928014726 -1
2928214742 -1
2928224404 1
2928345531 1
2928412963 1
2928519748 -1
2928534727 1
2928619244 1
2928627242 1
2928679117 -1
2928740710 1
2929020636 1
2929022982 1
2929192194 1
2929220968 -1
2929549855 -1
2929679261 -1
2929855641 1
2929934992 1
2930287820 1
2930397556 -1
2930472825 1
2930528479 1
2930549081 1
2930651394 1
2930698643 -1
2930723785 1
2930840791 -1
2930893259 -1
2930920742 -1
2930991554 1
2931024294 -1
2931092475 -1
2931202581 -1
2931290899 1
2931294389 1
2931341691 1
2931500273 1
2931755740 1
2931844125 1
2931847660 1
2931921232 1
2931974283 1
2932061494 1
2932219887 -1
2932257961 1
2932342064 1
2932378951 1
2932855051 1
2932862615 1
2933161172 1
2933201444 -1
2933270677 -1
2933296804 -1
2933313288 1
2933322092 -1
2933481549 1
2933490343 1
2933510386 1
2933648309 -1
2933871717 1
2933888245 -1
2933900533 -1
2933956427 1
2934015663 1
2934098125 1
2934229205 1
2934312062 -1
2934320072 -1
2934414929 1
2934768523 -1
2934822244 -1
2934894833 1
2935159095 -1
2935216106 1
2935245066 1
2935313024 1
2935345067 1
2935367917 1
2935439881 1
2935467626 1
2935598351 1
2935613264 1
2935615916 1
2936015840 1
2936179286 -1
2936302124 -1
2936462924 -1
2936502075 1
2936514930 -1
2936579005 1
2936660700 -1
2936662431 1
2936909591 -1
2937022253 1
2937179502 -1
2937189022 -1
2937190985 1
2937191130 1
2937234261 -1
2937309929 1
2937455446 1
2937534366 1
2937626872 1
2937640001 -1
2937699111 1
2937700667 1
2937825058 1
2938092794 1
2938319225 1
2938325017 1
2938422129 1
2938676457 -1
2938749858 1
2938843032 1
2939035278 -1
2939035465 1
2939041221 1
2939047818 1
2939106376 1
2939198760 1
2939355482 1
2939529962 1
2939585945 1
2939665700 1
2939914671 1
2940026901 -1
2940085992 1
2940090898 1
2940142503 -1
2940180340 1
2940321923 1
2940347887 1
2940388880 -1
2940428331 1
2940456937 1
2940584728 -1
2940636589 -1
2940948217 1
2941023776 -1
2941038282 1
2941276995 -1
2941362459 -1
2941378833 -1
2941430382 1
2941468713 1
2941549261 1
2941555695 1
2941696749 1
2941758395 1
2941875545 1
2941919696 -1
2942173680 1
2942189543 1
2942303129 -1
2942324744 1
2942526509 1
2942946100 1
2943041625 1
2943110919 -1
2943113434 1
2943219390 -1
2943283937 1
2943378632 -1
2943583309 1
2943646354 1
2943752702 1
2944186836 -1
2944506239 -1
2944525440 1
2944637265 1
2944664872 1
2944840306 -1
2944940974 1
2945068000 1
2945169631 1
2945170993 1
2945191165 -1
2945255568 -1
2945348506 -1
2945592695 1
2945892392 1
2945897262 1
2946258685 1
2946309092 1
2946397569 1
2946481416 -1
2946520718 1
2946644199 1
2946786567 -1
2947134917 1
2947154160 1
2947261922 1
2947298950 1
2947316219 1
2947401806 1
2947473865 -1
2947536712 1
2947543047 1
2947633060 1
2947643740 1
2947803148 1
2947927981 1
2948034153 1
2948039763 1
2948066519 1
2948091125 1
2948103938 1
2948175110 1
2948278417 1
2948282564 1
2948503177 -1
2948578558 1
2948830368 -1
2948877991 -1
2948907516 -1
2948919499 1
2949122916 -1
2949264918 -1
2949275762 1
2949369397 1
2949395992 -1
2949476114 -1
2949514689 1
2949577683 -1
2949614269 -1
2949720488 -1
2949761611 1
2949912169 1
2949962581 -1
2949998039 -1
2950070621 -1
2950556785 1
2950655263 1
2950736530 -1
2950757237 1
2950852531 -1
2951053124 1
2951302116 -1
2951554396 1
2951637679 1
2951716792 1
2951792784 1
2951895027 -1
2951905324 1
2951957395 1
2952105992 -1
2952139555 1
2952430681 -1
2952457499 -1
2952749620 1
2952857559 -1
2952890388 1
2953170526 1
2953205176 1
2953367084 -1
2953610534 -1
2953636326 1
2954018282 -1
2954102403 1
2954229811 -1
2954271942 1
2954305185 1
2954311436 -1
2954317669 1
2954477340 1
2954493289 1
2954566638 1
2954644471 1
2954678557 1
2954809039 -1
2954876753 1
2955010786 1
2955040625 -1
2955286877 1
2955382430 -1
2955415721 -1
2955496708 -1
2955519250 1
2955595434 -1
2955654356 1
2955717141 -1
2955893310 1
2955975613 1
2955999327 -1
2956119222 -1
2956267653 1
2956291419 1
2956307163 -1
2956831298 1
2956910623 -1
2956932098 1
2957041677 1
2957478527 -1
2957525041 1
2957543435 1
2957903155 -1
2957993960 -1
2958053243 1
2958117825 -1
2958225760 -1
2958580108 1
2958610149 1
2958910393 1
2958942745 1
2959018744 1
2959166831 1
2959167981 1
2959236334 -1
2959294438 1
2959504194 -1
2959512006 1
2959895551 1
2959901785 -1
2960071984 1
2960092751 -1
2960159808 1
2960407544 -1
2960433461 1
2960477003 1
2960531378 -1
2960565773 1
2960645131 -1
2960891852 -1
2960942399 1
2960971078 -1
2961092391 -1
2961174536 1
2961324650 1
2961354384 -1
2961409129 1
2961418497 1
2961492082 -1
2961625818 1
2961630664 1
2961724712 -1
2961884852 -1
2961910091 1
2962192618 -1
2962195912 -1
2962208575 1
2962269707 1
2962727856 1
2962767682 1
2962831125 1
2962832658 -1
2963116937 -1
2963229637 1
2963270372 1
2963392522 1
2963417648 1
2963548643 1
2963606373 -1
2963775123 1
2964067084 -1
2964081210 -1
2964100033 -1
2964117841 1
2964268051 1
2964360959 -1
2964480338 -1
2964683781 1
2964696502 -1
2964819521 1
2964924060 1
2964988220 -1
2965011044 1
2965027621 1
2965084314 1
2965130008 -1
2965156378 1
2965219589 -1
2965286365 -1
2965571443 1
2965593652 1
2965661788 1
2965675472 1
2965897946 1
2965965019 1
2966045102 1
2966176041 1
2966187130 -1
2966299233 1
2966345459 1
2966604849 -1
2967004901 1
2967089079 1
2967292371 1
2967369391 1
2967440788 -1
2967442858 -1
2967465346 1
2967550187 1
2967581748 -1
2967585031 -1
2967617447 1
2967806465 1
2967844137 -1
2967927528 -1
2968011303 -1
2968027410 -1
2968084123 -1
2968110611 -1
2968184999 1
2968192857 1
2968209786 1
2968343976 -1
2968418905 -1
2968515657 -1
2968571453 1
2968736848 1
2968766635 -1
2968789145 1
2968978506 -1
2969180968 -1
2969290096 1
2969302067 1
2969383061 1
2969456673 1
2969462905 1
2969573951 1
2969670846 1
2969731390 -1
2969731604 -1
2969748666 1
2969759488 -1
2969782060 -1
2969874958 -1
2969937852 1
2969965479 1
2969972019 1
2969992829 1
2970097699 1
2970106955 1
2970136689 1
2970169418 1
2970185433 -1
2970257166 -1
2970304876 1
2970520588 1
2970544815 1
2970606768 -1
2970676076 1
2971068420 1
2971091472 1
2971310309 1
2971345227 1
2971579928 1
2971690096 1
2971720282 -1
2971748870 -1
2971837722 1
2971847777 1
2972162825 -1
2972255420 1
2972293396 -1
2972344223 1
2972347724 1
2972406709 1
2972516344 1
2972687835 1
2972707791 -1
2972993861 1
2973030679 1
2973258194 1
2973424818 1
2973484559 1
2973512192 1
2973762954 -1
2973877067 1
2974006335 -1
2974052808 -1
2974393038 -1
2974469188 1
2974695906 1
2974732069 1
2974822340 1
2974827384 1
2974862768 1
2974867882 1
2975002165 1
2975014060 1
2975140633 -1
2975219665 1
2975389343 -1
2975745464 -1
2975802951 1
2975873311 1
2975878057 1
2975972186 1
2976111899 1
2976283212 -1
2976292152 -1
2976478264 -1
2976619645 1
2976695742 -1
2976714747 1
2976776681 1
2977045457 -1
2977435774 -1
2977598355 -1
2977758641 -1
2977928650 1
2978281274 1
2978495408 1
2978519358 1
2978899364 1
2978906249 1
2979132575 1
2979297079 -1
2979359618 -1
2979399734 1
2979449431 -1
2979627874 1
2979677688 1
2979743466 1
2979944510 -1
2979945858 1
2980083007 -1
2980126257 1
2980267031 1
2980334234 -1
2980453797 -1
2980547051 1
2980779789 1
2980796062 1
2980801564 -1
2980803318 1
2980858721 1
2981284119 1
2981429280 -1
2981540395 -1
2981569030 1
2981633128 -1
2981641996 1
2981645925 1
2981759852 1
2981871065 -1
2981923004 1
2981938025 1
2981944667 -1
2982027255 1
2982113132 -1
2982327850 1
2982637050 -1
2982720556 -1
2982739662 1
2982843393 -1
2982855411 1
2982897740 -1
2983068295 -1
2983154733 1
2983230653 -1
2983258514 1
2983259566 -1
2983325785 1
2983369972 -1
2983418594 -1
2983542784 1
2983635682 1
2983736826 1
2983831935 -1
2983841648 -1
2983980965 1
2984643584 1
2984658560 1
2984700376 1
2984906890 -1
2985014672 -1
2985021341 1
2985094928 1
2985211267 1
2985297290 1
2985452537 1
2985474575 1
2985532203 1
2985857917 -1
2985903679 -1
2986025671 -1
2986034626 1
2986372221 1
2986452616 -1
2987438477 -1
2987591978 1
2987615238 1
2987729303 1
2987789998 1
2988068672 1
2988110802 1
2988222677 1
2988261339 -1
2988406796 -1
2988538056 -1
2988799887 -1
2988844765 1
2988878075 1
2988917601 1
2989141626 1
2989352363 1
2989639308 -1
2989644586 -1
2989798809 -1
2989803642 -1
2989900069 -1
2989975687 1
2990127569 -1
2990227389 1
2990234562 1
2990280294 -1
2990282199 1
2990356862 1
2990401428 1
2990410573 -1
2990488788 1
2990702585 -1
2990710895 -1
2990730740 -1
2991084188 1
2991273473 1
2991274532 -1
2991341144 1
2991511902 1
2991741229 1
2991747144 1
2991897048 1
2992249438 1
2992378510 1
2992396350 1
2992538888 1
2992644349 1
2992746059 1
2992828823 -1
2993030328 -1
2993032727 -1
2993386263 1
2993890553 1
2993931212 -1
2994064032 1
2994081734 1
2994158734 1
2994179756 1
2994262094 1
2994274109 -1
2994508694 1
2994510203 1
2994584549 -1
2994616156 1
2994624273 -1
2994853888 -1
2994954518 -1
2995000236 1
2995003731 -1
2995004785 1
2995007351 1
2995013771 1
2995136402 1
2995307068 -1
2995347926 1
2995472360 1
2995803474 1
2996022648 -1
2996048857 1
2996089764 1
2996105883 -1
2996117396 -1
2996169045 1
2996183355 1
2996591466 1
2996743954 1
2996803890 1
2996835761 1
2996922050 -1
2996933476 1
2996995020 -1
2997058232 1
2997258864 -1
2997344448 1
2997620651 1
2997728603 1
2997745059 1
2997869965 -1
2997888005 1
2997934279 -1
2998122038 1
2998464558 1
2998624412 1
2998685622 -1
2998815906 1
2998937629 -1
2998953611 1
2999014954 -1
2999026245 -1
2999060960 -1
2999062607 1
2999120018 1
2999146030 1
2999160749 -1
2999280195 1
2999350069 -1
2999462044 -1
2999490135 1
2999576136 -1
2999661792 1
2999662663 1
2999851924 -1
2999920217 -1
2999940369 -1
2999955697 -1
3000119311 1
3000141211 1
3000181200 1
3000239617 1
3000490940 1
3000498543 1
3000566599 -1
3000698344 -1
3000730567 1
3000829742 -1
3000864613 1
3001037873 1
3001045432 1
3001110128 -1
3001122068 1
3001236107 -1
3001265471 1
3001300424 1
3001323799 1
3001342891 -1
3001522199 -1
3001586209 -1
3001886732 1
3002145001 1
3002148225 1
3002326823 -1
3002361717 -1
3002413335 1
3003131358 -1
3003240029 1
3003372750 -1
3003499206 -1
3003515823 -1
3003727013 1
3003730471 1
3003795178 1
3003814483 1
3004022878 -1
3004032255 1
3004108549 1
3004421225 1
3004478349 1
3004540299 1
3004543908 1
3004571427 1
3004758009 1
3004859567 -1
3004899676 -1
3005263940 -1
3005366246 1
3005372807 1
3005425847 -1
3005433767 1
3005502251 1
3005597484 1
3005647877 -1
3005704347 1
3005877391 1
3005931991 -1
3005999126 -1
3006038136 -1
3006207829 1
3006246684 1
3006248687 1
3006261744 1
3006289427 1
3006339806 1
3006423747 -1
3006611354 -1
3006611476 1
3006763305 1
3006769122 -1
3006905061 1
3006947961 1
3006982612 1
3007046253 -1
3007053938 -1
3007069253 -1
3007087506 1
3007153264 -1
3007249880 1
3007289890 -1
3007334109 1
3007431875 -1
3007466187 1
3007547054 1
3007615504 1
3007842799 -1
3007952657 -1
3008155392 1
3008669205 1
3008688164 1
3008861466 -1
3008984916 1
3008997656 1
3009005090 -1
3009019344 1
3009161726 1
3009234419 -1
3009261031 -1
3009384678 1
3009397804 1
3009557543 1
3009601688 1
3009748454 1
3009802114 1
3009916609 1
3010004628 -1
3010246497 1
3010409749 -1
3010527844 1
3010881687 -1
3011009226 -1
3011057546 1
3011088956 1
3011108622 -1
3011126540 1
3011247397 1
3011248617 -1
3011250478 1
3011311576 1
3011315299 1
3011410493 -1
3011681712 -1
3011716199 1
3011835853 -1
3011851148 1
3011936572 1
3011943263 1
3012118122 1
3012127306 1
3012199017 1
3012273038 1
3012322663 1
3012388027 -1
3012467513 1
3012501738 1
3012570000 -1
3012694318 1
3012789969 -1
3012949651 -1
3013039398 1
3013143630 -1
3013153025 1
3013291169 -1
3013297387 1
3013524427 1
3013631149 1
3013667364 1
3013680546 -1
3013848352 -1
3014237867 1
3014350327 1
3014410263 -1
3014528776 -1
3014777297 1
3014879208 1
3014879945 1
3014881990 1
3015109515 1
3015244763 1
3015244974 1
3015411277 1
3015542388 1
3015635388 1
3015671473 1
3015749925 1
3015819644 1
3015874877 1
3016051915 1
3016203592 1
3016265908 -1
3016276132 -1
3016291602 1
3016314388 -1
3016649902 1
3016690884 1
3016817068 1
3017042190 1
3017214280 -1
3017250824 1
3017408777 1
3017430552 1
3017489650 1
3017496884 1
3017508371 -1
3017551601 1
3017622194 1
3017649907 -1
3017698773 -1
3017894150 -1
3018080274 1
3018098725 1
3018194487 1
3018255724 -1
3018540077 1
3018567572 1
3018629384 -1
3018675887 1
3018692807 1
3018841603 1
3018843835 -1
3018920513 1
3018971822 -1
3019167286 1
3019191204 1
3019305882 -1
3019602085 1
3019731190 1
3019975801 -1
3020007759 1
3020010796 1
3020122644 1
3020126861 -1
3020178359 1
3020297582 -1
3020403043 1
3020632875 1
3020635239 1
3020696416 -1
3020698045 -1
3020768709 1
3020852167 -1
3020949625 -1
3021127439 -1
3021191531 -1
3021233334 -1
3021309396 -1
3021351883 1
3021356487 -1
3021424504 -1
3021484344 -1
3021491741 1
3021584459 1
3021872550 -1
3021968944 1
3021975158 1
3022055581 1
3022104748 -1
3022227956 1
3022257757 1
3022577082 1
3022612302 -1
3022677763 1
3022801189 1
3022935230 1
3023022997 1
3023038293 1
3023082449 -1
3023128422 -1
3023453441 -1
3023457463 1
3023494550 1
3023560720 1
3023700112 1
3023780969 1
3023846325 1
3024034082 1
3024368336 -1
3024594100 1
3024667988 -1
3024782648 1
3024945986 -1
3025099333 1
3025236566 -1
3025411479 1
3025445502 -1
3025529588 -1
3025574648 -1
3025595479 1
3025891992 1
3025894155 -1
3025896011 -1
3026019918 1
3026025102 -1
3026025327 1
3026322368 -1
3026328077 -1
3026476808 -1
3026565455 -1
3026575633 -1
3026608951 1
3026630437 1
3026844190 -1
3026958764 -1
3027064971 1
3027150598 1
3027392356 -1
3027437887 1
3027454252 1
3027746627 1
3027762351 -1
3028173863 1
3028193229 1
3028284347 1
3028359574 1
3028493820 1
3028582263 -1
3028688813 1
3028810252 1
3028816879 1
3028826692 1
3029019025 -1
3029043483 1
3029051316 -1
3029192264 1
3029198154 1
3029229240 1
3029358629 1
3029624041 1
3029907730 1
3029991551 1
3030102618 -1
3030152194 -1
3030414824 -1
3030418321 1
3030440738 -1
3030988616 1
3031229462 1
3031257482 1
3031316638 1
3031342739 -1
3031580594 -1
3031764625 1
3031837641 -1
3031911718 1
3032309262 -1
3032312505 -1
3032328265 -1
3032518400 -1
3032675084 1
3032876806 -1
3032882634 1
3032956571 1
3033039095 1
3033119742 1
3033417285 1
3033486625 1
3033543458 1
3033567724 -1
3033626593 1
3033840341 -1
3033958365 1
3033958743 1
3033977756 1
3033997557 -1
3034013621 1
3034045511 1
3034075428 -1
3034311790 1
3034371979 1
3034436841 1
3034444828 1
3034460309 1
3034461606 1
3034469650 1
3034531859 -1
3034574148 -1
3034717580 1
3034879743 -1
3034893122 1
3034907234 1
3035169313 -1
3035725615 1
3035951637 1
3036086042 -1
3036188427 -1
3036235538 1
3036369457 1
3036497768 1
3036499373 1
3036629950 1
3036791648 1
3036820709 1
3036829737 -1
3036834520 1
3036969804 -1
3037028962 1
3037056209 -1
3037143836 1
3037219945 -1
3037307044 1
3037659219 1
3038461195 -1
3038499744 1
3038584996 1
3038607888 -1
3039007279 -1
3039223002 1
3039224514 1
3039386521 1
3039590857 1
3039600381 -1
3039646336 -1
3039727857 1
3039847361 1
3039906745 -1
3040062960 -1
3040081844 -1
3040362408 -1
3040460444 1
3040566272 -1
3040624987 -1
3040735387 1
3040803616 1
3040887167 -1
3041008666 -1
3041283334 -1
3041334591 -1
3041374399 1
3041629614 1
3041729379 1
3042284950 1
3042443963 1
3042485855 1
3042545443 -1
3042636938 1
3042647389 -1
3042653492 -1
3042660082 1
3042967053 -1
3043018942 1
3043064385 -1
3043184566 -1
3043632153 -1
3043905188 -1
3044125553 -1
3044187036 -1
3044430454 -1
3044779528 1
3044830165 -1
3044929449 1
3045330607 1
3045612536 -1
3045696452 -1
3045790881 1
3045800310 -1
3046009680 -1
3046208293 1
3046229189 1
3046477602 -1
3046698623 1
3046973686 -1
3047163650 -1
3047246159 1
3047358487 -1
3047658437 1
3047778877 -1
3047957167 -1
3047984530 1
3048079204 -1
3048103638 1
3048125948 -1
3048279393 -1
3048321567 1
3048626084 -1
3048695571 1
3048827323 1
3048879735 -1
3049078773 -1
3049235258 -1
3049551468 -1
3049759572 1
3049881129 -1
3049893582 -1
3050011798 1
3050147223 -1
3050175875 -1
3050394847 1
3050439482 -1
3050439993 -1
3050657885 -1
3051033478 -1
3051163156 -1
3051248841 1
3051252549 1
3051278700 1
3051583795 -1
3051641760 1
3051677060 1
3051798884 1
3051812174 -1
3051938404 -1
3052043771 -1
3052252684 1
3052374416 -1
3052389075 1
3052498043 -1
3052519451 -1
3052716480 1
3052748982 1
3053020009 -1
3053042344 1
3053179371 1
3053192693 -1
3053273554 1
3053352457 -1
3053426596 -1
3053488076 1
3053712227 -1
3053916587 -1
3053940573 -1
3054230014 -1
3054238754 -1
3054386752 -1
3054455875 -1
3054509505 -1
3054575146 1
3054961087 -1
3055256048 1
3055350729 1
3055380540 -1
3055426920 1
3055631228 1
3055800327 1
3055879866 -1
3056019706 -1
3056435825 -1
3056562165 1
3056687753 1
3056761788 -1
3056907871 -1
3056923170 1
3056931379 -1
3057028073 1
3057139456 1
3057384586 -1
3057442261 1
3057675680 -1
3058029159 -1
3058132950 1
3058283417 1
3058312554 -1
3058550284 -1
3058623171 1
3058645319 -1
3058647544 -1
3058719319 -1
3058860384 -1
3058992869 1
3059142633 -1
3059520782 1
3059583674 -1
3059657785 -1
3059807727 -1
3059862168 1
3059870276 1
3060051708 1
3060142259 -1
3060336328 1
3060365344 -1
3060607078 1
3060719694 -1
3060857051 1
3061016208 -1
3061072808 -1
3061175225 -1
3061368792 -1
3061422660 -1
3061688185 -1
3061717514 1
3061850782 1
3062002024 -1
3062401882 1
3062430205 1
3062434746 -1
3062550960 -1
3062701891 -1
3062740921 1
3062743082 -1
3062831624 -1
3062868652 -1
3063134261 1
3063151198 -1
3063165853 -1
3063279398 1
3063302012 -1
3063372060 1
3063543792 1
3063573950 -1
3063872470 1
3064053943 1
3064089843 -1
3064344218 1
3064399039 -1
3064490986 -1
3064745215 -1
3064805521 1
3064886022 1
3064922754 -1
3065080862 -1
3065242651 -1
3065243283 -1
3065767633 -1
3066106398 -1
3066237686 1
3066431327 1
3066828383 1
3066886924 -1
3067221923 1
3067226971 1
3067244760 -1
3067250435 -1
3067351965 1
3067609239 -1
3067934499 -1
3067998115 -1
3068037084 -1
3068622853 1
3068760275 -1
3068953023 -1
3069021111 -1
3069029946 -1
3069346041 -1
3069417036 -1
3069481636 -1
3069658502 -1
3069751875 1
3070037047 -1
3070269657 1
3070387365 1
3070576021 -1
3070648732 -1
3070830858 1
3070924163 -1
3071364131 -1
3071921859 1
3071932173 -1
3071980577 -1
3072259926 1
3072392286 -1
3072438593 1
3072452628 1
3072520922 1
3072660720 1
3072693841 1
3072698105 -1
3072883933 1
3072933216 1
3072980510 -1
3073134949 1
3073258527 1
3073391942 1
3073451716 1
3073453330 1
3073499352 -1
3074059918 -1
3074099426 -1
3074102154 1
3074354660 -1
3074367491 1
3074388840 1
3074432964 -1
3074508100 -1
3074518007 1
3074569807 1
3074776912 1
3074997832 -1
3075370905 -1
3075545513 1
3075587274 1
3075749832 -1
3075875944 1
3075964143 1
3076341081 1
3076585231 1
3076899554 -1
3077113796 -1
3077255086 -1
3077631802 -1
3077808819 -1
3077831314 -1
3077921700 -1
3077941101 1
3078119947 1
3078456335 -1
3078485723 -1
3078522346 -1
3078542459 -1
3078570820 1
3078844793 1
3078907599 -1
3079080139 1
3079116108 -1
3079176109 -1
3079239670 1
3079499216 -1
3079678466 -1
3079716099 1
3079761771 1
3080088702 1
3080329653 1
3080373597 1
3080424361 -1
3080795436 -1
3080814538 1
3081014100 -1
3081025253 -1
3081083601 -1
3081159030 1
3081194402 -1
3081361094 -1
3081372226 -1
3081472552 -1
3081591327 1
3081628231 1
3081658916 -1
3081675045 1
3081891215 1
3081968564 1
3082180817 1
3082342668 1
3082382310 -1
3082532479 -1
3082558099 -1
3082625062 1
3082669967 1
3082841573 1
3082888755 -1
3082983497 1
3083061256 -1
3083120480 -1
3083189342 -1
3083306335 -1
3083431375 -1
3083784208 1
3083785974 -1
3083905091 -1
3084021309 -1
3084178027 -1
3084678691 -1
3084731423 -1
3084939857 -1
3084948989 1
3085061039 -1
3085143844 -1
3085273581 -1
3085359103 1
3085392711 1
3085453799 1
3085755388 -1
3085809127 1
3086413161 -1
3086443811 1
3086573730 1
3086653338 1
3086674233 -1
3086747717 1
3086792316 -1
3086993944 -1
3087097156 -1
3087137482 1
3087444699 1
3087497525 1
3087704054 -1
3087927465 1
3088100568 -1
3088173756 -1
3088193548 1
3088222021 -1
3088651295 1
3088718890 -1
3088835188 1
3088934565 -1
3089009722 -1
3089396132 -1
3089497614 1
3089513250 -1
3089797119 -1
3089802064 -1
3089806508 1
3089857622 -1
3090020293 1
3090054561 -1
3090572706 -1
3090702980 1
3090814903 -1
3090943981 -1
3091039035 -1
3091057347 1
3091308128 -1
3091701822 1
3091780478 -1
3091845017 -1
3091981937 -1
3092171158 -1
3092415049 1
3092482938 -1
3092835125 1
3092957376 1
3093157866 1
3093241340 1
3093531604 -1
3093675977 1
3093906113 1
3094047260 -1
3094510018 -1
3094535378 1
3094611200 -1
3094644369 1
3094649758 -1
3094775389 -1
3094806295 -1
3094816698 -1
3094999144 1
3095263150 1
3095365529 -1
3095452692 -1
3095527935 -1
3095589665 -1
3095806405 1
3095927446 -1
3096441357 -1
3096547312 -1
3096763714 -1
3096841809 -1
3096856621 -1
3096979918 -1
3097025845 1
3097066169 -1
3097095163 -1
3097105128 1
3097166810 1
3097244186 1
3097267023 1
3097307859 -1
3097393579 -1
3097486392 1
3097545343 -1
3097630482 -1
3097687312 1
3097759609 -1
3097790470 -1
3097890248 -1
3098023106 -1
3098032801 -1
3098189984 1
3098222937 -1
3098377020 -1
3098506756 -1
3098645102 -1
3098692380 -1
3098729881 -1
3098776299 -1
3098830160 -1
3098885447 -1
3099199979 1
3099338030 1
3099378309 -1
3099516403 -1
3099611037 -1
3099705089 1
3099711541 -1
3099962673 1
3100274732 -1
3100378164 -1
3100748255 1
3100935000 -1
3101141694 -1
3101148466 1
3101271711 -1
3101429015 -1
3101481332 1
3101842144 -1
3101846577 -1
3101849985 1
3101857440 -1
3102014213 1
3102132494 1
3102177737 1
3102507051 1
3102603575 1
3102681070 -1
3102865840 -1
3102871510 -1
3103080274 1
3103268201 1
3103720181 -1
3103984550 -1
3104044945 -1
3104784539 1
3104851694 1
3105027758 1
3105041662 -1
3105716342 -1
3105790817 1
3105796627 -1
3105861054 -1
3105935481 -1
3106212603 -1
3106537511 1
3106546308 1
3106572656 1
3106877465 -1
3106957003 -1
3107394540 1
3107477076 1
3107669884 1
3107847885 1
3107907921 1
3108200437 -1
3108207816 -1
3108431533 1
3108457720 -1
3108470676 -1
3108984246 -1
3109003948 -1
3109098623 -1
3109191938 -1
3109213421 -1
3109490284 -1
3109573843 -1
3109584394 1
3109642339 -1
3110153995 1
3110305511 1
3110320363 -1
3110565508 -1
3110591584 1
3110636407 -1
3110800831 -1
3110841206 -1
3110863428 -1
3110981489 -1
3111013716 -1
3111031234 1
3111077514 1
3111297453 -1
3111650548 1
3111669012 -1
3111725285 1
3111743631 -1
3111902799 -1
3112525906 1
3112551634 1
3112842578 1
3112851327 -1
3112992510 -1
3113002362 -1
3113214198 1
3113417605 -1
3113513804 -1
3113554185 1
3113606017 1
3113711151 1
3113813161 -1
3113846113 -1
3113949887 -1
3114084187 -1
3114198897 -1
3114420382 -1
3114847682 1
3114919242 -1
3115028737 1
3115034335 -1
3115173897 -1
3115456277 1
3115581107 1
3115630354 -1
3115686137 1
3115862583 -1
3115971194 1
3116067021 1
3116544825 1
3116724958 -1
3116871503 -1
3116934585 -1
3117115593 -1
3117293927 -1
3117473112 -1
3117574859 -1
3117579708 -1
3117685163 1
3117993820 -1
3118155576 -1
3118252622 1
3118782272 -1
3118892586 -1
3119003251 -1
3119101656 1
3119305787 1
3119394441 -1
3119405844 -1
3119420055 1
3119527325 -1
3119553480 -1
3119870674 -1
3120084809 -1
3120275044 -1
3120668070 -1
3120689799 1
3121231440 -1
3121477306 1
3121645975 -1
3121903684 1
3121936903 -1
3122109080 -1
3122232467 -1
3122263729 -1
3122489817 -1
3122633952 -1
3122775754 -1
3123049427 -1
3123267810 1
3123485883 -1
3123717497 -1
3123858403 -1
3123866891 1
3124011388 -1
3124136658 1
3124249341 1
3124279264 1
3124549764 1
3124572298 1
3124687177 1
3124790103 1
3124878997 -1
3124911421 -1
3125086157 -1
3125127889 -1
3125277009 -1
3125316804 -1
3125682121 -1
3125763285 -1
3125767860 -1
3125930316 1
3126118683 -1
3126249288 -1
3126312738 -1
3126481182 -1
3126609741 1
3126844776 -1
3127149269 -1
3127260985 -1
3127366918 -1
3127390655 -1
3127479653 -1
3127664678 1
3127822524 1
3127851296 -1
3127981934 -1
3128067374 -1
3128276358 -1
3128330953 -1
3128594416 -1
3128605156 -1
3128648800 -1
3128693050 -1
3128792705 -1
3129247776 -1
3129335910 -1
3129427902 1
3129428895 -1
3129652288 1
3129714812 -1
3129741812 1
3129832326 1
3130000348 -1
3130021117 -1
3130264198 -1
3130345865 1
3130361005 -1
3130476943 1
3130552326 -1
3130666844 -1
3130935268 1
3131123644 1
3131356876 -1
3131630068 1
3131730208 1
3132148357 1
3132215880 1
3132397720 1
3132457848 1
3132603733 1
3132653529 -1
3132699105 -1
3132701891 -1
3132777816 -1
3132905549 -1
3132981360 1
3133088986 -1
3133215841 -1
3133303167 -1
3133326040 -1
3133453971 1
3133581741 1
3133889777 -1
3133933829 -1
3134096824 -1
3134515411 1
3134617533 1
3134695160 -1
3134908953 1
3134974334 -1
3135224630 -1
3135540893 1
3135545054 -1
3135703773 1
3135721854 1
3135858458 -1
3135874592 -1
3136197664 1
3136349077 -1
3136612107 1
3136856785 -1
3137006619 -1
3137028747 -1
3137048396 -1
3137418215 -1
3137429143 -1
3137785023 -1
3138056459 -1
3138268863 -1
3138272146 1
3138443049 -1
3138522466 1
3138554102 1
3138562863 1
3138595914 -1
3138947462 -1
3138992834 1
3138998566 -1
3139090996 1
3139141426 -1
3139302902 -1
3139315856 -1
3139534190 -1
3139814554 -1
3139953133 -1
3140065101 1
3140143409 -1
3140761590 -1
3140810007 -1
3140932965 -1
3141041792 1
3141108886 -1
3141114435 -1
3141467196 -1
3141468704 -1
3141505416 1
3141595049 -1
3141735675 -1
3141840343 -1
3141885949 1
3141892305 1
3141921858 -1
3141940437 1
3141967312 -1
3142070293 -1
3142130059 1
3142138990 -1
3142218316 -1
3142344369 -1
3142395419 -1
3142443890 1
3142589434 -1
3142942342 -1
3143160962 1
3143335612 1
3143502003 -1
3143572384 -1
3143692950 -1
3143953530 1
3144354900 1
3144360380 1
3144425433 1
3144566521 -1
3144611069 1
3144813288 1
3144888728 -1
3145185189 1
3145347389 1
3145477350 -1
3145927669 -1
3146135976 1
3146223523 -1
3146453950 1
3147004067 1
3147147203 1
3147172976 -1
3147494384 -1
3148060443 1
3148061043 -1
3148064479 -1
3148073835 1
3148207775 1
3148212866 1
3148301001 -1
3148339634 1
3148451273 -1
3148536039 1
3148588659 1
3148698195 -1
3148922242 -1
3149007462 -1
3149085996 1
3149174918 -1
3149301377 -1
3149353691 1
3149461768 -1
3149533279 1
3149587479 -1
3149620060 1
3150019952 -1
3150248557 -1
3150264047 -1
3150580976 1
3150630199 1
3150634663 1
3150849305 -1
3150938258 1
3151522108 1
3151864361 -1
3151901786 -1
3151902269 -1
3151920077 -1
3151991196 -1
3152200887 -1
3152220462 1
3152341536 -1
3152513985 -1
3152603563 -1
3152611889 1
3152649332 -1
3152686021 -1
3152712101 -1
3152848253 -1
3153150415 1
3153199587 1
3153308552 -1
3153450868 -1
3153535967 1
3153569278 1
3153788429 -1
3153912529 1
3154138890 -1
3154395583 1
3154689245 1
3154933498 -1
3154936068 1
3154938528 -1
3155373526 -1
3155571225 1
3155874229 1
3155973987 -1
3155996988 1
3156133805 1
3156173906 -1
3156312856 1
3156483259 -1
3156530116 -1
3156707433 1
3156714778 -1
3156846045 -1
3157179419 1
3157201113 -1
3157245354 1
3157441933 -1
3157485796 1
3157567598 -1
3157569029 -1
3157594179 -1
3157663152 -1
3157690018 1
3157828169 -1
3157895059 1
3157997417 -1
3158025640 -1
3158060854 1
3158081340 -1
3158090739 -1
3158134655 -1
3158140929 -1
3158208796 1
3158239551 1
3158301538 1
3158336034 -1
3158354972 -1
3158807797 -1
3158821528 -1
3158846887 1
3158917161 -1
3159014403 1
3159202516 1
3159217240 -1
3159539576 1
3159590042 -1
3159666380 -1
3159801280 -1
3159839383 1
3159900152 -1
3160249825 -1
3160496310 1
3160501865 -1
3160559310 1
3160571283 -1
3160725077 -1
3161152648 -1
3161163225 1
3161367930 -1
3161495566 1
3161503432 -1
3161527562 -1
3162079726 -1
3162148805 1
3162856204 1
3162885345 1
3162912147 -1
3162950162 -1
3163131992 -1
3163283559 -1
3163364097 1
3163714040 -1
3163855160 -1
3164074228 1
3164095213 1
3164220159 -1
3164494144 1
3164719725 1
3164738364 -1
3164777029 1
3165140119 -1
3165474911 -1
3165725541 -1
3165740775 -1
3165960623 -1
3166024877 -1
3166346160 1
3166348248 -1
3166432430 -1
3166547266 -1
3166644261 1
3166726035 1
3166761419 -1
3166803246 -1
3166837268 1
3167139843 1
3167171999 1
3167281980 1
3167621423 -1
3167637342 -1
3167658979 -1
3167696855 -1
3168140866 1
3168300772 1
3168416011 -1
3168536141 1
3168752823 1
3169231947 -1
3169526340 -1
3169615539 -1
3169703768 -1
3169892992 -1
3169958815 -1
3169969611 -1
3170325455 -1
3170477715 1
3171019384 1
3171020726 -1
3171037419 -1
3171098826 -1
3171370248 1
3171376208 1
3171381353 -1
3171432440 -1
3171483536 1
3171629606 1
3171658655 -1
3171687683 1
3171923718 1
3171988339 -1
3172141143 -1
3172163632 -1
3172203549 1
3172216579 1
3172294525 -1
3172381144 1
3172711325 -1
3172902372 1
3173145321 -1
3173423011 -1
3173481570 1
3173562605 1
3173594239 -1
3173609697 1
3173996190 -1
3174041167 1
3174049596 1
3174153392 1
3174262143 -1
3174271637 -1
3174279663 1
3174359362 -1
3174512807 -1
3174545072 -1
3174747020 1
3174818362 1
3174871376 -1
3175000272 -1
3175250308 -1
3175719518 1
3175771967 1
3175819868 -1
3175882087 1
3175968439 -1
3176212231 -1
3176314050 -1
3176604958 -1
3176799910 -1
3177192866 1
3177234777 1
3177338096 -1
3177460156 -1
3177462231 1
3177745520 -1
3178021857 -1
3178221897 -1
3178285448 -1
3178410372 -1
3178634224 -1
3178687936 1
3178933784 1
3178993733 -1
3178997034 -1
3179436161 -1
3179473647 1
3179535224 -1
3179548467 -1
3179632186 -1
3180051982 1
3180244982 -1
3180460300 -1
3180793721 -1
3180875074 -1
3181003248 1
3181223761 1
3181263127 1
3181397014 1
3181608037 1
3181708770 1
3181759943 -1
3181919183 -1
3182100231 1
3182251836 -1
3182359069 -1
3182381634 -1
3182435334 1
3182505210 -1
3182545229 -1
3182565114 1
3182634032 1
3182685249 1
3182882354 -1
3182995380 -1
3183212250 -1
3183349714 1
3183459561 1
3183489906 -1
3183692263 -1
3183704269 1
3183854866 -1
3183895886 -1
3184168172 1
3184171983 1
3184176780 1
3184349290 -1
3184672277 -1
3184841609 1
3185184502 -1
3185467656 -1
3185770223 1
3185842372 -1
3185899325 1
3185958428 1
3186253558 1
3186332581 1
3186346135 -1
3186379535 1
3186579454 1
3186868829 1
3187060357 -1
3187290760 -1
3187547373 1
3187592505 1
3188068023 -1
3188142027 -1
3188142725 -1
3188188613 1
3188211192 1
3188485435 1
3188662488 1
3188745535 -1
3188766981 1
3188836139 1
3189031099 -1
3189049481 1
3189240796 1
3189291191 1
3189692185 -1
3189712460 1
3190205043 -1
3190327935 -1
3190345880 -1
3190357770 -1
3190616497 -1
3191074265 -1
3191219581 1
3191297725 -1
3191820781 -1
3191857281 1
3192049524 -1
3192236014 1
3192263022 1
3192282900 1
3192345359 -1
3192556980 1
3192561461 -1
3192595947 1
3192660796 1
3192682647 1
3192776644 -1
3192782882 -1
3192794806 -1
3192813159 1
3193036569 -1
3193043761 1
3193207655 1
3193302842 -1
3193535133 -1
3193547544 -1
3193556054 1
3193616359 1
3193626410 -1
3193678381 1
3193714786 1
3193779731 -1
3193996049 1
3194511289 1
3194943565 -1
3195211388 -1
3195231353 1
3195297191 -1
3195338896 1
3195385095 -1
3195813933 1
3196021948 1
3196161887 1
3196331676 1
3196471480 -1
3196745926 -1
3196910128 1
3197317967 1
3197387515 1
3197459070 1
3197490014 1
3197561521 -1
3197709776 -1
3197815446 -1
3197851889 -1
3198176389 -1
3198293447 -1
3198322019 1
3198455227 1
3198483205 -1
3198542122 -1
3198670962 -1
3198947765 -1
3198963120 -1
3199033101 1
3199209335 -1
3199302376 1
3199474768 1
3199524641 1
3200089380 -1
3200121064 -1
3200233961 -1
3200312503 -1
3200343377 1
3200533772 1
3200690949 -1
3200839792 -1
3200841358 -1
3200848257 1
3201224249 -1
3201227546 -1
3201229574 1
3201313552 1
3201329554 -1
3201376365 -1
3201488489 1
3201728732 1
3201846321 -1
3201879097 1
3201930660 1
3202201972 1
3202644246 -1
3202652721 -1
3202710281 -1
3202722602 1
3203322022 -1
3203398559 -1
3203535882 -1
3203949165 -1
3204476882 -1
3204504781 1
3204773873 -1
3205184566 -1
3205218479 -1
3205445024 -1
3205826118 -1
3206010748 1
3206285118 1
3206831808 1
3206853337 -1
3206863496 1
3207115340 1
3207149114 -1
3207181107 -1
3207859305 -1
3208382176 -1
3208726161 1
3208829426 -1
3208864008 1
3208919807 -1
3208943354 1
3208994722 1
3209129238 1
3209205974 1
3209280755 -1
3209411121 1
3209468333 -1
3209517059 1
3209735522 1
3209796854 1
3209852624 -1
3209909217 -1
3210097312 1
3210200649 -1
3210812060 -1
3210897115 1
3210919392 1
3210979294 1
3211039995 1
3211167912 1
3211291965 -1
3212245363 -1
3212433999 1
3212501815 -1
3212557877 1
3212621869 -1
3212798302 -1
3212815949 -1
3212970189 1
3212986728 -1
3213349827 -1
3213551817 1
3213567732 -1
3214001267 -1
3214187139 -1
3214230287 1
3214521421 -1
3214734987 -1
3214882799 -1
3214934236 1
3214960653 1
3215168778 1
3215185784 -1
3215339194 1
3215649415 -1
3215783949 1
3215803930 -1
3215828777 -1
3216343464 -1
3216473051 1
3216497783 1
3216533571 1
3216731085 -1
3216853578 1
3216945578 -1
3217123533 -1
3217142305 1
3217148132 -1
3217238724 1
3217244860 1
3217389127 -1
3217832838 -1
3218099215 1
3218435407 1
3218447693 1
3218950736 -1
3219091079 -1
3219244128 -1
3219273214 1
3219400478 1
3219650661 -1
3219893553 -1
3220082247 1
3220405555 1
3220565496 -1
3220717398 1
3220806427 -1
3220826201 1
3220889737 1
3221047636 -1
3221062403 -1
3221087764 1
3221097923 1
3221331390 -1
3221346151 1
3221379002 1
3221680207 -1
3221745143 -1
3221836029 -1
3221980587 -1
3222037109 -1
3222260655 -1
3222379529 -1
3222664229 1
3222890951 1
3222926536 1
3223024918 1
3223056227 1
3223169646 -1
3223262367 -1
3223267944 1
3223276277 1
3223280968 1
3223321134 -1
3223396362 -1
3223563546 1
3223721015 1
3223869052 -1
3224005595 1
3224094455 1
3224235387 -1
3224363653 -1
3224550119 1
3224693246 -1
3225186207 1
3225232734 -1
3225373464 -1
3225376504 -1
3225396220 1
3225428478 1
3226617518 1
3227181670 -1
3227320950 1
3228142898 -1
3228175955 -1
3228205820 1
3228219370 1
3228359261 1
3228408573 -1
3228945625 -1
3229198214 -1
3229667922 1
3229697246 1
3229786458 1
3229831870 -1
3230149075 1
3230329079 1
3230802392 1
3230972149 -1
3231172255 -1
3231382542 1
3231564083 1
3231577728 -1
3231709041 1
3231813846 1
3231955855 1
3231981397 1
3231993634 -1
3232360604 1
3232572040 1
3232582037 1
3232769036 1
3233445102 -1
3233515347 -1
3233546554 1
3233607330 -1
3233657438 1
3234050867 -1
3234054376 -1
3234071957 1
3234345516 1
3234391759 -1
3234421268 1
3234681770 1
3234706815 1
3234947917 -1
3235181746 -1
3235264702 1
3235287322 1
3235307838 1
3235428092 1
3235583737 1
3235590431 -1
3235600450 1
3235688767 1
3235781078 -1
3235853023 1
3236150714 -1
3236314036 -1
3236373808 -1
3236476030 -1
3236643454 1
3236791244 -1
3237252853 1
3237349451 1
3237382313 -1
3237409767 -1
3237420118 -1
3237721921 -1
3237755409 1
3237876836 -1
3238105107 1
3238261060 -1
3238407002 -1
3238474521 -1
3238556013 -1
3238639641 -1
3238780008 1
3238852408 1
3238956145 -1
3238966042 1
3239287455 -1
3239417159 1
3239450423 1
3239682972 1
3239696642 1
3239792057 1
3240058385 -1
3240147072 -1
3240232663 1
3240340975 1
3240503615 1
3240893391 1
3241117570 1
3241203986 1
3241215837 -1
3241279891 1
3241284588 -1
3241289807 -1
3241310268 -1
3241570932 -1
3241673599 1
3241842520 -1
3241958693 1
3242136086 1
3242417330 1
3242630643 1
3242657979 -1
3242675346 1
3242699312 -1
3242741727 -1
3242762736 1
3242826289 1
3242892253 1
3243347791 1
3243658668 1
3243752143 -1
3243759571 1
3243887989 1
3243960046 1
3244232000 -1
3244258859 1
3244397871 1
3244435735 1
3244605589 -1
3244795467 1
3245159480 -1
3245599379 -1
3245826008 1
3245916262 1
3245978189 -1
3246111747 1
3246122986 1
3246123608 1
3246135857 -1
3246150695 1
3246462355 -1
3247095409 1
3247117608 1
3247327296 1
3247651003 1
3247915842 1
3247920793 -1
3247951040 1
3248370968 -1
3248677162 1
3248737175 -1
3248838911 -1
3248859673 -1
3249105535 1
3249143242 1
3249162228 1
3249198252 -1
3249219009 1
3249247741 -1
3249612416 -1
3249739126 -1
3249783810 1
3249859354 1
3250245097 -1
3250252204 1
3250410798 -1
3250627614 1
3250773189 1
3250856892 -1
3250990204 -1
3250994144 1
3251051200 1
3251052255 -1
3251255001 -1
3251707865 1
3251747813 1
3252085138 -1
3252143826 -1
3252165251 -1
3252192016 1
3252286429 -1
3252509255 -1
3252518822 1
3252722233 -1
3252733444 -1
3253172825 1
3253211545 1
3253410559 1
3253508815 -1
3253528816 -1
3254075555 -1
3254478608 1
3254507810 1
3254534419 -1
3254652482 -1
3254758462 1
3255127305 1
3255187514 -1
3255301928 -1
3255546844 -1
3255586341 1
3255648934 1
3255652159 1
3255671233 1
3255811882 1
3255905079 1
3256240664 1
3256387753 1
3256469658 -1
3257153598 1
3257172377 1
3257213244 1
3257243288 1
3257262108 -1
3257347869 1
3257481258 -1
3257631977 1
3257689012 1
3257698065 -1
3258109057 1
3258142410 -1
3258432587 -1
3258469430 -1
3258695999 -1
3259015526 1
3259125829 1
3259129452 1
3259151242 1
3259775493 1
3259870528 1
3260271420 1
3260319039 -1
3260455492 1
3260523435 1
3260816458 1
3260938745 1
3260954774 1
3261128453 1
3261266878 1
3261484292 1
3261664796 -1
3261976109 -1
3262181784 1
3262190631 1
3262198689 -1
3262198918 -1
3262200638 -1
3262586916 -1
3262644715 -1
3262775131 -1
3262969253 -1
3263065643 -1
3263209156 1
3263621923 1
3263657315 -1
3263806611 -1
3263837686 1
3264194018 1
3264478326 1
3264700825 -1
3264757054 -1
3264818384 1
3264913391 1
3265099448 -1
3265177357 1
3265203317 1
3265630462 -1
3265631353 -1
3265796451 1
3265878966 -1
3266190776 -1
3266194758 1
3266316856 1
3266494680 -1
3266980131 1
3266986755 -1
3267107928 -1
3267127890 1
3267240749 -1
3267315086 -1
3267467714 -1
3267489674 1
3267628152 1
3267933113 1
3267998115 1
3268074070 1
3268105076 -1
3268135220 1
3268392865 -1
3268565441 1
3268759763 1
3268762583 1
3268819551 1
3268993009 1
3268995746 -1
3269207062 1
3269208894 1
3269263634 -1
3269407682 -1
3269417816 -1
3269473783 -1
3269500523 1
3269603074 -1
3269719244 1
3269790911 1
3270168528 -1
3270519928 1
3270815863 -1
3270847340 -1
3271120074 -1
3271256035 -1
3271293169 1
3271501913 -1
3271551240 -1
3271807991 1
3271893872 1
3271976768 -1
3272138646 1
3272375919 1
3272572947 -1
3272593049 -1
3272828764 -1
3272969367 1
3273160576 1
3273288984 1
3273463937 1
3273626394 -1
3273674696 1
3273793652 1
3273889395 1
3274091315 -1
3274135496 1
3274298437 -1
3274721493 1
3274831894 1
3274886065 1
3274970714 1
3275067086 -1
3275088157 1
3275106106 1
3275250492 1
3275589555 -1
3275698606 -1
3275767186 1
3275785435 -1
3275869241 1
3276323349 -1
3276422388 1
3276650340 1
3276735590 -1
3277044122 1
3277126650 -1
3277203152 -1
3277209948 1
3277353843 -1
3277389581 -1
3277633506 1
3277662981 1
3277707117 -1
3277953822 1
3278174199 1
3278214345 1
3278295063 1
3278342825 -1
3278507506 1
3278534333 1
3278578763 1
3279026262 -1
3279047325 1
3279181257 1
3279256308 1
3279468196 1
3279488311 1
3279885628 1
3279947611 -1
3280208626 1
3280467702 1
3280837128 -1
3280957043 1
3280969131 1
3281409663 1
3281600466 1
3281719340 1
3281750138 1
3282050547 1
3282105128 1
3282392571 1
3282451598 1
3282564457 -1
3282651473 1
3283073783 1
3283127364 1
3283142704 -1
3283173632 -1
3283466235 -1
3283603915 -1
3283662246 1
3283778072 1
3283822480 -1
3283849708 1
3283967929 1
3284180739 1
3284544132 1
3284651349 -1
3284729090 1
3284762873 1
3284883900 -1
3284900293 -1
3284900886 1
3285057774 -1
3285073909 -1
3285297386 1
3285770758 -1
3285958227 1
3286054833 -1
3286265738 1
3286310181 -1
3286437429 -1
3286679030 1
3286687812 -1
3286700964 1
3286704859 1
3287085224 -1
3287207677 1
3287300484 -1
3287467034 1
3287499892 1
3287502976 1
3287713453 1
3287952167 1
3288146789 1
3288263224 -1
3288388731 1
3288532144 -1
3288708564 1
3288832674 1
3289122721 1
3289388870 -1
3289420413 1
3289430242 1
3289480755 1
3289731163 -1
3289794981 1
3289804248 -1
3289816752 1
3290440198 1
3290521354 -1
3290910273 -1
3290995885 1
3291199721 1
3291360489 -1
3291520103 1
3291609786 1
3291628372 1
3291721262 1
3291832957 1
3291879275 1
3292097830 -1
3292179425 1
3292249658 1
3292279044 1
3292297385 1
3292369290 1
3292399431 1
3292428930 -1
3292910325 -1
3292947739 -1
3293022652 -1
3293185364 1
3293199645 1
3293498643 1
3293847669 -1
3293949904 1
3293986848 1
3294025770 1
3294109021 -1
3294172325 -1
3294206715 -1
3294219713 1
3294391590 -1
3294541509 1
3294626475 -1
3294691449 1
3294828119 1
3295078976 1
3295109317 -1
3295417304 -1
3295687360 -1
3295797527 -1
3296043856 1
3296059427 -1
3296161013 1
3296391001 -1
3296398072 -1
3296640669 -1
3296663962 1
3296846020 1
3296887225 -1
3297014044 1
3297137041 -1
3297604042 -1
3297749691 -1
3297777772 1
3298181697 -1
3298410912 1
3298601888 1
3298774408 1
3298987503 -1
3299104774 1
3299108579 1
3299290088 1
3299500255 1
3299590132 1
3299664575 1
3299849003 1
3299952389 1
3300026954 1
3300231909 1
3300315577 1
3300433482 1
3300597724 -1
3300690323 1
3300856740 -1
3301098441 1
3301570423 1
3301850322 -1
3301997496 1
3302026265 1
3302139934 1
3302625619 -1
3302636004 -1
3302645347 1
3302829296 1
3302912159 -1
3303021209 -1
3303119793 -1
3303144191 -1
3303313812 -1
3303440431 -1
3303574385 -1
3303578289 1
3303680521 -1
3303692100 -1
3303726515 1
3303872370 1
3304134686 1
3304196183 1
3304232697 1
3304262526 -1
3304404923 1
3304697780 -1
3304736533 -1
3304833165 1
3304833369 1
3305289800 1
3305482269 -1
3305501648 -1
3305524145 -1
3305633218 1
3305670639 -1
3305683720 1
3305855270 1
3305858037 1
3305886633 -1
3306081445 1
3306130270 1
3306286091 1
3306484960 1
3306563851 1
3306739253 1
3306774772 -1
3306791728 -1
3306840875 1
3306860475 1
3306899362 -1
3307148658 -1
3307646196 1
3307781482 -1
3307856733 1
3307927667 1
3308086197 -1
3308128756 -1
3308247888 1
3308319592 1
3308517944 -1
3308582717 1
3309153042 1
3309156970 1
3309248406 1
3309326558 -1
3309387651 -1
3309427884 1
3309466646 1
3309531032 -1
3309546182 1
3309858568 1
3310017430 -1
3310081352 1
3310350367 1
3310442823 -1
3310694021 1
3310918785 1
3311036291 -1
3311387159 1
3311413672 1
3311497386 -1
3311589506 -1
3312040397 1
3312116761 -1
3312150489 -1
3312165140 -1
3312250093 1
3312416517 1
3312485045 1
3312543720 -1
3312636290 -1
3312683528 1
3312806849 -1
3312814012 1
3312914478 -1
3313106690 -1
3313119508 -1
3313900003 -1
3313915105 1
3313994994 1
3314031750 -1
3314271149 1
3314830256 1
3314938756 1
3315042519 -1
3315082440 1
3315480595 1
3315888493 -1
3315919240 -1
3315981366 1
3316113341 -1
3316273823 -1
3316319755 -1
3316322916 -1
3316775630 1
3316816419 1
3316885421 1
3316919562 1
3317092793 1
3317387534 -1
3317412854 1
3317493670 1
3317542811 -1
3317730684 1
3318177572 -1
3318185999 1
3318602713 -1
3318838237 1
3318911324 -1
3319201766 -1
3319320373 1
3319578011 1
3319611763 1
3319664155 1
3319694573 -1
3319790908 -1
3319995726 1
3320002632 1
3320030811 -1
3320250698 -1
3320530886 1
3321119225 -1
3321132343 -1
3321346825 1
3321466761 -1
3321623573 -1
3321881299 -1
3321923498 1
3321977171 1
3322444620 1
3322474388 1
3322614100 1
3322784991 1
3322831131 1
3322875747 -1
3322887159 1
3323062782 -1
3323160332 1
3323213960 1
3323360037 1
3323484416 1
3323789400 -1
3324014600 1
3324238228 1
3324623610 1
3324743186 -1
3324772906 1
3324877300 -1
3325359664 1
3325570202 1
3325934033 -1
3325957616 1
3326028112 1
3326502186 -1
3326694739 -1
3326843307 1
3326992460 1
3327577412 1
3327660423 -1
3328001379 -1
3328216777 1
3328223005 1
3328553140 -1
3328640885 -1
3328708150 1
3328898827 -1
3329031602 1
3329196291 1
3329276094 1
3329299968 1
3329430200 -1
3329492866 1
3329544419 1
3329597196 1
3329616735 -1
3329671190 1
3329836189 1
3329913832 -1
3329950668 1
3330126503 -1
3330344536 -1
3330371161 1
3330476529 -1
3330686265 -1
3330799887 -1
3330809415 1
3331019734 -1
3331038307 -1
3331064092 1
3331101634 -1
3331314472 1
3331376948 1
3331459622 1
3331541969 -1
3331565767 1
3331601976 -1
3331782657 1
3331969903 1
3332335442 -1
3332382607 -1
3332692631 -1
3332777873 1
3332946967 -1
3332993992 1
3333374165 -1
3333415166 1
3333465498 -1
3333670531 1
3333746057 1
3333854796 -1
3333910527 -1
3333933080 -1
3334236273 1
3334323096 -1
3334834032 1
3335666803 -1
3335753921 1
3335907309 1
3336378335 1
3336469357 1
3336750424 -1
3336822487 -1
3337442230 1
3337551051 1
3337628676 -1
3337742695 1
3337756146 1
3337778084 -1
3337791569 1
3337901931 1
3338394118 -1
3338678862 -1
3338786931 1
3338812888 -1
3338929003 1
3339046802 -1
3339292806 1
3339311628 1
3339410662 1
3339480624 -1
3339511874 1
3339688014 1
3339847975 1
3339877813 1
3339953216 1
3340222956 -1
3340386216 1
3340411265 1
3340459333 -1
3340634796 -1
3340968602 1
3341126807 1
3341386881 -1
3341642571 1
3341659108 -1
3341673182 1
3341965895 1
3341973774 -1
3342071391 1
3342421969 1
3342579593 1
3342713092 -1
3343027606 1
3343202765 1
3343415110 -1
3343519543 -1
3343539808 -1
3343542056 -1
3343576159 1
3343681973 -1
3344049927 -1
3344238702 -1
3344605176 -1
3344806215 -1
3344981373 1
3345055511 1
3345144508 -1
3345299099 -1
3345403522 1
3345836499 1
3345852613 1
3346177947 1
3346304264 -1
3346441257 -1
3347445306 1
3347613514 -1
3347707501 1
3347750986 1
3348262438 -1
3348328037 -1
3348363694 -1
3348453063 1
3348580771 1
3348593449 1
3348629197 -1
3348771000 -1
3348853099 -1
3348968972 1
3349035636 1
3349373294 1
3349465480 -1
3349490030 -1
3349735884 1
3349864080 1
3350049706 1
3350073707 -1
3350112761 -1
3350237194 1
3350421389 -1
3350486929 -1
3350847902 1
3351032989 -1
3351329706 -1
3351596179 -1
3351647184 -1
3351843629 1
3351892503 1
3352431688 -1
3352465664 -1
3352530264 -1
3352564319 1
3352834187 1
3352839238 1
3353479826 1
3353481870 -1
3353741534 1
3354043930 1
3354139219 1
3354163713 1
3354476955 1
3354868569 1
3355225085 -1
3355387457 1
3355390616 1
3355504693 1
3355666035 1
3355668335 1
3356016040 -1
3356191584 -1
3356470659 1
3356944666 1
3357119129 -1
3357319777 1
3357408661 1
3357525961 1
3357559776 -1
3357576562 -1
3357623926 1
3357718346 -1
3357879401 1
3357931479 -1
3358341223 -1
3358632680 -1
3359004900 1
3359011857 1
3359012571 -1
3359205679 -1
3359432027 1
3359756465 1
3359897638 -1
3360113160 -1
3360191080 -1
3360860606 1
3360956780 1
3361006252 1
3361211660 -1
3361241250 -1
3361588617 -1
3361819684 -1
3361837074 -1
3361838581 -1
3361911014 -1
3361963337 1
3362174091 1
3362230729 -1
3362259786 1
3362429388 -1
3362458269 1
3362648908 1
3362809682 -1
3363055014 1
3363975121 -1
3364050901 1
3364095032 1
3364218245 1
3364263857 -1
3364437967 1
3364599432 1
3364832670 -1
3364854303 1
3364856767 -1
3364902660 -1
3365012906 1
3365380388 1
3365494053 1
3365556726 1
3365841931 1
3365925508 1
3365970670 -1
3366058547 -1
3366192279 1
3366294839 1
3366295715 1
3366483135 1
3366565841 -1
3366995103 -1
3367000543 -1
3367340362 1
3367695249 1
3367730360 -1
3367817246 -1
3367842729 1
3368038839 1
3368235903 -1
3368352602 -1
3368374099 1
3368464663 -1
3368490672 1
3368502170 1
3369171783 -1
3369183150 1
3369914237 -1
3370111245 1
3370320101 1
3370370626 1
3370424372 -1
3370669700 -1
3370737746 -1
3371177236 1
3371206940 1
3371446661 -1
3371814878 -1
3372210610 -1
3372219129 -1
3372466748 1
3372544436 1
3372671412 -1
3372747048 1
3373148490 -1
3373202544 1
3373269556 1
3373289316 1
3373338554 1
3373583655 1
3373585433 1
3373597295 1
3373818110 1
3373880456 -1
3373972203 1
3374009452 1
3374027371 -1
3374175010 1
3374255425 -1
3374371933 -1
3374472798 1
3374619315 -1
3374704891 1
3374741176 -1
3374788054 -1
3375111926 -1
3375407029 1
3375797454 1
3375808530 -1
3375996631 1
3376171557 -1
3376295350 -1
3376439877 -1
3376631706 -1
3376724982 1
3376861749 1
3376930181 -1
3377158056 -1
3377271516 -1
3377709476 1
3377795180 -1
3377800072 -1
3377982593 -1
3378016230 1
3378239628 -1
3378670820 1
3378722945 -1
3378772638 -1
3378802503 -1
3378884838 -1
3379438579 1
3379506825 1
3379568902 1
3379580239 1
3379991436 -1
3380169725 -1
3380232580 1
3380257940 1
3380443770 -1
3381145281 1
3381364498 -1
3381487602 1
3381490748 -1
3381671947 1
3381687478 1
3382005820 1
3382103802 1
3382176401 -1
3382323124 1
3382562475 -1
3382739376 1
3382797393 -1
3382943963 -1
3383012525 1
3383016358 1
3383096302 1
3383197145 1
3383431157 1
3383503675 -1
3383504943 -1
3383742705 1
3383965920 1
3384291397 -1
3384336006 1
3384392008 1
3384660770 1
3385458199 -1
3385518166 -1
3385557993 1
3385777838 1
3385859469 -1
3385911528 1
3385981865 -1
3386007578 -1
3386144456 -1
3386406207 -1
3386605553 -1
3386807379 1
3386832444 -1
3386892548 -1
3386904498 1
3386982420 -1
3387305486 -1
3387576946 -1
3387903752 1
3388342435 1
3388356750 1
3388367101 -1
3389014599 1
3389504394 -1
3389654708 -1
3389859244 1
3389874996 -1
3389904279 -1
3389982056 1
3390527780 1
3390788580 1
3390859542 1
3390867514 1
3390903640 -1
3390982908 -1
3391029442 1
3391057587 1
3391188444 -1
3391278189 1
3391471204 1
3391779588 1
3391980908 -1
3392468471 1
3392604012 -1
3392837581 -1
3393134633 -1
3393320276 -1
3393421139 -1
3393452122 -1
3393643428 1
3393785837 -1
3393938176 1
3394098152 1
3394277229 1
3394476542 1
3394631098 1
3394640678 -1
3394691255 -1
3395334528 -1
3395369576 1
3395461605 1
3395487769 -1
3395959397 1
3396239722 1
3396398528 -1
3396449961 -1
3396478734 1
3396635883 -1
3396836854 1
3396971989 -1
3397133435 1
3397261761 1
3397349066 1
3397492350 -1
3397567268 -1
3397674552 1
3397919242 -1
3398197275 -1
3398302774 -1
3398366468 -1
3398433121 -1
3398505817 -1
3398616377 1
3398670232 1
3398742403 1
3399066528 -1
3399475573 1
3399703278 -1
3399919837 -1
3399979092 1
3400019206 1
3400069971 -1
3400150736 1
3400338622 1
3400764565 1
3400790157 1
3400946715 1
3400969305 -1
3401004963 1
3401310197 1
3401799265 -1
3402009265 1
3402414972 1
3402559900 1
3402608973 1
3403130590 1
3403157018 1
3403282395 1
3403463020 1
3403936636 1
3404131783 -1
3404190446 1
3404201991 -1
3404908886 1
3405335483 -1
3405470369 1
3405580496 1
3406617706 1
3406694417 -1
3407030229 1
3407328843 -1
3407441664 -1
3407496236 1
3407764622 1
3407880885 1
3408049691 1
3408069628 -1
3408280094 1
3408321483 1
3408512986 1
3408527179 -1
3408568974 -1
3408740554 -1
3408815093 1
3408884792 -1
3409102096 1
3409179600 1
3409766610 -1
3409943818 1
3410097658 -1
3410346400 1
3410372300 1
3410694695 -1
3410958774 -1
3411178499 -1
3411184277 1
3411505553 1
3411526742 1
3411653639 1
3411728848 1
3411743198 -1
3411798625 1
3412078393 1
3412246758 -1
3412284161 -1
3412357404 1
3412574651 1
3412732942 1
3412799111 -1
3413012221 1
3413279968 -1
3413288261 -1
3413304708 1
3414089086 -1
3414103575 1
3414240732 1
3414251676 1
3414340241 -1
3414438714 -1
3414465743 1
3415329151 1
3415550448 1
3415751290 1
3415892739 -1
3415973803 1
3416749502 -1
3416893188 -1
3416930546 -1
3417102280 1
3417123325 -1
3417448906 -1
3417854916 1
3417902743 -1
3418077533 -1
3418173220 1
3418234563 1
3418312546 -1
3418657630 1
3418832573 -1
3418924552 -1
3419006714 -1
3419020956 1
3419436396 -1
3419482537 -1
3419509260 -1
3419514165 1
3419723070 1
3419810353 1
3419981964 1
3420313503 -1
3420525670 1
3421481982 1
3421528048 1
3421822068 1
3421847316 -1
3421909932 1
3422213242 1
3422328646 1
3422638517 -1
3423127805 -1
3423246668 -1
3423254953 1
3423323858 1
3423488864 1
3424181437 1
3424449698 1
3424455558 -1
3424692219 1
3425678444 1
3425908664 -1
3425941764 1
3426215957 -1
3426391290 1
3426429022 1
3426500099 -1
3426913570 1
3426950585 -1
3427310874 -1
3427859799 1
3427952958 1
3427961132 -1
3428211308 1
3428232733 -1
3428653461 1
3428769668 -1
3429583078 1
3430191230 -1
3430310167 1
3430316886 -1
3430723562 1
3430863417 1
3431144759 -1
3431468814 1
3431804717 1
3431896337 1
3431925903 -1
3431934380 -1
3432020497 1
3432052228 -1
3432140825 1
3432196766 1
3432371069 -1
3432378213 -1
3432435274 -1
3432640308 1
3432892592 -1
3432896685 1
3433107986 -1
3433394801 1
3433396658 1
3433743112 -1
3433948220 1
3434232180 1
3434640425 -1
3435540134 1
3435977352 1
3436119707 1
3436161955 1
3436315328 1
3436399296 -1
3436405383 -1
3436622806 -1
3436704012 -1
3436732679 1
3437048942 -1
3437469851 -1
3437517014 1
3437668397 -1
3437783625 -1
3437792596 1
3437932444 1
3438560634 -1
3438697903 -1
3438749940 1
3438773074 -1
3439091717 -1
3439095205 -1
3439346593 1
3439881453 -1
3439895524 -1
3440169328 1
3440230080 1
3440563642 1
3440766346 -1
3440943836 1
3441088752 -1
3441092024 -1
3441501866 1
3441901356 1
3441942316 1
3442069196 -1
3442230630 1
3442430669 -1
3442819876 1
3443162553 -1
3443682719 1
3443753572 -1
3443840574 -1
3444127092 1
3444290743 1
3444363363 1
3444456531 1
3444554015 -1
3444695625 -1
3444722092 1
3444842983 -1
3444930223 1
3444951787 1
3444996290 1
3445107524 -1
3445144212 1
3445214040 1
3445442239 1
3445509771 1
3445935073 -1
3446062385 -1
3446714266 1
3447332712 -1
3447354449 -1
3448209236 1
3448992988 1
3449043877 -1
3449243083 1
3449596239 1
3449668660 1
3449825726 1
3450351397 1
3450867136 -1
3450924954 1
3450928012 1
3451083526 1
3451361747 -1
3451583956 1
3451612620 1
3451910014 1
3451944764 1
3452054089 1
3452135295 -1
3452728026 1
3452787384 -1
3452930574 -1
3452972684 1
3453102204 -1
3453544388 1
3453676400 -1
3453699271 -1
3454267452 -1
3454325679 1
3454628686 1
3454762913 1
3454796293 1
3454995090 1
3455112163 -1
3455192753 1
3455456992 -1
3455787107 -1
3455794008 -1
3455938849 -1
3456024192 1
3456381045 1
3456557879 -1
3456572589 1
3457022949 1
3457055445 1
3457256180 -1
3457491870 1
3457893593 -1
3457910340 -1
3458258490 1
3458407614 1
3458422663 1
3458453612 1
3459013592 1
3459186216 1
3459262883 -1
3459334015 1
3459509770 1
3459590352 -1
3459886213 1
3459962422 -1
3460094456 1
3460177063 -1
3460187647 1
3460481374 1
3460582078 1
3460817275 -1
3461017054 1
3461103338 1
3461145543 1
3461380806 1
3461702917 -1
3461720629 1
3461753898 1
3462227078 -1
3462380529 -1
3462467236 -1
3462529012 1
3462743449 -1
3462803922 -1
3463392027 -1
3463586084 1
3463690278 1
3463919931 -1
3463962346 1
3464059542 -1
3464570665 -1
3464681090 -1
3464967085 1
3464997134 -1
3465039735 1
3465040464 1
3465110342 1
3465160355 -1
3465208765 -1
3465684510 1
3465696937 -1
3465825952 1
3465840222 1
3466274820 1
3466901319 -1
3466970512 1
3467261165 -1
3467305980 1
3467440757 1
3467569519 1
3467609972 -1
3467632440 1
3467766773 -1
3467918862 1
3467986200 1
3468028521 1
3468042661 -1
3468063767 -1
3468177456 1
3468714188 -1
3468883903 -1
3468959864 1
3469053737 1
3469183608 1
3469270986 -1
3469409339 -1
3469654633 1
3469808992 1
3469907014 1
3470029323 1
3470507218 -1
3470601736 1
3471039624 -1
3471498476 -1
3471628281 1
3471696343 1
3471768203 -1
3472217995 1
3472593486 -1
3472692628 1
3472800304 1
3472930219 -1
3473252078 1
3473397884 1
3473576333 -1
3473685244 -1
3473895899 -1
3473912612 1
3473936332 1
3473959309 1
3474162580 -1
3474298283 1
3474433030 1
3474617662 -1
3474623080 1
3474754451 -1
3474861770 1
3475160068 -1
3475275974 -1
3475619684 -1
3476098352 -1
3476436082 1
3476570219 -1
3476735198 1
3476781159 1
3476842993 1
3477094402 -1
3477123800 1
3477279565 -1
3477307458 1
3477610463 -1
3477698090 -1
3477718707 1
3478087582 -1
3478174887 1
3478490507 -1
3478514363 -1
3478613800 1
3478817262 1
3478954767 -1
3479097696 1
3479102194 -1
3479221902 -1
3479379522 -1
3479471675 -1
3479487671 -1
3479701799 -1
3479820026 -1
3480092353 1
3480209711 1
3480438818 -1
3480531741 1
3481138795 1
3481263464 -1
3481559077 1
3481756680 -1
3481902309 -1
3482193027 -1
3482379277 -1
3482641456 1
3482949261 -1
3482998746 -1
3483075632 -1
3483123983 -1
3483967522 -1
3484034283 -1
3484251002 -1
3484326619 -1
3484414972 1
3484420939 -1
3484443600 1
3484684204 -1
3484735075 1
3484822066 1
3484842922 1
3485155677 -1
3485232198 1
3485239369 1
3485310486 -1
3485343196 -1
3485613791 1
3485920170 -1
3485933110 -1
3486001391 -1
3486302457 1
3486336093 -1
3486353640 -1
3486423912 1
3486557114 1
3486628695 -1
3486870489 -1
3487076624 1
3487225146 -1
3487626316 -1
3487710374 -1
3487831750 -1
3487926835 -1
3488190141 1
3488453360 -1
3488545540 -1
3488596249 1
3489015433 1
3489042954 -1
3489209670 -1
3489322958 -1
3489506714 -1
3489532916 1
3489607134 1
3490036719 1
3490381126 -1
3490418246 -1
3490513913 1
3490791571 1
3490810915 1
3491168455 -1
3491181005 1
3491749052 1
3491771194 -1
3491793439 -1
3491971138 1
3492381209 1
3492456176 -1
3492505639 1
3492514511 1
3492662124 -1
3492672116 -1
3493036326 1
3493142300 1
3493318662 -1
3493492513 -1
3493876792 -1
3494018757 1
3494098227 1
3494113904 1
3494439964 -1
3494751277 1
3495080703 -1
3495295197 1
3495549490 -1
3495689150 -1
3495698158 -1
3495851178 -1
3495891810 -1
3496133104 -1
3496346714 1
3496391497 1
3496916925 1
3497789546 -1
3497865128 1
3497949977 -1
3498047296 -1
3498182423 1
3498188149 1
3498852267 1
3499191253 -1
3499243501 1
3499244553 -1
3499290191 1
3499563105 1
3500198603 1
3500361877 1
3500462691 1
3501389531 1
3501480410 -1
3501638692 1
3501835605 -1
3502077855 -1
3502269205 -1
3502477732 1
3502549448 -1
3502635380 1
3502827317 1
3502939761 -1
3502953421 -1
3502969499 -1
3503097290 -1
3503237872 -1
3503254352 1
3503491667 1
3504003488 1
3504175045 1
3504325579 1
3504353649 -1
3504437593 -1
3504484321 1
3504747817 -1
3504789171 1
3504821831 -1
3504837355 1
3504897701 -1
3505037961 -1
3505065633 1
3505233964 -1
3505303386 -1
3505314693 -1
3505703691 -1
3505814178 1
3505959397 1
3506468802 1
3506470041 1
3506800983 1
3506940116 -1
3506998947 1
3507295392 -1
3507329581 1
3507359620 1
3507392663 -1
3507826357 1
3507914953 -1
3508036028 1
3508156161 -1
3508312669 1
3508624681 -1
3508639890 -1
3508894642 -1
3509276448 -1
3509372500 1
3509703054 -1
3509820902 -1
3509945961 1
3510016542 -1
3510217684 -1
3510250603 -1
3510515567 -1
3510550519 1
3511062812 1
3511303417 -1
3511327550 -1
3511814670 1
3512163254 -1
3512724794 1
3513133694 -1
3513214390 1
3513490558 1
3513501292 1
3514040951 1
3514392278 -1
3514808347 -1
3514812230 1
3514864827 -1
3515264550 -1
3515427392 -1
3515516384 -1
3515697273 -1
3515790673 -1
3515933541 -1
3515958383 -1
3516103387 -1
3516186829 -1
3516287069 1
3516424859 -1
3516704691 -1
3516900623 1
3516920278 -1
3517372028 -1
3517534726 -1
3517545864 1
3517722241 1
3517911726 1
3518019315 -1
3518362343 1
3518649197 1
3518797836 1
3518873003 1
3518964331 -1
3518977386 -1
3519026766 -1
3519117834 -1
3519131553 -1
3519387118 1
3519879183 1
3519883724 1
3520213301 -1
3520773193 1
3520908759 1
3521062444 -1
3521215544 -1
3521711483 1
3521769837 1
3522066950 1
3522551288 -1
3522591353 1
3522665126 1
3522825631 -1
3523085151 -1
3523315730 1
3523322861 -1
3523556256 -1
3523592824 -1
3523605741 -1
3523684566 1
3524094832 1
3525088935 1
3525281633 -1
3525329957 1
3525449365 -1
3525493166 1
3525717484 -1
3526260316 1
3526472315 1
3526685994 -1
3526749415 -1
3526828115 -1
3526959586 -1
3526995105 -1
3527110186 -1
3527551174 1
3527566118 -1
3527889842 -1
3528289569 -1
3528494974 -1
3528495284 -1
3528630244 1
3528687457 -1
3529018785 1
3529083020 1
3529865204 -1
3530179438 -1
3530197973 -1
3530351154 -1
3530938576 -1
3530982945 1
3531260537 1
3531445986 -1
3531668062 -1
3531720299 -1
3532108641 1
3532358392 1
3532893000 1
3533078935 1
3533118908 1
3533158870 -1
3533263313 1
3533339568 -1
3533351723 1
3533508470 -1
3533703458 1
3533742306 -1
3534067408 -1
3534550425 -1
3534607709 1
3534670922 -1
3534802121 -1
3534924790 -1
3534980341 1
3535337305 1
3535396650 -1
3535419267 1
3535504168 -1
3535667258 1
3535877234 1
3535983516 -1
3536681587 -1
3536965990 -1
3537127817 1
3537136455 -1
3537623440 1
3537781028 -1
3537858797 1
3538074335 -1
3538098913 -1
3538182383 -1
3538597900 1
3538616034 1
3538831668 1
3538903079 -1
3539071479 1
3539139855 -1
3539194407 -1
3539300846 -1
3539307880 -1
3540575446 1
3540699413 1
3540846354 1
3540863766 -1
3540933049 -1
3541184785 1
3541224725 -1
3541277924 1
3541996083 -1
3542003481 -1
3542046783 1
3542079614 -1
3542204282 1
3542719295 -1
3542816221 -1
3542918859 1
3542957706 1
3543047671 -1
3543048315 -1
3543106259 -1
3543336403 -1
3543360556 -1
3543425247 1
3543534747 1
3543643161 1
3543726306 -1
3544094411 -1
3544244130 1
3544366750 -1
3544483885 1
3544545648 1
3545168288 -1
3545474246 1
3545616275 -1
3545842897 -1
3545948725 -1
3546183796 -1
3546254908 1
3546889194 -1
3547644810 1
3547783945 -1
3548200954 1
3548453281 -1
3548613841 1
3548711892 1
3548734626 -1
3548815551 -1
3548899099 -1
3549032525 -1
3549148968 1
3549363056 -1
3549374595 1
3549589705 1
3549924937 1
3550189271 1
3550313207 -1
3550369060 1
3550583546 -1
3550593637 1
3550679723 -1
3550945411 1
3550953865 1
3550966937 1
3551077491 1
3551082569 -1
3551206043 -1
3551266245 1
3551361784 -1
3551363304 -1
3551407467 -1
3551475401 1
3551478356 1
3551723211 -1
3551728792 -1
3551779226 -1
3551849925 1
3551916980 -1
3551939274 1
3552077206 -1
3552457548 -1
3552684764 -1
3552917661 1
3552925212 -1
3552981216 1
3553007911 -1
3553570136 -1
3553996867 -1
3554781731 -1
3554851477 -1
3555015757 1
3555212640 -1
3555233905 1
3555854369 -1
3555938600 1
3556181568 -1
3556230839 1
3556301305 1
3556379399 -1
3556414613 -1
3556470433 1
3556589088 1
3556963255 1
3557130258 1
3557456319 -1
3557593974 -1
3557595850 -1
3557826393 1
3557882531 1
3557907728 -1
3558080742 -1
3558323298 1
3558383836 -1
3558857469 -1
3559214301 -1
3559296291 1
3559359848 -1
3559412514 1
3559476413 -1
3559805374 -1
3559908754 -1
3560171589 -1
3560586293 -1
3560670644 1
3560942040 -1
3562214617 -1
3562776452 1
3563082568 1
3563703838 -1
3563837976 1
3564040101 1
3564095301 1
3564273500 1
3564528718 -1
3564980096 1
3565012282 -1
3565217179 1
3565289944 1
3565397803 -1
3565404029 1
3565778260 -1
3566064818 -1
3566660804 -1
3566816045 -1
3566933114 1
3567897917 -1
3568040547 -1
3568079666 -1
3568109894 -1
3568122378 -1
3568154292 -1
3568475874 -1
3568773994 -1
3568992999 -1
3569081240 1
3569172805 1
3569460016 -1
3569689153 -1
3570027690 1
3570130797 -1
3570526449 -1
3570802161 -1
3570876841 1
3570930022 -1
3571174644 1
3571521340 1
3571530660 1
3571555972 1
3572059895 -1
3572069688 1
3572120086 1
3572264296 1
3572556732 -1
3572562923 -1
3572578392 -1
3572639757 -1
3572903086 1
3573103280 -1
3573164068 1
3573366868 -1
3574012712 1
3574327958 -1
3574565284 -1
3574606309 -1
3574997189 -1
3575144207 1
3575570424 -1
3575577516 1
3575732126 -1
3575745935 -1
3575860993 -1
3575966321 -1
3576721481 1
3577213763 1
3577278569 1
3577599029 1
3577883725 -1
3577981729 -1
3578049878 -1
3578054224 1
3578427990 -1
3578513561 1
3578681314 -1
3579038543 -1
3579541754 1
3579559194 -1
3579692638 1
3580062596 -1
3580117220 1
3580384872 -1
3580418241 -1
3580564363 -1
3580579540 1
3580581099 -1
3580654573 -1
3580815908 -1
3581173211 -1
3581255973 1
3581602644 1
3581777401 -1
3581778678 1
3581800864 -1
3581818550 1
3581823507 1
3581861406 -1
3582012249 -1
3582047295 -1
3582270200 -1
3582614963 -1
3582700549 -1
3582890780 -1
3583061511 -1
3583081499 -1
3583083558 -1
3583339792 -1
3583353106 1
3583584024 1
3583920688 1
3584355190 -1
3584581685 -1
3584666582 -1
3584787379 1
3584817544 -1
3584996293 -1
3585037121 -1
3585283557 1
3585424643 -1
3585624820 -1
3585877074 -1
3586625354 -1
3586742222 1
3586927035 -1
3587045473 -1
3587329435 -1
3587382833 1
3587386156 -1
3587560199 -1
3587572247 1
3588434746 -1
3588471072 1
3588954522 1
3589335995 -1
3589512195 -1
3589531424 1
3589663985 -1
3589801096 -1
3589911417 -1
3590071545 -1
3590174119 1
3590663943 -1
3590974111 -1
3591000041 -1
3591007168 1
3591128834 -1
3591215383 1
3591241823 -1
3591525201 -1
3591742785 1
3592041273 -1
3592045632 1
3592277088 1
3592314616 -1
3592370228 -1
3593020912 -1
3593142435 -1
3593301957 -1
3593506085 -1
3593574022 -1
3593640130 1
3593794027 1
3593917925 -1
3593989812 -1
3594150902 -1
3594225303 -1
3594229488 1
3594292556 1
3594405006 1
3594626059 -1
3595215106 -1
3595224572 -1
3595341077 1
3595525294 1
3595615919 -1
3595671887 -1
3596123682 -1
3596277188 -1
3597385131 1
3597421548 -1
3597456428 1
3597491145 -1
3597649774 -1
3597943902 1
3597969324 -1
3598290665 -1
3598537078 -1
3598575359 -1
3598914172 1
3599071859 -1
3599476764 -1
3599542798 -1
3599568248 -1
3599978431 -1
3600322716 -1
3600757965 -1
3601163831 1
3601292082 -1
3601304100 -1
3601373944 1
3601615477 -1
3601627818 -1
3601693561 -1
3601861198 1
3602017679 1
3602076633 -1
3602101403 -1
3602129315 -1
3602240656 -1
3602295993 -1
3602384754 -1
3602543950 1
3602625267 1
3602838827 -1
3604065572 -1
3604110306 -1
3604283256 -1
3604480360 -1
3604661679 -1
3604670138 1
3604900346 -1
3604946940 -1
3605262109 -1
3605323080 -1
3605337727 -1
3605559622 -1
3605968296 1
3606288719 1
3606648684 -1
3606668934 1
3607060713 1
3607107886 1
3607210210 -1
3607367225 1
3607575680 -1
3607704091 -1
3608122537 1
3608252606 -1
3608276805 1
3608301107 1
3608425194 1
3608860776 -1
3609080700 -1
3609213147 -1
3609359312 1
3609849040 -1
3610051082 -1
3610078189 1
3610284754 1
3610313766 -1
3610729037 1
3610931192 -1
3611029580 1
3611078281 -1
3611618687 -1
3612946331 -1
3613125215 1
3613378441 1
3613425645 1
3613681244 -1
3614028511 1
3614542002 -1
3614847253 -1
3614980589 1
3615169033 1
3615299829 -1
3615457277 1
3615713107 -1
3615866773 -1
3615997231 -1
3616261739 1
3616315897 -1
3616341213 -1
3616417182 1
3616641428 -1
3616766721 -1
3616807463 -1
3616838613 1
3616849239 1
3616984218 1
3617178017 -1
3617510015 1
3617569757 -1
3617725362 -1
3617987234 1
3618024166 1
3619763572 -1
3619860365 -1
3620038812 -1
3620342358 -1
3620674234 1
3621021719 1
3621024364 -1
3621201671 -1
3621235468 1
3621324165 -1
3621432562 1
3621889226 -1
3622141616 1
3622173100 -1
3622660650 1
3622891244 1
3623064122 1
3623131890 -1
3623144636 -1
3623188171 1
3623403661 -1
3623484094 1
3623829223 -1
3623965835 1
3624316837 1
3624837983 -1
3625110567 1
3625791162 -1
3625807146 -1
3626069992 -1
3626146917 -1
3626202003 -1
3627469945 -1
3627597398 -1
3627887870 -1
3628114133 -1
3629871235 1
3630127646 -1
3630197865 1
3630325825 1
3630418720 -1
3630603611 -1
3630623904 1
3630657862 1
3630704607 1
3630746176 1
3631212345 -1
3631218849 1
3631296557 -1
3631304885 -1
3631311133 -1
3631331627 -1
3631384410 1
3631705789 -1
3632127517 -1
3632229479 -1
3632614554 -1
3632981136 -1
3633076681 -1
3633115199 -1
3633200432 -1
3633305684 -1
3633654763 1
3633685487 -1
3633733518 1
3634622846 -1
3634856809 -1
3634930083 -1
3635119911 -1
3635194592 1
3635535927 -1
3635662879 1
3636840336 -1
3636898056 -1
3636926143 -1
3637081070 -1
3637174589 -1
3637412971 1
3637457638 1
3637494275 -1
3637663694 -1
3637956674 -1
3638049964 1
3638071617 -1
3638176088 -1
3638218852 -1
3638313563 -1
3638443754 -1
3638449933 -1
3638812104 1
3639030479 -1
3639092742 -1
3639294867 1
3639997661 -1
3640125011 -1
3640148345 -1
3640869894 -1
3640875455 -1
3641091335 1
3641260882 -1
3641428197 -1
3641474198 -1
3642006872 1
3642320331 -1
3642533956 -1
3642961373 -1
3643061873 -1
3643284976 -1
3643649417 -1
3643686212 1
3643713014 1
3643843364 -1
3644981902 -1
3645649202 -1
3645982945 1
3646076912 1
3646304087 1
3646358920 1
3646920296 -1
3647328105 1
3647516183 1
3647544972 -1
3647546511 -1
3648042574 -1
3648297405 1
3648400809 1
3649138383 1
3649218199 -1
3649219177 1
3649223787 1
3649404185 1
3649449731 1
3649504545 1
3649783788 -1
3650100700 -1
3650234250 -1
3650378476 -1
3651336854 -1
3651787776 -1
3652014882 1
3652284645 1
3652342139 -1
3652490899 -1
3652863327 -1
3652977534 -1
3653134344 -1
3653329106 1
3653667834 -1
3653761748 1
3653793077 1
3653838305 -1
3654046531 -1
3654181445 -1
3654186353 -1
3654584121 1
3654604720 -1
3654882887 -1
3656140241 -1
3656302212 -1
3656472712 -1
3656563084 1
3656875137 1
3657059382 -1
3657502515 1
3657554383 1
3657587627 -1
3657763712 1
3657845117 -1
3658027696 -1
3658028804 1
3658819709 1
3659132693 -1
3659694042 1
3660083136 -1
3660241475 -1
3660760018 -1
3660784628 1
3660955174 1
3661642198 1
3661676086 -1
3661715300 -1
3662650212 -1
3662861222 -1
3662902059 -1
3662990320 -1
3663138816 1
3663691126 1
3663903729 -1
3664007168 -1
3664349940 -1
3664663281 1
3664806675 1
3664878035 -1
3664996269 1
3665079906 -1
3665164098 -1
3665238982 1
3665269248 1
3665313091 -1
3665779446 1
3666864681 -1
3667041582 -1
3667276074 -1
3667452097 -1
3667892523 -1
3668092376 -1
3668503422 -1
3668595404 -1
3668728151 -1
3668830224 -1
3668938260 -1
3669005800 1
3669367156 -1
3669410629 -1
3669547615 -1
3669725355 -1
3669871909 -1
3669872108 -1
3669938749 -1
3670082131 -1
3670297686 1
3670788136 -1
3671002314 -1
3671041124 -1
3671168018 -1
3671447408 -1
3671554637 -1
3672657732 1
3672975192 1
3673060670 -1
3673616209 1
3673661730 -1
3673668353 -1
3673810504 1
3673848039 -1
3673978741 1
3674322409 -1
3674694684 1
3674727904 -1
3675067227 -1
3675286329 -1
3675953797 -1
3676049550 1
3676550614 -1
3676678309 -1
3676753688 -1
3676773683 1
3676875704 1
3676893368 1
3676906364 1
3677027500 -1
3677661890 1
3677739365 -1
3677906950 -1
3677911007 -1
3678365440 -1
3678515904 1
3679379587 -1
3679516748 -1
3679972661 -1
3680106007 1
3680460561 -1
3680582945 -1
3680746109 -1
3681051458 -1
3681209591 -1
3681268388 -1
3681573362 -1
3681845888 1
3681954719 -1
3682786942 1
3683068167 1
3683246099 -1
3683426165 -1
3683565854 -1
3683734460 1
3684169627 -1
3684874642 1
3685261323 -1
3685280555 -1
3685434390 1
3685591049 1
3685829181 -1
3685877130 1
3686321921 1
3686479473 -1
3686731960 -1
3686916231 -1
3687123826 -1
3687532634 -1
3687882435 -1
3688029420 1
3688146803 1
3688275864 -1
3688998989 1
3689265029 1
3689442810 -1
3689468706 -1
3689530021 -1
3689597127 -1
3689664266 -1
3689835618 -1
3690030289 -1
3690253143 -1
3690694572 -1
3690768782 -1
3691144261 1
3691270140 -1
3691389595 -1
3691665880 -1
3691751749 -1
3691789828 -1
3692452347 -1
3692536496 -1
3692668750 -1
3692726719 1
3692908109 -1
3692930280 -1
3693188589 -1
3693465144 -1
3693827569 -1
3693978227 -1
3695349317 -1
3695770420 1
3696201983 -1
3696466997 1
3696806169 1
3697112388 1
3697274658 1
3697846805 -1
3698084229 -1
3698267598 -1
3698526318 1
3698745252 -1
3699735349 1
3699935735 -1
3700123493 -1
3700453628 1
3700584075 -1
3700722290 1
3700734872 -1
3700778818 -1
3700910922 1
3701103463 -1
3701756700 -1
3701875334 -1
3702137379 -1
3702226312 -1
3702713118 1
3702973962 -1
3703005378 -1
3703678050 -1
3703881562 1
3703968575 1
3704000366 -1
3704418724 1
3704577882 -1
3704742746 -1
3704888885 -1
3705004974 1
3705627631 1
3705731842 -1
3706671865 -1
3706797569 -1
3707072625 -1
3707211738 1
3707254572 -1
3707528041 1
3707533103 -1
3707683973 1
3707853096 -1
3708282137 1
3708423619 1
3708466719 1
3708559203 -1
3708804355 -1
3708815139 -1
3708934340 -1
3708971567 1
3709227827 -1
3709465425 -1
3709624957 1
3709625799 1
3709661038 1
3709676661 -1
3710299341 1
3711015713 -1
3711526464 -1
3712098867 1
3712319924 -1
3712489845 1
3712629326 1
3712882410 -1
3714413983 -1
3715195947 -1
3715408586 -1
3715485192 1
3715591534 -1
3715665360 1
3716181725 -1
3716365111 1
3716410829 -1
3717054313 -1
3717373870 -1
3717394504 1
3717916159 -1
3718001996 1
3718056045 -1
3718706326 1
3718810555 -1
3719341799 -1
3719342503 -1
3719413383 1
3719937119 -1
3720422413 1
3720497158 -1
3720624564 -1
3720853551 1
3720964631 1
3720972582 1
3721171884 1
3721339591 1
3721421852 -1
3721750703 -1
3721766271 -1
3722174934 -1
3722332898 1
3722487838 1
3722623376 -1
3722812103 -1
3722881203 -1
3723107135 1
3723545462 -1
3723751002 -1
3724066906 -1
3724084564 1
3724320242 -1
3724594216 1
3724659405 1
3724848855 -1
3725141090 1
3725148005 -1
3725983109 1
3726042417 -1
3726851024 -1
3727188514 -1
3727297007 -1
3727632555 1
3727769699 -1
3728071999 1
3728275911 -1
3728281701 -1
3728758316 -1
3728761967 1
3728882093 -1
3728998877 1
3729025789 -1
3729419407 1
3729525074 1
3730211483 -1
3730229432 -1
3730706717 -1
3730874236 -1
3730978171 1
3731067231 -1
3731088519 -1
3731726201 1
3732217605 1
3732221442 1
3732500776 -1
3732536201 -1
3733450035 -1
3733752348 -1
3733903287 1
3734415924 -1
3734630500 1
3734693043 1
3735143869 -1
3735478816 -1
3735695922 -1
3735703157 1
3735926524 -1
3736373711 -1
3736399514 -1
3736701761 -1
3736939650 1
3737345661 1
3737558437 1
3737667144 1
3737698990 1
3738570255 1
3738745645 -1
3738877753 -1
3739011012 -1
3739634930 1
3740180003 -1
3740314685 1
3740438232 -1
3740512207 -1
3740585359 -1
3740723600 1
3740839225 1
3740944097 -1
3741415813 -1
3741574549 -1
3742074399 -1
3742410013 -1
3743501086 -1
3743626842 -1
3743662281 -1
3743744835 1
3743810609 -1
3743956781 -1
3744478173 -1
3745028314 1
3745168902 1
3745640607 -1
3745811852 -1
3745905427 -1
3746111800 1
3746554257 1
3746868942 1
3747124770 -1
3747217572 -1
3747561650 -1
3747572813 -1
3748244392 -1
3748532281 -1
3749080816 -1
3749149584 1
3749165143 -1
3749222865 1
3749229837 1
3749248497 -1
3749583051 1
3749965110 1
3750633308 -1
3750712722 -1
3750871779 1
3750910392 -1
3751268153 -1
3751420578 -1
3751774589 -1
3752666724 -1
3752835337 1
3752917229 -1
3752938057 -1
3752986688 1
3753116614 -1
3753812530 -1
3753874981 -1
3756426931 -1
3756725347 -1
3757269597 1
3757621110 -1
3757882829 1
3758019447 -1
3758136047 -1
3758139412 -1
3758263946 1
3758451223 -1
3758589681 1
3758742146 1
3758970258 -1
3759022382 1
3759031433 -1
3759061536 1
3759241497 1
3759412474 -1
3759467212 1
3759538634 1
3759750469 -1
3759890011 1
3759950001 1
3759977322 -1
3760571074 1
3760788293 -1
3760802288 -1
3761390076 1
3761631533 1
3761637457 -1
3761984003 -1
3762077744 -1
3762414930 -1
3762460476 -1
3763390627 -1
3763693237 -1
3763843128 1
3764249834 1
3764480126 -1
3764700239 -1
3764873574 1
3765263212 -1
3765699283 1
3765706604 -1
3766809058 -1
3766876378 -1
3766883380 -1
3767031946 1
3767226449 -1
3768156237 -1
3768303767 1
3768343257 -1
3768654692 1
3768853051 1
3768921896 1
3769151870 -1
3769548934 -1
3770609807 -1
3770829331 -1
3771417806 -1
3771436259 -1
3771477256 -1
3771760089 -1
3771851566 -1
3771854333 -1
3771882053 1
3771971013 -1
3772647794 1
3773238025 -1
3773479692 1
3773526851 1
3773560396 -1
3773630431 1
3774424147 -1
3774796690 1
3774957342 1
3774987205 -1
3775537789 -1
3775662012 1
3776083753 1
3776804793 -1
3777051370 1
3777057682 -1
3777255902 -1
3777717654 1
3778497792 1
3778512628 1
3778575796 -1
3779769076 1
3780092243 1
3780485007 1
3780577141 -1
3781043288 -1
3782186553 1
3782274224 1
3783522979 -1
3783898856 -1
3784163109 -1
3784574871 -1
3784580311 1
3785021587 1
3785610822 -1
3785837740 -1
3785880070 -1
3786493782 1
3786547984 1
3786935685 -1
3786958796 1
3787513960 -1
3787574720 -1
3787736368 -1
3788550194 -1
3788550412 -1
3788783311 -1
3788992977 -1
3789445459 1
3789453848 1
3789468864 -1
3789822552 -1
3789965377 1
3790409236 -1
3790489289 -1
3790556852 -1
3790635931 -1
3790672250 -1
3790767665 1
3791236730 -1
3791538933 1
3791692871 1
3792586078 -1
3792729696 -1
3792910053 1
3793050062 1
3793131004 -1
3793244293 -1
3793651934 -1
3793751672 -1
3794000684 -1
3794337544 1
3794581799 -1
3794717469 1
3794755841 1
3794789907 -1
3795455276 -1
3795669358 -1
3795945034 1
3796564726 -1
3796978423 -1
3797484363 -1
3797573903 -1
3797746152 1
3797944592 -1
3798627646 1
3798638643 1
3798659137 -1
3799411739 1
3799562061 -1
3799674862 -1
3799839138 1
3800449072 -1
3800532068 1
3801273298 -1
3802167430 1
3802275426 -1
3802460354 -1
3802912767 1
3802943707 1
3803058621 -1
3803168254 -1
3804204308 -1
3804365568 1
3804892216 -1
3804994655 -1
3805759502 -1
3806130498 -1
3806222131 1
3806921158 -1
3807244508 1
3807551262 1
3807552231 1
3807557474 1
3807903785 -1
3808794821 -1
3808986561 1
3809138647 1
3809449870 1
3809648157 -1
3810347039 -1
3811016987 -1
3811094998 -1
3811529394 1
3811556907 1
3811615285 -1
3811758475 1
3812050479 1
3812160682 -1
3812253493 1
3812648661 1
3812881477 1
3813398974 1
3813523431 1
3813630029 1
3813892371 1
3814517822 1
3814557390 1
3815378734 -1
3815652083 -1
3815913299 1
3815973458 -1
3816328487 1
3816559611 1
3817268318 -1
3817717023 1
3818112830 1
3818299884 1
3818396837 -1
3818593877 -1
3819159129 1
3819274738 1
3820050005 1
3820604497 1
3820705894 -1
3821060619 1
3821199475 1
3821290185 1
3821478297 1
3821751000 -1
3822004133 1
3822087258 -1
3822508967 1
3824179834 -1
3824403967 -1
3824514820 1
3824643542 -1
3824895836 1
3825056358 -1
3825353697 -1
3825697517 -1
3826781472 1
3826861373 1
3827377325 -1
3827829412 1
3828058719 1
3828776866 -1
3829489223 1
3830829150 -1
3831384952 -1
3831577227 -1
3832729077 1
3832889539 -1
3832927149 -1
3833022205 1
3833033060 1
3833371789 1
3833697014 1
3833924793 1
3835126972 1
3835721710 -1
3835810566 1
3835916810 -1
3836019831 1
3836259004 -1
3836311765 -1
3836468312 -1
3836530282 -1
3836612410 -1
3836940025 -1
3837014088 -1
3837266774 1
3837486268 -1
3837641410 1
3838441859 1
3839446468 1
3839662830 1
3839982965 1
3840228459 1
3840353999 -1
3840501216 -1
3840971390 -1
3841225363 1
3841656988 -1
3841936528 1
3842573913 -1
3843461679 -1
3844398918 -1
3844885292 1
3844938844 -1
3845080758 1
3845101235 -1
3845422091 -1
3845465526 -1
3845503311 -1
3845782157 1
3847102550 -1
3847673041 -1
3848278313 -1
3848796906 -1
3848867441 -1
3849196601 -1
3849267966 1
3849342918 -1
3849609936 -1
3850162138 1
3850264084 -1
3850375294 -1
3851236970 1
3851335751 -1
3851583859 1
3851734424 1
3852022178 -1
3852109500 -1
3854160965 -1
3854297615 1
3854524235 1
3854601784 1
3855493738 -1
3855825179 1
3856451500 1
3856465199 1
3856570461 1
3856862265 -1
3857214839 1
3858116297 1
3859409798 -1
3859487670 -1
3859664448 -1
3860183775 1
3860199487 -1
3860350921 -1
3860488078 1
3861063384 1
3861504207 -1
3862045241 1
3862121210 1
3862508434 1
3862558574 -1
3863007840 1
3863507906 1
3863511197 -1
3863522851 1
3863722084 -1
3863906471 1
3864125273 -1
3864220659 -1
3864257875 1
3864479693 1
3865005100 -1
3865165475 -1
3865721189 1
3865782828 -1
3865854314 1
3866062781 1
3866081310 1
3866431573 1
3866453457 -1
3867320083 -1
3867953449 1
3868569116 1
3868686737 -1
3869069460 1
3869104842 1
3869574418 -1
3870151487 -1
3870806277 -1
3871008888 -1
3871033875 1
3871096775 -1
3872047993 1
3872183723 -1
3872290545 -1
3872798681 1
3873035132 1
3873200892 1
3873280516 -1
3873369433 -1
3873953760 1
3874138703 1
3875189837 1
3875345229 -1
3875643108 -1
3876363816 1
3876470219 -1
3876766927 1
3876925877 1
3877104722 -1
3877301643 -1
3877339632 1
3877343988 1
3877362083 -1
3877602155 -1
3878397565 -1
3878578987 1
3880200492 -1
3880314375 1
3880521667 -1
3880679122 -1
3880728525 1
3880858027 1
3880864206 1
3881223641 -1
3881301625 1
3881378780 -1
3882052620 -1
3882082673 1
3882348819 1
3882554671 1
3882601201 1
3882759545 -1
3884267739 1
3884763755 -1
3884779957 1
3885849278 -1
3885991174 1
3886196928 -1
3886958517 1
3887512911 1
3888119043 -1
3888324577 -1
3888968503 1
3889225351 1
3889391941 1
3889425588 1
3889462883 1
3889578935 -1
3889699939 1
3889948742 1
3890063328 -1
3890114443 1
3890198708 1
3890244923 1
3890274150 -1
3892048175 1
3892253872 -1
3892375706 1
3892405339 -1
3892865424 1
3893215290 -1
3893522394 -1
3893560235 -1
3893642093 1
3893937261 1
3894938556 1
3895008964 1
3895201793 1
3895609077 -1
3896082462 1
3896182349 1
3896455962 1
3896544029 1
3896713694 1
3896928576 1
3897111017 1
3897341272 -1
3897644021 1
3897773134 1
3898146847 1
3898290129 1
3898327624 -1
3898789634 -1
3899004184 1
3899082057 1
3899490176 1
3900047779 1
3900107195 1
3900181021 -1
3900439678 -1
3900829208 1
3901194268 1
3901443478 1
3902544361 1
3902940286 1
3903059387 1
3903215682 1
3903670212 1
3903705727 1
3903865122 -1
3903978291 -1
3904004216 1
3904539056 1
3904699224 1
3905269099 -1
3905321892 -1
3905690398 -1
3905944253 1
3905951752 1
3906462915 -1
3906664543 -1
3907159317 -1
3907231391 1
3908031337 -1
3908764766 1
3909071081 1
3909085824 1
3909839402 1
3909845577 1
3909871866 1
3910094834 1
3910776345 1
3911092379 1
3911619184 1
3911675059 1
3911721621 1
3911823196 1
3912198562 1
3912329149 -1
3912440556 1
3912490029 1
3913421783 1
3913802156 1
3914011644 -1
3914106397 -1
3914141510 1
3914585149 1
3914900100 -1
3914934702 1
3914962969 -1
3915345404 1
3915645671 -1
3915759491 1
3915828251 -1
3916570931 -1
3916831301 -1
3916907556 -1
3917333660 1
3917358059 -1
3918433949 1
3918627237 -1
3919109085 1
3919402020 -1
3919922641 -1
3920163317 1
3920671346 -1
3920797605 1
3921294001 -1
3921386541 1
3921574576 -1
3921791474 1
3922381957 1
3922565136 -1
3922959158 1
3924869637 1
3925738147 1
3925903457 1
3926330559 1
3926458432 1
3926641785 -1
3927269915 -1
3927447888 1
3927763748 -1
3927890169 -1
3928052884 -1
3928349280 -1
3928356657 -1
3928370785 -1
3928927700 -1
3929460834 -1
3929643795 1
3930271342 1
3930402208 1
3930881164 -1
3930897201 1
3931170837 -1
3931749322 -1
3932111864 1
3932956324 -1
3933247082 -1
3933680826 1
3933791318 1
3934306244 1
3934857103 1
3935856746 1
3935946354 -1
3936162111 -1
3936586481 -1
3936901891 1
3937070736 -1
3937297362 -1
3937641988 1
3938772482 1
3939027520 1
3939441535 1
3939940763 1
3940111957 -1
3940999049 1
3942106755 -1
3942272340 -1
3944147421 -1
3944427232 -1
3945285328 1
3946197443 -1
3947373397 1
3947496088 1
3947581378 -1
3947992417 1
3948012278 1
3948243900 1
3950251703 -1
3951755545 1
3952253091 1
3953418361 1
3953775090 1
3954199846 1
3956009467 1
3956338321 1
3957279621 1
3957328032 1
3957494181 1
3957927701 1
3958235263 1
3958580311 -1
3959464587 -1
3959622120 1
3959938002 1
3960171524 1
3960840429 1
3961421121 -1
3962864917 1
3963736201 1
3963782168 1
3964018793 1
3964211637 1
3964774955 1
3964920325 -1
3965492891 1
3966168910 1
3966403429 1
3966856148 1
3968739426 -1
3969012177 1
3969157560 -1
3969512405 1
3969565031 1
3971178461 1
3971202108 1
3972121483 1
3972412338 -1
3972537195 1
3972763719 -1
3973327857 -1
3974067442 -1
3974966344 -1
3975161082 1
3975383684 -1
3975575110 1
3975666920 -1
3976173824 1
3976342183 1
3976424548 -1
3976871680 1
3976873687 1
3977923174 1
3979671266 -1
3980518578 1
3980782784 -1
3981732746 1
3982147821 -1
3984140785 -1
3984148521 -1
3984973770 -1
3985009120 1
3985252187 1
3986691903 1
3987141658 -1
3987318329 1
3987339248 -1
3988212257 1
3988255675 1
3988800418 -1
3988965635 -1
3989036299 -1
3989175826 -1
3989315275 -1
3990300533 -1
3990419753 1
3990421538 -1
3990465813 1
3990523292 1
3991599874 1
3991921865 -1
3992968114 1
3993069200 1
3993470364 -1
3993571719 1
3993679011 1
3993793993 1
3994019872 -1
3994180574 -1
3994205945 -1
3994241660 1
3994285780 -1
3994444540 1
3994851918 1
3995470523 -1
3995506740 1
3996177234 1
3996252057 1
3996652179 1
3997812686 1
3998224957 -1
3998675187 1
3999842735 1
3999882409 1
4000835218 -1
4001044599 1
4001051669 -1
4001362261 1
4001566823 -1
4001926536 -1
4002174195 1
4003368117 -1
4003646971 -1
4003878281 1
4004077779 -1
4004407119 1
4006465328 -1
4006637288 1
4007393276 1
4008651542 -1
4009787403 -1
4009916242 -1
4010142232 -1
4010238249 -1
4010299320 1
4010317954 -1
4010645199 -1
4010657869 1
4010685106 1
4010725218 1
4010861139 1
4014142465 -1
4014340440 -1
4014356708 1
4014829165 -1
4015421119 1
4015992849 1
4017575850 1
4017668766 1
4018104079 1
4018109852 1
4018116691 -1
4019368805 -1
4019471447 1
4019775820 1
4019777784 -1
4020431290 1
4021832346 1
4023413720 1
4023781241 1
4024995737 -1
4026878429 1
4027367979 1
4028250936 -1
4029165054 -1
4029770053 -1
4030797203 -1
4031684071 -1
4033153624 1
4034792787 1
4034869155 -1
4035472189 1
4036909298 -1
4037751550 1
4037783397 -1
4038388480 -1
4040730466 1
4040767899 1
4040831293 -1
4041138762 1
4041517123 1
4042726583 -1
4043225528 -1
4043732209 -1
4044023259 1
4044047159 1
4045233695 1
4045596689 1
4045781371 -1
4045867813 -1
4045890178 -1
4047642404 1
4048925341 -1
4049357337 -1
4049665479 1
4050321982 1
4051725119 1
4051763692 1
4052865063 1
4053107982 1
4053355508 1
4056026365 -1
4056084816 1
4056552540 1
4056568558 -1
4056601209 1
4059910781 1
4060010107 1
4060303803 -1
4061449737 -1
4061611817 1
4064343286 1
4066077269 1
4066200151 1
4067306116 -1
4067644045 -1
4067739476 1
4067832915 -1
4069156263 1
4069158834 1
4069237563 1
4069594017 -1
4070979354 -1
4071224706 -1
4071775966 1
4072692907 1
4073188316 -1
4073641107 -1
4073765295 -1
4073784809 -1
4076275708 1
4077213404 -1
4077581246 1
4077856381 -1
4078097475 1
4079771877 -1
4080150508 1
4080332452 -1
4080517247 -1
4081975816 1
4082247824 -1
4082329667 1
4082522810 1
4083254344 1
4083660149 -1
4083795055 -1
4086474746 1
4088196853 -1
4088218029 -1
4088419998 1
4088952294 1
4091101612 1
4091508182 1
4091909461 -1
4092922698 1
4095445638 1
4095926325 1
4097200274 -1
4101270889 1
4101453380 1
4102404487 -1
4103077834 1
4104198898 -1
4105018594 1
4105810861 -1
4106315934 1
4106620600 1
4107082859 -1
4107529142 1
4108211700 1
4109438963 -1
4109504874 1
4109729618 1
4111399496 1
4112294755 1
4112687934 1
4115091374 -1
4115304064 1
4115378141 1
4115672326 -1
4116716712 -1
4117188643 1
4118393930 1
4119299845 1
4119495773 1
4122243755 -1
4124707818 -1
4124898348 1
4125167645 -1
4125751597 1
4125882688 1
4127306071 1
4129347027 -1
4129846113 1
4130462138 -1
4131403496 -1
4131941506 1
4133732197 1
4133964220 -1
4134732878 1
4135370650 -1
4137540847 1
4138619676 -1
4138879787 1
4139180851 1
4139228131 -1
4139345148 1
4140048060 1
4140241484 -1
4141884605 -1
4142359972 1
4143367669 -1
4143953887 1
4144695282 1
4144925661 -1
4147295437 -1
4147426867 -1
4147702072 1
4148087193 1
4149015336 1
4149573029 1
4150507179 -1
4150738096 -1
4152965954 1
4153949925 1
4153962117 1
4154000090 1
4154323657 1
4154443034 -1
4155045160 -1
4156723903 1
4158277597 1
4159014340 1
4159251176 1
4160212144 -1
4161005093 -1
4161393991 1
4161684938 -1
4161857383 -1
4164971941 -1
4170000530 -1
4172258966 -1
4173155336 -1
4174031144 1
4174799830 -1
4175823300 -1
4177366799 -1
4178958805 -1
4179328788 -1
4183017827 1
4184480431 -1
4185613230 -1
4186220761 -1
4190733061 1
4191191777 -1
4191688716 1
4199756043 -1
4200657497 1
4203493913 1
4204166874 1
4205411473 1
4206287210 1
4209794254 1
4210066076 1
4213374995 -1
4213770870 1
4216527898 1
4217118514 1
4217483291 -1
4218071934 1
4221436919 -1
4221856442 1
4227952010 -1
4233317448 1
4233746620 -1
4234462718 1
4241262166 1
4252845915 -1
4253590010 -1
4254966962 1
4255841985 -1
4256525265 -1
4263209331 -1
4263369740 1
4263748976 -1
4265198602 -1
4266950207 -1
4285929239 1
4289606264 1
